student_id,day_of_week,meal_time,meal_type,is_weekend,class_day,assignment_deadline,temperature_c,humidity,wind_speed,rain_mm,air_quality_index,rising_time_min,sleeping_time_min,mess_duration_min
2101021,0,0,0,0,0,1,31.84,68.35,1.88,9.36,134.6,409,1382,10.0
2101024,2,1,0,0,0,0,25.43,43.51,2.51,0.0,74.6,489,1413,29.1
2101036,3,1,0,0,0,1,25.51,52.55,2.92,0.0,75.1,477,1384,27.81
2101066,6,1,0,1,1,1,29.52,63.34,3.07,0.0,120.7,516,1421,39.18
2101062,1,0,0,0,0,1,27.85,46.45,2.22,0.0,80.2,432,1424,22.2
2101156,4,0,0,0,0,1,28.35,55.54,4.07,2.21,86.4,485,1342,19.76
2101057,5,2,0,1,1,1,28.46,51.92,3.28,0.32,87.6,508,1409,56.61
2101177,3,0,0,0,1,1,34.95,69.71,3.62,1.15,99.4,466,1434,22.56
2101151,0,0,1,0,1,1,30.21,68.51,1.0,2.07,136.4,466,1425,32.9
2101188,4,0,0,0,0,0,32.14,57.73,4.03,0.56,103.8,463,1422,22.17
2101198,4,2,0,0,0,0,33.53,54.95,3.99,1.95,90.6,492,1369,37.33
2101015,6,1,0,1,1,1,29.79,64.7,1.31,0.0,133.3,426,1392,47.27
2101136,6,1,1,1,1,1,28.63,58.82,3.0,1.53,109.0,494,1329,47.32
2101173,0,0,0,0,0,1,29.94,73.37,2.57,0.38,133.8,489,1420,16.19
2101007,0,1,0,0,1,1,29.91,36.4,2.11,0.0,100.4,345,1387,30.65
2101033,5,2,0,1,1,1,28.69,56.9,4.51,2.16,73.9,407,1353,51.11
2101060,1,2,1,0,0,1,33.57,77.32,1.73,0.52,127.3,444,1390,54.65
2101042,4,1,0,0,0,1,29.13,54.85,3.5,0.0,76.8,386,1323,37.81
2101160,1,2,1,0,0,1,33.24,74.22,3.15,0.0,118.2,485,1379,47.45
2101027,0,0,0,0,0,1,27.68,39.96,2.57,2.13,91.7,441,1439,18.15
2101184,5,0,0,1,1,1,29.9,54.65,4.17,0.0,81.4,402,1362,35.02
2101072,4,0,0,0,0,0,31.84,62.4,4.06,0.11,104.0,398,1364,29.56
2101119,5,0,1,1,1,1,30.64,59.81,2.69,1.91,89.5,514,1390,24.49
2101082,4,2,0,0,0,0,31.37,61.22,3.84,1.79,108.1,371,1422,46.2
2101070,3,2,0,0,0,1,26.56,51.53,3.25,0.0,81.1,450,1439,37.19
2101173,3,0,0,0,0,1,33.3,65.78,4.62,0.0,119.6,448,1439,19.77
2101071,0,1,1,0,0,1,31.45,64.82,3.34,7.16,124.1,481,1326,39.45
2101195,6,0,0,1,1,0,30.93,55.97,2.45,1.42,107.8,477,1439,27.51
2101127,0,2,0,0,0,1,30.13,40.11,1.96,0.0,79.3,398,1352,42.58
2101072,0,0,0,0,0,1,29.18,43.95,1.96,0.0,103.7,429,1341,18.37
2101172,1,1,1,0,0,1,26.98,48.41,2.69,0.0,88.4,517,1439,35.8
2101056,1,0,1,0,0,1,26.56,43.34,2.96,1.37,90.2,403,1327,19.0
2101068,0,2,0,0,0,1,28.63,43.92,1.48,0.0,93.6,443,1397,37.96
2101177,0,2,0,0,1,1,31.29,69.89,3.86,6.17,128.2,453,1431,46.81
2101038,5,2,0,1,1,1,31.25,53.75,2.93,3.88,86.5,515,1436,53.41
2101176,4,0,1,0,0,1,26.86,56.31,4.61,0.0,96.5,379,1420,25.99
2101001,3,2,1,0,1,1,25.83,47.32,3.28,0.0,59.6,470,1376,59.81
2101002,2,0,0,0,0,0,25.94,42.17,3.62,0.0,71.9,362,1397,10.0
2101028,5,2,0,1,0,1,31.91,63.17,1.3,0.92,83.6,437,1411,61.11
2101123,0,2,0,0,1,1,30.37,65.33,2.82,7.19,116.0,398,1396,42.15
2101170,6,1,0,1,1,0,30.42,55.72,1.21,0.22,112.1,440,1420,34.18
2101169,3,1,0,0,0,1,32.52,64.0,4.22,0.0,109.9,360,1331,33.01
2101125,5,2,0,1,1,1,28.86,58.81,2.14,0.0,85.5,492,1436,64.05
2101128,2,0,0,0,0,1,32.04,80.58,3.71,0.26,125.3,442,1323,16.61
2101198,5,0,0,1,1,1,29.94,54.23,2.87,0.05,76.4,489,1341,29.46
2101189,2,1,0,0,0,0,26.3,42.49,3.42,3.29,82.2,421,1384,38.99
2101014,1,0,1,0,1,1,33.06,79.26,1.33,0.6,125.1,450,1344,26.87
2101112,0,2,0,0,0,1,32.0,72.12,1.47,0.0,125.3,462,1367,43.14
2101073,6,2,0,1,1,0,31.62,53.89,2.51,0.0,102.3,452,1434,38.82
2101027,0,1,1,0,0,1,31.98,68.18,1.57,0.0,148.9,402,1400,41.0
2101159,2,0,0,0,1,1,30.92,74.52,2.6,0.0,127.3,477,1435,24.35
2101108,0,2,0,0,0,1,29.74,45.47,2.48,0.64,99.9,426,1368,47.21
2101132,0,1,1,0,0,1,31.58,70.42,2.76,8.15,132.7,414,1399,36.1
2101103,6,0,1,1,1,0,30.55,51.03,3.26,0.0,109.1,458,1434,21.29
2101014,5,1,1,1,1,1,28.16,59.14,3.08,0.0,82.0,496,1324,52.08
2101173,6,2,0,1,1,1,28.93,61.21,2.23,0.93,115.5,511,1427,51.99
2101080,5,0,0,1,1,1,29.6,60.68,3.4,0.0,100.0,440,1384,25.56
2101044,2,2,1,0,1,0,26.94,40.97,3.23,0.0,73.6,402,1420,42.46
2101127,6,1,1,1,1,0,30.98,49.32,3.03,0.0,85.1,425,1390,34.73
2101061,0,2,1,0,0,1,28.74,39.83,2.83,0.0,103.9,422,1352,38.68
2101137,3,2,0,0,0,1,33.94,66.52,3.09,0.0,109.2,441,1439,43.11
2101102,0,2,1,0,0,1,29.78,42.83,2.07,0.0,72.3,498,1412,41.83
2101090,5,1,0,1,0,1,30.53,57.92,1.48,1.73,85.4,444,1410,45.02
2101020,3,1,1,0,0,1,33.77,63.13,4.08,0.0,108.8,471,1372,37.94
2101038,0,2,1,0,0,1,30.49,69.51,2.43,8.44,103.8,485,1405,47.67
2101173,0,0,0,0,0,1,31.27,66.51,1.48,0.22,135.6,442,1417,18.92
2101193,1,0,1,0,0,1,32.53,75.06,2.64,0.43,124.4,500,1366,23.09
2101110,2,1,0,0,0,1,31.42,74.31,2.73,3.59,148.7,498,1379,37.13
2101093,0,2,0,0,0,1,30.82,72.38,2.93,5.65,131.9,426,1335,48.29
2101036,3,2,0,0,0,1,27.13,53.96,2.05,3.06,72.5,478,1362,46.41
2101143,6,2,0,1,1,1,28.89,62.35,2.75,0.0,106.9,502,1439,41.19
2101129,3,0,1,0,0,1,33.68,63.47,3.86,0.0,119.4,361,1326,25.32
2101107,3,0,0,0,0,1,26.82,53.05,2.07,1.02,81.9,448,1332,10.8
2101054,5,0,0,1,1,1,31.13,60.54,2.48,1.3,103.5,545,1369,30.73
2101017,0,2,0,0,0,1,29.14,45.7,2.09,1.36,82.9,353,1436,45.82
2101193,0,1,1,0,0,1,32.05,75.91,2.6,0.0,133.7,505,1385,40.24
2101048,2,0,0,0,0,0,26.53,43.87,1.83,0.0,81.7,409,1376,20.23
2101130,5,2,0,1,1,1,30.79,54.99,3.05,1.38,105.9,456,1437,42.87
2101013,2,1,0,0,0,0,27.72,42.12,3.42,3.07,69.2,320,1387,39.08
2101136,2,2,1,0,0,1,32.57,80.17,3.46,0.0,132.3,407,1325,53.66
2101038,1,1,0,0,0,1,27.82,47.75,2.15,1.59,90.1,494,1411,31.34
2101140,4,0,0,0,1,0,32.1,63.25,3.55,0.65,92.9,457,1320,24.23
2101040,0,2,1,0,0,1,31.58,64.8,3.92,8.5,131.5,425,1286,47.88
2101099,6,0,0,1,1,1,29.73,61.65,2.49,0.0,136.3,486,1395,28.36
2101083,2,0,1,0,1,1,32.65,79.24,3.61,0.0,121.5,400,1322,32.78
2101102,0,2,0,0,0,1,29.45,42.15,1.32,1.81,96.5,495,1405,34.56
2101065,0,1,0,0,1,1,30.3,69.8,3.1,4.0,127.9,496,1305,36.53
2101068,5,1,0,1,1,1,28.66,57.89,2.51,0.0,94.1,515,1390,44.18
2101073,3,0,0,0,0,1,26.81,47.33,3.33,0.89,74.6,405,1436,24.66
2101127,2,2,0,0,0,0,27.11,36.58,1.81,0.0,89.1,378,1423,41.34
2101163,0,1,0,0,0,1,31.02,73.15,1.8,1.95,160.0,435,1405,35.94
2101073,4,2,0,0,0,1,27.81,45.93,4.31,2.55,94.6,388,1438,45.45
2101005,0,1,0,0,0,1,30.2,47.83,2.86,0.0,97.5,447,1374,31.91
2101039,1,2,0,0,0,1,31.95,73.46,1.82,0.07,126.2,425,1439,49.59
2101021,3,2,0,0,0,1,33.82,63.33,2.97,0.0,118.7,391,1439,38.1
2101126,1,2,0,0,0,1,26.84,46.69,2.84,0.0,93.1,426,1365,40.38
2101161,3,0,1,0,1,1,26.35,52.11,3.14,0.0,60.7,429,1373,33.08
2101043,0,2,0,0,0,1,29.96,42.49,1.73,1.43,85.6,503,1375,45.11
2101107,2,1,0,0,0,0,26.16,40.56,3.0,2.41,69.5,407,1328,24.96
2101096,6,1,0,1,1,1,27.91,62.94,2.64,0.09,98.0,412,1434,44.39
2101088,3,0,0,0,0,1,26.74,54.06,2.98,0.11,82.5,476,1398,21.28
2101177,5,1,0,1,1,1,32.76,56.17,2.18,0.58,103.8,500,1439,47.71
2101054,2,0,0,0,0,0,25.45,47.86,2.3,0.0,65.3,464,1381,15.64
2101125,1,0,1,0,0,1,27.74,45.87,1.96,0.74,75.8,452,1387,24.16
2101108,1,2,1,0,0,1,33.97,76.19,2.39,0.0,135.3,417,1401,54.78
2101175,0,2,1,0,0,1,30.84,71.08,1.79,0.0,130.5,485,1387,45.08
2101045,2,1,0,0,1,0,26.54,39.0,3.23,1.33,60.7,522,1368,25.6
2101186,5,2,0,1,1,1,31.45,66.46,2.24,0.0,100.5,470,1431,47.55
2101171,1,0,0,0,0,1,26.84,50.45,2.67,0.0,95.2,424,1438,16.79
2101090,4,2,1,0,0,0,31.49,63.76,4.18,0.0,108.8,416,1428,48.68
2101164,3,0,0,0,1,1,33.9,63.77,4.01,0.56,123.1,457,1356,23.2
2101129,2,1,0,0,0,1,31.64,79.09,2.77,0.0,122.1,340,1370,32.0
2101065,5,0,0,1,1,1,30.58,58.85,3.43,0.0,87.9,545,1298,21.83
2101170,5,1,0,1,1,1,29.02,57.67,3.74,0.0,82.7,448,1369,35.42
2101005,6,1,1,1,1,0,31.42,53.25,2.29,1.69,107.3,464,1424,38.96
2101028,5,1,0,1,1,1,30.65,59.58,1.65,0.5,93.0,436,1403,47.62
2101177,1,1,1,0,1,1,27.31,47.07,2.32,0.0,81.0,458,1431,43.29
2101158,0,0,1,0,0,1,30.25,63.8,3.07,5.73,135.4,442,1227,28.48
2101060,5,1,0,1,0,1,31.78,57.16,2.23,0.02,90.1,479,1367,42.06
2101197,1,2,0,0,0,1,28.34,50.85,1.52,0.0,80.4,402,1339,36.89
2101131,6,1,1,1,1,0,30.46,50.08,2.07,0.77,96.4,438,1357,40.47
2101049,2,1,1,0,1,0,26.66,39.6,2.71,1.69,54.7,497,1350,37.03
2101171,6,0,0,1,1,0,31.93,51.13,2.46,0.19,100.9,455,1439,24.51
2101198,2,1,1,0,0,0,26.09,42.23,3.87,0.0,67.1,480,1351,27.77
2101159,1,2,0,0,0,1,27.96,45.62,1.95,1.98,74.4,442,1426,47.38
2101125,3,1,1,0,0,1,26.78,47.94,3.31,0.0,76.5,435,1432,44.65
2101172,0,0,0,0,0,1,32.21,66.98,3.11,8.67,141.8,521,1417,13.12
2101161,2,2,1,0,1,1,30.83,73.43,3.36,0.0,128.9,433,1365,55.18
2101098,1,2,0,0,0,1,28.49,45.64,2.85,0.48,82.7,395,1343,47.46
2101151,6,1,1,1,1,0,31.12,53.17,3.01,0.0,104.9,467,1439,37.89
2101168,5,0,0,1,1,1,31.24,58.5,2.04,0.0,100.6,454,1403,33.12
2101007,3,2,0,0,0,1,34.85,66.26,2.47,0.44,109.9,353,1364,39.82
2101092,0,0,1,0,0,1,32.31,65.28,1.72,0.59,134.4,471,1359,19.38
2101187,6,2,1,1,1,0,30.74,54.37,0.96,0.0,102.4,384,1364,46.58
2101053,5,1,0,1,0,1,29.47,52.95,3.49,0.0,73.7,453,1381,33.08
2101123,1,1,0,0,1,1,33.65,71.55,2.27,0.29,143.2,408,1376,31.87
2101096,6,2,0,1,1,0,30.41,52.13,2.99,1.07,94.9,402,1439,60.45
2101117,0,0,0,0,0,1,31.34,71.4,2.56,8.42,131.8,463,1356,17.31
2101067,0,0,0,0,0,1,31.14,69.63,2.8,8.26,132.5,361,1426,29.66
2101127,3,2,0,0,0,1,34.14,66.09,3.11,1.32,108.4,388,1362,47.7
2101153,0,2,0,0,0,1,30.94,71.14,1.33,0.34,162.5,459,1326,38.85
2101147,3,2,0,0,0,1,27.99,54.77,3.31,0.95,80.7,409,1334,41.75
2101166,0,0,0,0,0,1,31.6,68.48,1.71,0.02,156.8,408,1302,30.77
2101051,4,0,0,0,0,0,31.68,56.92,3.29,1.46,107.1,432,1420,14.72
2101029,0,1,0,0,1,1,30.64,41.57,2.67,0.93,92.7,474,1416,38.25
2101108,6,2,0,1,1,1,28.32,66.35,2.38,1.64,115.3,472,1422,58.35
2101033,1,2,0,0,0,1,33.82,76.14,1.23,0.0,125.4,373,1340,55.25
2101125,2,2,0,0,0,0,25.38,41.04,2.28,0.0,75.5,439,1439,42.0
2101077,0,1,1,0,1,1,29.64,45.87,2.81,0.0,92.6,369,1347,44.23
2101143,1,2,0,0,0,1,33.76,74.04,2.44,0.05,127.9,505,1429,40.83
2101093,5,0,0,1,1,1,29.47,50.1,3.28,0.44,107.8,470,1381,28.14
2101112,5,0,1,1,1,1,30.17,52.49,2.73,0.0,85.7,503,1400,24.24
2101191,0,1,0,0,0,1,29.0,39.58,1.59,1.75,90.4,384,1332,29.95
2101126,0,0,1,0,0,1,29.24,65.39,3.01,6.22,121.7,438,1366,30.92
2101188,2,2,0,0,0,0,25.63,44.22,1.28,0.0,105.7,448,1402,47.62
2101049,6,2,0,1,1,1,29.19,61.32,2.02,0.11,118.1,513,1335,49.77
2101193,0,0,0,0,0,1,30.61,67.35,2.91,6.58,122.8,483,1348,24.57
2101043,1,0,0,0,0,1,27.9,44.08,1.74,0.04,79.9,511,1407,11.98
2101146,4,0,0,0,0,0,32.04,65.02,3.58,0.78,102.0,432,1371,29.35
2101010,2,0,1,0,0,1,32.09,73.22,2.9,3.24,126.7,460,1430,28.91
2101135,1,1,1,0,0,1,26.15,46.28,2.19,0.0,75.7,470,1406,41.55
2101176,2,1,1,0,0,1,33.18,77.7,3.37,0.0,134.5,391,1424,36.66
2101054,4,2,1,0,0,1,27.27,47.31,3.29,0.0,98.3,485,1332,53.31
2101032,6,1,1,1,1,1,30.5,65.22,3.67,0.0,138.5,438,1439,48.64
2101075,3,2,0,0,1,1,35.22,67.56,4.0,0.0,128.6,520,1415,53.48
2101014,1,2,1,0,0,1,27.45,46.03,1.9,1.52,65.9,474,1373,49.05
2101001,0,2,0,0,0,1,32.48,68.07,2.08,0.0,129.9,458,1375,59.85
2101086,2,0,0,0,0,1,30.5,77.89,2.24,0.25,138.0,444,1371,20.15
2101166,5,1,1,1,1,1,30.82,52.62,2.91,1.53,97.0,464,1342,54.93
2101081,6,2,0,1,1,1,28.16,65.29,2.61,0.0,97.1,465,1289,53.03
2101055,0,2,0,0,1,1,30.61,73.23,2.38,8.51,127.6,430,1413,51.72
2101045,2,0,1,0,0,0,25.44,46.58,1.52,0.24,80.3,517,1413,13.28
2101016,1,2,1,0,1,1,27.91,50.11,2.53,0.32,100.0,484,1358,49.68
2101079,1,2,0,0,0,1,28.14,49.61,2.01,0.0,72.7,498,1325,35.38
2101063,0,0,0,0,0,1,31.55,77.15,1.74,0.0,140.4,463,1355,24.1
2101090,5,0,0,1,1,1,31.1,58.56,1.3,0.0,87.2,444,1435,36.03
2101065,0,0,1,0,1,1,29.72,75.94,2.57,8.61,127.9,501,1271,17.95
2101118,6,1,0,1,1,0,29.48,55.04,3.08,0.0,96.8,398,1374,44.07
2101145,3,0,0,0,0,1,33.71,73.85,3.66,0.73,115.1,513,1434,18.58
2101003,3,0,0,0,1,1,35.3,67.47,3.82,0.0,126.7,481,1381,29.42
2101002,3,0,1,0,0,1,25.75,53.67,2.4,0.88,73.5,399,1387,19.94
2101056,0,0,0,0,0,1,32.28,73.34,1.68,1.03,137.1,404,1332,21.83
2101046,0,1,0,0,0,1,30.12,69.42,2.72,6.69,100.3,477,1322,37.27
2101018,6,0,0,1,1,1,29.79,63.91,2.62,0.0,121.3,553,1428,19.3
2101179,1,1,1,0,0,1,28.18,42.95,1.49,0.0,72.7,509,1434,35.45
2101018,0,2,1,0,0,1,28.92,44.65,2.17,0.34,88.1,454,1432,45.69
2101171,4,0,0,0,0,1,27.21,50.97,3.22,1.7,76.1,427,1409,24.25
2101014,1,1,0,0,0,1,26.9,46.52,2.3,0.47,80.4,479,1348,40.1
2101126,0,2,0,0,0,1,30.77,44.83,2.02,0.0,87.7,437,1351,47.59
2101077,4,0,0,0,0,0,32.41,56.54,3.81,0.0,104.3,305,1363,23.92
2101112,6,2,0,1,1,0,31.49,50.32,1.54,1.69,106.6,463,1425,40.54
2101104,4,2,1,0,0,1,27.48,55.78,3.25,0.92,84.3,471,1430,48.0
2101045,0,0,0,0,0,1,30.3,66.92,1.11,0.3,150.5,538,1338,19.11
2101021,0,2,1,0,0,1,31.53,69.95,2.14,0.0,158.2,411,1431,38.28
2101175,3,0,1,0,0,1,26.71,50.66,2.15,0.0,87.6,445,1411,28.49
2101146,5,2,0,1,1,1,30.88,59.95,2.76,0.0,107.0,481,1360,66.92
2101152,5,1,0,1,1,1,28.72,51.6,2.95,0.06,81.4,517,1433,42.24
2101123,0,0,0,0,0,1,32.11,74.81,0.99,0.0,132.0,392,1339,22.57
2101103,6,0,0,1,1,1,28.91,66.94,2.07,0.0,101.7,441,1439,22.6
2101170,1,1,0,0,0,1,33.36,77.68,1.54,1.26,127.2,412,1356,24.41
2101033,6,2,0,1,1,0,31.36,42.99,2.92,0.0,106.5,404,1375,49.15
2101121,0,0,0,0,0,1,28.94,69.88,3.25,8.24,129.8,483,1390,18.12
2101043,1,1,0,0,0,1,33.13,81.3,2.56,0.0,122.8,464,1385,37.46
2101130,2,0,0,0,0,0,25.78,42.99,1.88,0.93,79.8,444,1439,10.0
2101076,3,1,0,0,0,1,25.33,51.87,3.91,0.41,76.1,379,1337,36.98
2101086,6,0,1,1,0,0,31.14,53.08,3.04,2.02,106.2,484,1417,21.18
2101066,1,2,0,0,0,1,32.96,75.47,1.83,0.84,123.1,445,1421,45.83
2101119,0,1,0,0,1,1,30.51,42.53,3.09,0.0,77.1,488,1353,32.97
2101013,6,2,1,1,1,0,32.4,57.46,3.25,0.04,106.3,367,1419,59.25
2101154,6,0,0,1,0,1,29.02,65.89,1.37,0.0,113.9,496,1357,32.74
2101081,3,0,0,0,0,1,25.78,47.04,2.77,0.79,75.3,440,1308,19.43
2101196,5,0,1,1,1,1,30.81,56.63,1.95,0.0,95.9,530,1407,33.87
2101090,0,1,0,0,0,1,32.33,74.78,1.69,0.0,160.0,423,1402,40.78
2101025,1,2,0,0,0,1,27.81,47.73,2.65,0.11,80.8,400,1406,51.28
2101058,4,1,0,0,0,0,31.97,60.69,4.35,0.42,115.6,451,1362,40.41
2101092,3,1,1,0,0,1,27.11,53.3,2.37,2.89,55.2,468,1415,30.81
2101077,5,2,0,1,1,1,29.74,63.0,3.15,0.25,87.2,412,1330,54.65
2101053,5,0,0,1,1,1,31.03,62.49,1.76,0.1,89.1,483,1374,22.22
2101067,6,0,0,1,1,1,30.0,58.02,2.69,0.48,118.8,410,1422,32.56
2101146,0,2,0,0,1,1,28.78,41.0,2.5,0.53,91.4,414,1364,52.06
2101075,0,2,1,0,0,1,29.2,39.86,2.22,0.0,85.2,502,1439,48.53
2101031,4,0,0,0,1,1,26.98,47.75,4.19,0.25,102.1,519,1327,22.93
2101124,4,0,0,0,0,1,28.73,51.01,3.72,0.0,71.4,437,1342,18.81
2101148,6,1,1,1,0,1,27.92,62.18,2.41,0.85,115.6,515,1419,37.7
2101099,0,2,1,0,0,1,30.85,65.71,3.44,7.71,118.1,440,1390,46.66
2101145,2,0,1,0,0,1,31.23,77.19,2.95,0.0,110.3,515,1439,18.48
2101040,6,2,0,1,0,0,32.69,51.29,1.86,0.62,104.9,455,1371,43.72
2101029,0,1,0,0,0,1,31.75,70.17,2.21,7.03,126.4,477,1439,38.62
2101159,4,2,1,0,0,0,33.94,64.33,4.53,0.31,111.7,449,1413,49.73
2101158,0,1,0,0,0,1,31.81,72.28,1.32,0.95,142.3,436,1252,36.83
2101103,1,1,1,0,0,1,27.16,51.67,2.39,0.25,85.0,406,1429,27.48
2101097,4,1,0,0,0,1,29.44,54.53,3.36,1.04,91.1,511,1379,25.79
2101092,4,2,0,0,1,1,28.37,51.41,3.65,0.21,85.4,455,1377,46.7
2101044,5,1,1,1,0,1,29.19,54.59,3.13,0.0,73.4,460,1353,40.38
2101142,2,2,1,0,0,0,25.67,36.3,2.59,0.27,58.5,421,1439,45.21
2101076,2,2,0,0,1,1,31.28,76.57,3.55,1.66,133.0,419,1329,52.34
2101150,5,0,0,1,1,1,29.3,51.41,2.68,0.0,88.0,520,1341,25.35
2101088,6,2,0,1,1,0,32.44,61.65,2.7,2.3,108.1,475,1439,47.86
2101169,5,1,0,1,1,1,29.12,51.34,2.46,0.16,75.1,420,1371,47.32
2101169,5,0,1,1,1,1,30.24,59.19,3.63,4.55,87.8,402,1337,44.58
2101162,0,0,0,0,1,1,32.16,67.19,2.38,9.25,125.0,511,1431,18.55
2101054,0,0,0,0,1,1,31.37,71.52,1.54,0.07,156.7,491,1338,29.18
2101134,5,1,0,1,1,1,28.68,51.95,2.8,0.0,77.9,422,1387,44.58
2101150,2,0,1,0,1,0,25.58,41.77,3.14,0.0,77.6,472,1328,10.12
2101144,0,1,0,0,0,1,29.67,40.82,1.8,0.0,82.8,477,1408,23.35
2101175,4,2,0,0,0,1,28.24,48.64,3.76,2.74,96.2,487,1415,44.0
2101032,0,2,0,0,0,1,30.16,66.67,2.96,7.81,118.2,408,1401,53.77
2101131,0,2,1,0,0,1,30.07,37.54,2.09,0.71,94.4,414,1298,47.14
2101140,1,0,0,0,1,1,34.07,81.74,2.57,0.9,123.8,453,1282,26.71
2101072,3,0,1,0,0,1,26.72,49.32,2.81,0.52,76.2,422,1345,31.34
2101051,3,2,0,0,0,1,33.79,64.59,2.69,0.0,127.2,473,1419,43.86
2101113,3,2,0,0,1,1,33.67,68.49,3.06,0.5,117.9,549,1276,47.05
2101052,2,2,0,0,0,1,32.26,82.03,3.22,1.08,147.4,377,1263,45.35
2101118,2,0,1,0,1,1,32.61,72.2,1.92,0.0,127.4,425,1356,31.48
2101024,6,2,1,1,0,1,29.19,57.98,2.67,0.0,134.4,541,1369,48.13
2101079,5,1,0,1,1,1,31.44,57.9,2.42,0.0,100.9,513,1372,45.91
2101079,1,1,1,0,0,1,32.62,78.8,2.2,0.0,130.3,495,1326,33.8
2101146,2,1,1,0,0,1,32.36,74.22,2.39,1.9,120.4,398,1338,44.3
2101004,5,1,1,1,1,1,32.88,55.75,2.03,2.15,89.6,499,1437,50.22
2101073,5,2,0,1,0,1,30.97,56.89,2.68,2.14,103.7,423,1439,47.85
2101131,4,2,0,0,0,0,31.48,63.1,3.59,0.0,94.4,413,1316,37.07
2101099,0,0,0,0,0,1,31.57,68.74,2.79,6.99,120.9,410,1388,22.13
2101149,5,2,0,1,1,1,28.63,56.76,3.06,0.0,87.2,485,1414,48.3
2101173,1,0,1,0,0,1,25.65,45.04,3.18,1.23,101.9,459,1439,15.93
2101155,0,1,0,0,0,1,30.57,72.62,3.19,8.52,116.9,478,1412,33.27
2101067,5,1,0,1,1,1,31.59,62.01,1.79,0.33,85.1,401,1405,38.87
2101026,2,2,1,0,0,1,32.2,75.08,3.15,1.28,136.5,372,1373,48.18
2101018,4,0,0,0,0,0,32.7,59.42,2.84,0.0,96.0,471,1439,10.73
2101128,1,1,0,0,0,1,33.77,71.94,2.69,1.12,128.3,493,1313,37.37
2101026,0,0,0,0,0,1,30.96,68.59,4.23,8.26,147.5,399,1381,21.73
2101167,3,2,0,0,0,1,32.8,68.72,3.34,1.27,120.3,542,1339,48.91
2101116,6,1,0,1,0,0,30.71,50.5,2.01,1.05,89.8,412,1439,29.96
2101008,3,2,0,0,0,1,33.69,64.4,3.72,0.53,114.0,441,1333,45.49
2101158,0,2,0,0,0,1,30.57,69.9,3.76,6.7,109.9,448,1262,48.18
2101039,2,0,1,0,0,1,31.15,75.84,3.32,0.0,122.3,389,1439,29.3
2101198,0,2,1,0,0,1,29.29,44.82,1.79,0.0,82.7,477,1344,50.29
2101054,0,2,0,0,0,1,31.88,67.57,3.2,8.99,129.9,512,1351,50.14
2101110,0,2,0,0,0,1,28.45,49.19,1.67,0.0,87.3,512,1397,45.45
2101092,6,2,0,1,1,1,27.34,69.16,2.88,2.09,110.1,487,1375,56.93
2101071,6,2,1,1,1,1,29.2,61.98,2.35,0.0,122.0,503,1365,51.26
2101035,4,2,0,0,0,1,28.2,48.57,4.19,0.0,77.0,502,1364,45.73
2101013,4,2,0,0,1,1,27.43,48.44,2.46,0.41,95.2,371,1370,54.42
2101108,1,0,1,0,0,1,27.09,41.72,2.89,0.0,88.1,428,1399,30.45
2101196,1,2,0,0,0,1,27.79,41.69,1.86,1.04,83.2,486,1395,47.23
2101069,5,2,0,1,1,1,28.67,52.71,3.52,0.0,78.3,510,1432,48.16
2101060,6,2,1,1,1,0,31.73,54.23,2.64,1.41,87.0,468,1436,48.99
2101131,0,2,0,0,0,1,31.36,70.77,3.75,8.18,130.2,421,1300,50.09
2101199,6,2,1,1,1,1,29.33,69.79,2.4,1.78,133.1,430,1330,48.08
2101106,5,1,1,1,0,1,32.27,63.71,2.69,0.0,82.3,510,1410,41.96
2101193,6,0,0,1,1,0,30.28,50.88,1.3,1.7,99.1,503,1394,22.47
2101137,3,0,0,0,0,1,26.23,54.14,3.12,0.0,76.4,421,1439,16.4
2101159,6,0,1,1,1,1,30.47,62.29,2.84,0.54,109.0,501,1407,22.73
2101050,1,0,0,0,0,1,34.23,75.62,2.87,1.12,136.3,523,1389,28.55
2101110,1,2,0,0,0,1,34.49,74.23,2.02,0.32,125.0,503,1382,52.02
2101141,3,2,1,0,1,1,33.71,69.35,3.12,0.0,119.5,410,1336,46.7
2101073,6,0,0,1,0,0,31.76,54.83,2.17,0.74,113.0,426,1434,23.92
2101147,2,1,0,0,0,1,31.68,74.71,3.4,0.0,121.2,394,1348,36.94
2101077,0,2,0,0,0,1,29.46,39.16,2.48,1.05,93.1,330,1301,41.82
2101144,1,2,0,0,0,1,27.85,44.83,2.75,0.0,75.2,467,1392,49.26
2101091,0,1,0,0,0,1,30.53,70.67,3.17,8.34,121.1,379,1361,34.84
2101014,4,2,0,0,0,1,28.12,53.73,4.74,0.0,90.6,481,1353,44.33
2101020,3,0,1,0,0,1,34.53,69.19,3.96,1.14,148.8,449,1368,15.95
2101189,4,2,0,0,0,1,29.3,51.92,3.59,0.0,86.5,453,1367,51.77
2101127,5,2,0,1,1,1,29.38,53.28,3.4,0.97,103.1,446,1365,46.5
2101115,3,1,0,0,0,1,25.84,53.0,2.3,0.0,56.2,436,1362,30.94
2101154,3,0,0,0,0,1,25.4,48.68,2.28,0.0,60.6,438,1306,30.99
2101055,4,0,0,0,1,0,33.36,64.51,3.81,0.08,86.2,432,1410,22.81
2101073,3,1,1,0,0,1,26.81,54.53,2.1,1.61,59.5,415,1433,33.03
2101087,2,0,0,0,0,1,32.28,78.46,4.56,0.0,139.9,353,1337,31.95
2101131,2,0,0,0,0,0,26.84,43.75,2.43,0.0,70.0,396,1302,16.68
2101104,6,0,0,1,1,1,29.06,70.13,2.66,0.0,116.9,516,1439,27.62
2101055,0,2,0,0,0,1,30.28,72.97,3.03,8.55,131.2,438,1408,46.15
2101104,4,1,0,0,1,0,31.7,56.3,2.99,0.0,94.4,473,1426,34.88
2101075,4,1,0,0,0,0,31.68,64.17,4.08,1.23,115.1,481,1439,33.35
2101050,2,1,0,0,0,0,24.83,36.33,2.72,1.68,67.3,522,1421,35.37
2101039,5,2,0,1,1,1,31.67,57.63,2.02,0.32,87.0,458,1439,57.0
2101053,3,0,0,0,0,1,25.81,47.83,3.04,0.97,78.4,472,1382,11.05
2101108,3,0,0,0,0,1,35.18,64.85,5.33,1.18,123.1,403,1392,25.23
2101073,2,1,0,0,0,1,31.1,78.16,3.51,0.0,131.1,429,1417,34.04
2101085,0,2,0,0,0,1,33.11,69.09,1.46,0.0,140.2,417,1432,46.45
2101156,0,1,1,0,0,1,29.03,44.74,2.28,0.8,92.1,479,1376,33.23
2101139,3,2,1,0,0,1,34.46,67.94,2.74,2.89,121.6,364,1394,42.41
2101088,4,2,0,0,1,0,31.33,61.71,3.8,0.0,82.5,466,1418,44.6
2101115,6,1,0,1,1,1,28.81,63.4,1.98,0.0,117.3,490,1393,38.5
2101008,5,2,0,1,1,1,28.77,46.91,2.49,1.73,83.4,481,1389,56.65
2101082,5,2,0,1,0,1,28.78,54.2,2.86,0.0,79.7,358,1400,48.97
2101090,1,0,1,0,0,1,27.56,46.97,2.92,1.0,80.5,385,1422,26.32
2101060,1,1,1,0,1,1,34.15,77.83,2.37,0.5,130.2,430,1430,41.93
2101041,4,0,1,0,0,1,27.86,47.03,3.19,0.0,102.3,376,1347,23.16
2101148,2,1,0,0,0,0,26.37,45.04,2.79,0.0,77.9,477,1415,23.67
2101003,6,0,0,1,1,1,28.53,66.24,2.44,0.57,98.9,505,1413,31.32
2101195,0,2,0,0,0,1,28.96,41.53,2.03,0.42,85.7,493,1390,34.41
2101195,2,0,0,0,0,1,33.47,78.53,3.22,0.68,128.6,453,1377,13.23
2101125,1,2,0,0,0,1,26.16,44.89,3.29,0.9,88.7,457,1425,46.0
2101059,6,2,1,1,1,0,30.99,51.8,2.4,0.0,100.5,454,1425,44.37
2101059,2,1,1,0,0,0,25.32,44.12,2.27,0.48,74.7,371,1439,19.13
2101107,5,1,0,1,1,1,30.98,64.31,1.99,0.0,98.1,469,1368,38.64
2101134,4,2,0,0,0,0,32.52,61.21,4.45,1.17,106.7,384,1396,38.01
2101072,1,1,0,0,0,1,35.43,78.76,2.27,0.0,133.7,413,1318,36.53
2101088,0,0,0,0,0,1,31.85,70.39,3.18,8.88,130.9,475,1405,16.21
2101011,4,0,1,0,0,1,30.08,49.15,4.17,0.0,89.8,417,1337,21.31
2101177,6,1,0,1,1,0,31.86,50.69,2.24,1.62,110.4,479,1429,40.05
2101180,3,1,0,0,0,1,33.29,57.9,2.73,2.45,114.0,399,1332,38.17
2101053,2,2,1,0,0,0,26.63,45.61,2.82,2.06,73.7,438,1412,45.23
2101187,6,0,0,1,1,0,31.46,51.52,2.41,0.0,98.8,352,1372,25.56
2101169,2,0,0,0,0,0,25.96,40.03,1.9,0.18,64.9,395,1403,22.73
2101038,1,2,0,0,0,1,33.81,82.18,2.67,0.58,117.3,482,1422,42.24
2101031,2,2,1,0,0,1,32.15,80.34,3.49,0.36,125.4,483,1334,48.39
2101084,4,2,0,0,1,1,27.12,48.7,3.66,0.0,78.9,414,1298,41.78
2101138,0,0,1,0,0,1,31.37,69.98,1.65,0.0,136.6,394,1430,20.16
2101075,3,1,0,0,0,1,26.04,48.41,2.71,0.37,72.3,477,1426,43.25
2101146,6,2,1,1,1,0,31.54,50.76,3.2,0.06,98.6,461,1365,53.54
2101034,0,2,1,0,1,1,30.71,68.42,1.81,2.35,151.4,515,1439,50.85
2101185,4,1,1,0,0,1,27.8,51.97,3.37,2.18,88.9,417,1421,34.05
2101132,3,1,0,0,1,1,26.32,56.39,2.44,0.0,70.6,457,1373,36.24
2101050,5,1,0,1,1,1,28.81,54.97,3.92,0.0,89.4,571,1417,42.12
2101156,6,0,0,1,1,1,30.28,60.84,1.67,0.89,98.0,480,1382,26.64
2101082,3,2,0,0,0,1,26.06,52.61,2.57,1.35,63.8,371,1385,42.85
2101152,5,1,0,1,1,1,30.22,54.41,3.82,0.15,91.2,528,1439,37.55
2101140,1,1,1,0,1,1,31.95,76.71,2.31,0.7,144.8,459,1285,44.43
2101135,6,2,0,1,1,1,28.55,65.28,3.36,0.0,134.9,486,1398,51.24
2101025,6,2,0,1,1,1,28.78,66.34,1.65,2.63,122.0,437,1381,57.25
2101004,3,2,0,0,0,1,24.57,52.46,2.45,0.0,73.1,471,1412,49.38
2101140,5,0,0,1,0,1,29.56,57.89,2.99,1.11,64.3,472,1304,22.25
2101046,4,2,0,0,0,1,28.17,53.5,4.1,0.4,87.9,439,1352,47.15
2101014,6,1,1,1,1,1,27.97,62.32,2.39,0.0,105.3,507,1366,43.84
2101103,6,1,1,1,1,1,29.96,64.16,2.89,1.07,117.6,460,1439,39.96
2101186,0,1,0,0,0,1,28.74,42.05,1.87,1.68,91.2,437,1439,30.04
2101140,5,0,1,1,1,1,28.76,53.27,4.02,0.0,83.0,503,1280,32.63
2101060,6,2,1,1,1,1,28.72,63.75,1.0,0.99,125.2,481,1429,51.19
2101077,4,1,0,0,0,0,32.69,62.13,4.31,0.76,104.4,343,1357,31.34
2101139,0,0,1,0,0,1,32.74,72.88,2.07,1.13,138.4,383,1380,18.59
2101090,2,2,1,0,1,1,30.94,77.6,3.01,1.0,119.9,381,1412,57.4
2101112,0,1,0,0,0,1,31.76,69.23,1.35,0.0,147.2,427,1352,35.06
2101168,6,0,0,1,1,0,30.71,51.11,2.98,0.0,104.3,436,1433,31.67
2101012,0,1,1,0,0,1,31.8,74.55,2.64,0.0,146.7,430,1363,34.24
2101005,3,0,0,0,0,1,33.12,66.17,3.16,0.0,114.5,425,1383,19.85
2101178,3,1,1,0,0,1,31.79,64.85,4.4,0.0,105.8,464,1367,24.67
2101054,3,2,1,0,0,1,27.35,53.73,2.89,0.0,60.7,481,1352,41.23
2101164,3,0,0,0,0,1,33.16,71.11,3.3,0.0,125.3,470,1333,18.66
2101058,0,2,0,0,0,1,30.2,70.35,2.73,5.53,125.9,448,1337,45.89
2101169,2,1,0,0,0,1,30.61,78.25,3.04,1.5,106.9,387,1307,33.06
2101198,0,0,1,0,0,1,30.56,65.79,2.46,8.4,117.6,449,1321,16.66
2101184,1,0,0,0,0,1,27.16,46.93,3.38,0.95,82.7,406,1341,28.97
2101046,3,0,1,0,0,1,34.41,63.88,2.1,0.32,116.5,422,1359,21.67
2101103,0,0,1,0,0,1,32.67,77.12,0.47,0.0,139.8,440,1439,10.04
2101010,4,0,1,0,0,0,32.17,57.02,4.24,0.0,111.1,479,1417,33.32
2101054,1,2,1,0,1,1,28.0,48.0,2.21,0.73,86.9,526,1381,53.22
2101083,1,1,0,0,0,1,32.86,77.78,1.53,0.0,140.9,393,1319,38.15
2101008,2,0,1,0,0,1,31.22,75.3,2.61,0.0,143.3,436,1400,29.33
2101130,1,2,1,0,0,1,33.0,78.63,2.37,0.68,133.0,408,1399,39.1
2101039,3,1,0,0,0,1,26.44,49.45,3.68,0.98,78.5,405,1429,44.58
2101031,1,2,0,0,0,1,32.85,71.82,0.76,0.46,124.8,512,1315,39.24
2101130,0,2,0,0,0,1,31.59,70.21,0.9,0.0,141.4,394,1424,33.86
2101168,6,2,1,1,1,0,31.41,51.65,3.21,0.66,96.0,426,1437,54.57
2101199,4,2,0,0,0,0,32.55,65.96,4.07,0.0,110.0,409,1337,41.14
2101040,1,0,0,0,0,1,27.17,47.24,2.01,0.0,71.6,446,1314,19.34
2101155,0,1,0,0,0,1,31.49,73.37,3.37,6.28,137.0,458,1381,23.38
2101141,5,1,0,1,1,1,28.11,51.48,2.41,2.61,83.1,429,1343,35.88
2101162,1,2,1,0,1,1,27.95,49.9,2.69,1.71,88.3,487,1439,51.4
2101033,2,0,1,0,0,0,25.9,41.66,1.46,0.0,84.5,368,1369,25.51
2101096,5,1,0,1,1,1,29.88,54.84,3.92,0.0,96.2,422,1439,52.11
2101176,6,2,0,1,1,0,29.41,56.06,2.63,0.0,104.9,423,1439,47.41
2101115,2,1,0,0,0,0,27.07,41.96,2.15,0.72,80.5,421,1380,35.22
2101041,3,0,0,0,0,1,33.45,64.0,3.47,1.6,105.3,403,1367,23.91
2101001,2,2,0,0,0,0,25.24,42.9,2.38,1.03,73.1,463,1369,48.12
2101146,3,1,1,0,0,1,34.18,69.11,4.2,0.0,118.0,448,1344,49.6
2101014,2,2,0,0,0,1,33.06,80.93,4.34,0.36,134.5,464,1360,45.04
2101167,4,1,1,0,0,1,28.89,45.98,4.39,1.12,76.1,519,1361,43.39
2101131,1,1,1,0,0,1,26.68,46.58,2.15,0.0,81.8,422,1291,37.0
2101051,5,1,0,1,1,1,30.6,61.56,2.42,0.0,83.8,524,1439,38.31
2101043,0,1,0,0,0,1,32.49,68.4,1.17,0.0,154.3,454,1403,29.98
2101019,3,0,0,0,0,1,33.82,65.11,3.06,0.0,135.0,416,1407,26.17
2101068,5,1,0,1,1,1,28.89,54.78,3.19,0.56,102.9,472,1364,37.5
2101117,0,0,1,0,0,1,29.77,39.41,2.34,1.21,92.7,459,1291,22.26
2101062,0,1,1,0,0,1,32.75,67.1,2.69,8.76,135.9,453,1408,36.33
2101100,6,0,0,1,1,1,29.43,60.44,2.39,0.0,118.7,460,1439,33.55
2101126,5,2,0,1,1,1,29.88,59.02,2.7,0.0,80.2,453,1355,60.77
2101096,0,2,1,0,0,1,31.88,70.65,1.79,0.79,136.3,372,1414,57.73
2101050,0,1,0,0,0,1,31.03,68.47,2.36,0.0,137.3,481,1407,37.31
2101156,1,1,0,0,0,1,28.23,44.35,1.06,0.0,89.7,454,1335,32.99
2101143,5,1,0,1,1,1,31.67,56.67,1.69,2.95,94.7,500,1439,42.16
2101093,5,0,0,1,1,1,28.34,56.06,3.5,0.0,80.4,469,1348,29.18
2101036,4,2,1,0,0,0,32.86,60.35,4.18,0.0,100.1,477,1422,46.2
2101099,2,2,0,0,0,1,32.14,75.17,3.27,0.0,144.1,436,1399,41.62
2101072,1,1,1,0,0,1,33.44,73.42,1.52,0.0,145.8,408,1340,47.25
2101097,4,0,0,0,0,0,32.26,57.3,3.64,1.96,101.3,510,1435,10.0
2101025,2,1,0,0,0,0,25.91,41.97,2.51,0.0,92.8,407,1420,37.78
2101091,1,0,0,0,1,1,33.33,68.99,1.77,0.0,135.2,411,1355,20.78
2101011,4,2,0,0,0,1,28.22,41.91,3.14,0.18,102.5,399,1333,37.82
2101081,4,2,0,0,0,0,32.37,62.92,3.48,0.0,99.0,417,1344,41.87
2101140,4,1,0,0,1,0,31.78,60.53,4.42,0.44,92.6,458,1298,36.35
2101033,2,1,0,0,0,0,25.64,45.76,3.25,2.91,86.8,373,1381,30.91
2101026,5,2,0,1,1,1,29.46,58.72,2.8,0.0,94.2,462,1437,54.07
2101059,6,0,1,1,1,0,30.7,49.35,3.43,0.0,118.3,451,1439,16.94
2101181,4,2,1,0,0,1,27.89,51.6,3.44,0.17,86.4,474,1377,48.63
2101053,4,2,0,0,0,0,32.43,58.28,3.24,0.0,99.9,451,1422,26.97
2101188,1,1,0,0,0,1,32.52,79.01,2.44,0.73,130.9,476,1398,41.43
2101050,5,2,1,1,1,1,29.25,58.62,4.23,0.0,81.9,552,1410,60.18
2101012,4,2,0,0,0,1,29.4,46.74,4.59,0.0,75.8,456,1371,36.96
2101156,4,2,0,0,0,1,29.71,53.83,3.0,0.0,100.6,456,1353,40.06
2101024,6,0,0,1,1,1,27.89,68.44,3.36,0.52,132.5,602,1411,25.31
2101023,0,2,0,0,0,1,30.11,38.18,1.32,0.0,88.8,396,1403,38.53
2101107,2,1,0,0,0,1,32.25,77.68,3.43,1.25,150.2,430,1288,27.38
2101041,1,2,1,0,0,1,27.98,43.96,2.23,0.0,87.6,381,1349,52.38
2101121,1,2,1,0,0,1,27.6,45.6,3.47,0.0,80.6,480,1389,43.93
2101105,5,0,0,1,1,1,31.0,53.72,2.31,1.22,98.7,462,1382,26.56
2101143,2,1,0,0,0,0,27.08,44.36,2.32,0.27,73.4,477,1436,22.58
2101063,3,1,0,0,0,1,34.83,64.32,2.86,0.16,118.9,456,1398,44.76
2101056,2,1,0,0,0,0,25.59,46.48,2.5,0.0,66.4,396,1373,33.61
2101048,4,2,0,0,0,1,27.57,46.22,3.58,0.0,96.9,412,1362,47.51
2101150,1,1,1,0,0,1,33.4,71.54,2.66,0.0,130.3,465,1300,25.49
2101075,6,2,0,1,1,0,32.06,53.83,2.49,0.03,113.0,499,1436,52.24
2101170,2,2,1,0,1,0,26.97,40.5,3.24,0.48,78.5,417,1396,42.15
2101100,0,0,0,0,0,1,29.76,69.59,0.88,2.07,128.1,445,1428,15.37
2101158,2,1,1,0,0,0,25.55,40.52,2.15,1.76,70.7,435,1283,39.81
2101135,6,1,0,1,0,1,28.35,67.88,1.38,0.15,126.6,489,1366,32.59
2101138,5,1,0,1,1,1,28.71,54.19,3.72,0.0,96.0,407,1433,47.72
2101194,3,0,0,0,0,1,26.72,50.16,3.69,2.17,78.4,465,1276,20.0
2101091,5,0,1,1,1,1,29.62,55.05,3.15,0.71,73.6,454,1402,37.75
2101170,5,1,0,1,1,1,30.06,56.81,2.64,1.16,101.6,446,1385,37.25
2101165,4,0,0,0,0,0,31.74,64.28,3.22,0.0,93.9,445,1432,10.0
2101086,1,1,1,0,0,1,33.8,73.31,2.3,0.29,130.2,471,1351,40.16
2101139,3,0,1,0,1,1,26.41,52.77,2.25,0.0,60.7,383,1397,25.81
2101090,4,0,1,0,0,0,32.5,64.49,3.57,0.0,79.3,370,1422,29.04
2101133,6,1,0,1,1,1,29.75,63.44,2.0,1.43,131.4,473,1436,46.62
2101083,6,1,0,1,1,0,31.1,47.57,2.39,0.0,95.1,401,1349,39.8
2101099,6,2,0,1,1,1,29.0,62.12,1.68,0.22,102.9,477,1403,53.27
2101048,2,1,0,0,0,1,31.01,75.21,3.83,0.6,129.6,425,1366,40.39
2101127,2,1,0,0,0,1,30.81,82.68,4.23,2.42,128.5,366,1333,33.05
2101190,5,0,1,1,1,1,30.67,60.56,2.13,0.0,92.4,454,1355,27.51
2101071,0,1,0,0,0,1,31.87,71.12,1.67,0.1,148.5,505,1337,27.46
2101014,0,2,0,0,0,1,28.5,44.44,1.4,0.85,89.8,490,1357,47.19
2101141,2,1,0,0,0,0,27.22,44.19,2.87,0.0,74.5,394,1330,29.88
2101041,2,0,0,0,0,0,26.45,39.33,1.89,1.0,69.4,375,1358,19.31
2101139,3,1,0,0,0,1,33.13,67.85,3.37,0.61,121.3,384,1415,26.82
2101132,2,2,0,0,0,1,31.22,78.93,4.01,0.72,118.0,429,1393,47.12
2101189,1,2,0,0,0,1,27.13,46.36,2.31,0.35,85.5,447,1342,45.31
2101118,2,0,0,0,0,0,26.55,34.88,3.27,0.0,84.1,370,1345,18.2
2101024,0,2,0,0,0,1,31.07,69.69,2.67,6.3,134.7,542,1409,42.26
2101056,6,2,0,1,1,1,28.57,68.7,2.12,0.0,121.3,438,1353,44.17
2101054,5,1,0,1,1,1,30.14,56.17,1.86,0.21,88.6,533,1374,45.43
2101187,2,1,0,0,0,1,32.89,85.27,3.27,0.0,137.1,323,1350,31.7
2101172,3,0,1,0,1,1,34.22,66.4,3.97,0.0,105.2,530,1439,25.5
2101082,6,0,0,1,1,1,29.32,61.51,2.86,0.0,99.2,427,1401,37.14
2101175,6,2,0,1,1,0,30.47,54.89,2.5,1.26,95.7,491,1439,51.52
2101119,0,0,0,0,0,1,31.24,69.63,3.71,7.06,133.6,479,1351,19.28
2101063,2,1,0,0,0,0,25.6,43.75,2.56,0.0,81.4,431,1376,43.27
2101019,1,2,1,0,0,1,28.94,49.92,2.62,0.91,73.2,422,1362,51.71
2101182,1,2,1,0,0,1,32.87,76.83,2.91,0.0,123.2,480,1305,41.85
2101178,1,0,0,0,0,1,28.43,44.96,2.37,0.38,87.9,480,1402,17.32
2101149,5,0,1,1,1,1,32.09,61.89,1.63,0.61,88.0,489,1427,28.3
2101021,5,0,0,1,1,1,28.19,50.41,3.32,0.41,89.1,447,1439,19.33
2101111,2,2,0,0,0,1,31.77,74.25,2.68,0.94,135.5,465,1435,43.19
2101079,2,0,0,0,0,1,31.95,77.65,1.8,0.0,135.0,462,1353,15.59
2101136,2,0,0,0,0,0,26.07,45.42,3.0,1.68,75.5,437,1311,19.04
2101177,3,1,0,0,1,1,26.14,48.64,2.5,1.15,63.7,466,1424,39.95
2101107,5,1,1,1,1,1,28.43,54.87,3.97,0.0,112.5,436,1295,43.97
2101189,0,0,0,0,0,1,29.07,44.3,2.14,1.02,85.4,463,1346,23.61
2101039,5,0,1,1,1,1,31.91,62.12,2.44,0.1,94.0,451,1439,29.44
2101021,0,0,0,0,0,1,32.4,69.22,2.95,7.84,133.1,404,1364,10.0
2101024,2,1,0,0,0,0,26.09,48.42,2.59,2.16,79.3,502,1407,29.1
2101036,3,1,0,0,0,1,24.96,52.36,3.31,1.9,84.4,473,1374,27.81
2101066,6,1,0,1,1,1,30.28,62.91,2.47,1.12,102.5,521,1435,39.18
2101062,1,0,0,0,0,1,27.01,45.2,2.66,3.1,79.2,475,1425,22.2
2101156,4,0,0,0,0,1,28.36,51.78,4.0,1.48,84.0,476,1366,19.76
2101057,5,2,0,1,1,1,28.5,53.31,2.3,0.0,77.4,498,1406,56.61
2101177,3,0,0,0,1,1,34.02,62.55,3.24,0.0,102.0,447,1435,22.56
2101151,0,0,1,0,1,1,31.95,73.63,1.01,0.96,153.2,462,1414,32.9
2101188,4,0,0,0,0,0,31.97,55.36,4.62,0.0,91.7,471,1414,22.17
2101198,4,2,0,0,0,0,33.59,57.98,4.21,0.0,103.0,469,1362,37.33
2101015,6,1,0,1,1,1,29.38,67.87,2.6,0.0,134.0,454,1389,47.27
2101136,6,1,1,1,1,1,29.88,60.27,2.67,0.0,109.7,492,1330,47.32
2101173,0,0,0,0,0,1,30.4,79.16,1.36,1.55,131.1,474,1412,16.19
2101007,0,1,0,0,1,1,28.7,41.05,3.32,0.95,91.7,348,1400,30.65
2101033,5,2,0,1,1,1,28.19,51.79,3.81,0.59,70.4,422,1361,51.11
2101060,1,2,1,0,0,1,34.19,79.6,1.52,1.48,119.9,420,1394,54.65
2101042,4,1,0,0,0,1,28.67,49.28,4.04,0.29,75.8,395,1330,37.81
2101160,1,2,1,0,0,1,33.46,72.97,2.82,1.37,123.9,484,1391,47.45
2101027,0,0,0,0,0,1,29.25,43.13,2.5,2.34,91.7,432,1434,18.15
2101184,5,0,0,1,1,1,29.51,54.51,3.56,0.04,86.3,403,1369,35.02
2101072,4,0,0,0,0,0,33.33,62.86,4.35,0.0,104.9,387,1372,29.56
2101119,5,0,1,1,1,1,31.22,59.83,2.9,1.32,104.9,531,1396,24.49
2101082,4,2,0,0,0,0,31.62,58.59,4.18,0.0,119.5,391,1393,46.2
2101070,3,2,0,0,0,1,26.4,52.55,3.32,0.0,75.6,432,1439,37.19
2101173,3,0,0,0,0,1,34.89,70.99,3.84,0.0,115.6,428,1439,19.77
2101071,0,1,1,0,0,1,30.64,66.81,3.98,6.02,131.6,501,1334,39.45
2101195,6,0,0,1,1,0,31.17,51.05,2.04,1.09,105.8,471,1419,27.51
2101127,0,2,0,0,0,1,29.15,44.6,2.57,0.39,96.2,394,1355,42.58
2101072,0,0,0,0,0,1,29.75,46.27,2.54,0.71,102.8,434,1365,18.37
2101172,1,1,1,0,0,1,27.62,43.94,2.42,0.0,86.6,522,1433,35.8
2101056,1,0,1,0,0,1,27.39,42.78,2.05,1.04,88.7,418,1337,19.0
2101068,0,2,0,0,0,1,29.25,41.28,2.32,1.22,105.5,457,1373,37.96
2101177,0,2,0,0,1,1,31.46,68.51,3.28,8.92,128.5,470,1436,46.81
2101038,5,2,0,1,1,1,29.89,56.66,2.71,0.94,81.3,522,1411,53.41
2101176,4,0,1,0,0,1,28.38,48.13,3.37,0.02,75.8,379,1417,25.99
2101001,3,2,1,0,1,1,27.16,41.09,2.72,2.66,61.9,469,1373,59.81
2101002,2,0,0,0,0,0,25.49,38.38,2.84,0.47,77.0,360,1405,10.0
2101028,5,2,0,1,0,1,31.35,57.49,1.18,1.5,78.0,424,1399,61.11
2101123,0,2,0,0,1,1,31.5,66.86,2.84,7.54,123.4,417,1378,42.15
2101170,6,1,0,1,1,0,29.57,56.72,2.29,0.33,105.8,431,1413,34.18
2101169,3,1,0,0,0,1,33.62,66.48,3.83,0.0,100.6,355,1325,33.01
2101125,5,2,0,1,1,1,27.81,60.09,3.62,0.0,82.7,493,1427,64.05
2101128,2,0,0,0,0,1,31.17,79.56,2.8,0.7,137.9,462,1312,16.61
2101198,5,0,0,1,1,1,28.33,60.13,3.12,0.0,87.7,500,1351,29.46
2101189,2,1,0,0,0,0,25.61,40.1,3.84,3.78,88.0,436,1395,38.99
2101014,1,0,1,0,1,1,33.66,72.6,1.83,0.0,140.6,473,1357,26.87
2101112,0,2,0,0,0,1,31.19,69.87,2.21,1.1,130.1,449,1367,43.14
2101073,6,2,0,1,1,0,30.61,55.33,2.53,0.0,98.5,471,1439,38.82
2101027,0,1,1,0,0,1,31.48,65.28,1.19,0.34,150.2,394,1382,41.0
2101159,2,0,0,0,1,1,30.95,78.24,3.97,0.0,138.7,463,1425,24.35
2101108,0,2,0,0,0,1,30.49,46.47,1.79,0.67,110.2,410,1389,47.21
2101132,0,1,1,0,0,1,30.58,65.51,2.84,7.5,126.2,416,1388,36.1
2101103,6,0,1,1,1,0,31.19,51.26,1.97,0.0,106.5,458,1434,21.29
2101014,5,1,1,1,1,1,28.21,55.09,3.09,0.0,74.5,504,1349,52.08
2101173,6,2,0,1,1,1,28.26,62.07,2.81,0.0,125.2,491,1433,51.99
2101080,5,0,0,1,1,1,29.13,59.63,3.02,0.79,83.1,459,1392,25.56
2101044,2,2,1,0,1,0,26.07,41.34,3.01,0.92,83.4,415,1410,42.46
2101127,6,1,1,1,1,0,30.54,51.4,2.75,1.83,108.0,433,1402,34.73
2101061,0,2,1,0,0,1,29.31,44.61,2.73,0.0,85.2,410,1362,38.68
2101137,3,2,0,0,0,1,35.33,67.08,3.5,0.52,126.7,442,1432,43.11
2101102,0,2,1,0,0,1,30.42,36.3,1.66,0.0,86.1,506,1416,41.83
2101090,5,1,0,1,0,1,31.11,55.47,2.79,0.56,102.7,417,1439,45.02
2101020,3,1,1,0,0,1,33.91,66.65,3.93,0.36,124.8,492,1364,37.94
2101038,0,2,1,0,0,1,32.58,69.04,3.13,9.01,132.1,494,1395,47.67
2101173,0,0,0,0,0,1,31.62,68.38,1.48,0.46,149.1,445,1439,18.92
2101193,1,0,1,0,0,1,33.78,75.33,2.63,0.86,140.0,499,1377,23.09
2101110,2,1,0,0,0,1,31.95,72.97,3.23,2.58,143.1,501,1409,37.13
2101093,0,2,0,0,0,1,30.76,69.61,3.19,7.61,127.0,427,1352,48.29
2101036,3,2,0,0,0,1,26.0,48.58,2.24,0.0,75.3,500,1371,46.41
2101143,6,2,0,1,1,1,28.86,61.7,2.68,1.29,112.9,503,1424,41.19
2101129,3,0,1,0,0,1,34.04,65.31,3.9,0.0,124.7,357,1347,25.32
2101107,3,0,0,0,0,1,25.68,49.42,2.37,0.0,76.0,415,1319,10.8
2101054,5,0,0,1,1,1,30.56,64.6,2.9,1.65,89.4,540,1376,30.73
2101017,0,2,0,0,0,1,29.84,40.66,1.85,0.32,87.8,352,1425,45.82
2101193,0,1,1,0,0,1,31.21,80.09,2.24,0.0,144.6,498,1398,40.24
2101048,2,0,0,0,0,0,24.6,39.75,2.33,0.9,102.9,416,1373,20.23
2101130,5,2,0,1,1,1,29.66,56.58,2.27,1.37,91.6,457,1427,42.87
2101013,2,1,0,0,0,0,27.8,45.77,2.23,0.37,69.3,305,1401,39.08
2101136,2,2,1,0,0,1,31.59,76.39,4.07,0.0,128.9,424,1327,53.66
2101038,1,1,0,0,0,1,27.9,51.07,2.58,0.08,99.1,496,1421,31.34
2101140,4,0,0,0,1,0,31.87,62.58,3.27,0.4,97.8,445,1337,24.23
2101040,0,2,1,0,0,1,31.67,62.8,2.85,7.53,119.3,439,1288,47.88
2101099,6,0,0,1,1,1,28.92,63.92,2.14,0.0,121.8,493,1391,28.36
2101083,2,0,1,0,1,1,31.33,81.82,3.75,0.6,120.5,421,1322,32.78
2101102,0,2,0,0,0,1,29.25,41.64,2.36,1.91,100.4,479,1411,34.56
2101065,0,1,0,0,1,1,32.42,64.06,3.64,5.53,121.2,499,1299,36.53
2101068,5,1,0,1,1,1,28.95,56.09,3.34,0.0,86.1,518,1386,44.18
2101073,3,0,0,0,0,1,25.46,51.52,3.71,0.02,66.5,403,1439,24.66
2101127,2,2,0,0,0,0,26.54,43.02,3.74,0.0,78.9,383,1396,41.34
2101163,0,1,0,0,0,1,31.39,73.38,0.0,0.24,163.6,435,1404,35.94
2101073,4,2,0,0,0,1,28.64,48.71,3.81,1.15,94.8,381,1436,45.45
2101005,0,1,0,0,0,1,28.38,45.33,2.4,2.21,103.1,447,1376,31.91
2101039,1,2,0,0,0,1,31.44,68.24,2.44,0.61,121.2,441,1439,49.59
2101021,3,2,0,0,0,1,33.85,70.81,3.19,1.03,108.2,406,1430,38.1
2101126,1,2,0,0,0,1,27.89,45.33,1.88,0.0,102.1,452,1370,40.38
2101161,3,0,1,0,1,1,25.78,54.89,2.35,0.0,68.5,452,1376,33.08
2101043,0,2,0,0,0,1,30.53,41.48,2.25,2.05,96.3,489,1355,45.11
2101107,2,1,0,0,0,0,25.46,42.4,2.28,0.0,75.4,402,1340,24.96
2101096,6,1,0,1,1,1,28.5,61.41,2.6,1.5,112.6,414,1437,44.39
2101088,3,0,0,0,0,1,26.78,55.25,2.49,0.6,44.8,458,1394,21.28
2101177,5,1,0,1,1,1,32.66,61.26,3.35,0.56,104.1,497,1439,47.71
2101054,2,0,0,0,0,0,25.99,44.89,2.15,0.29,81.6,482,1390,15.64
2101125,1,0,1,0,0,1,27.75,52.26,3.27,0.0,81.6,436,1374,24.16
2101108,1,2,1,0,0,1,32.83,74.47,1.9,0.0,125.5,430,1415,54.78
2101175,0,2,1,0,0,1,32.31,76.4,2.36,0.0,141.9,487,1406,45.08
2101045,2,1,0,0,1,0,27.16,42.56,3.16,0.05,66.1,521,1374,25.6
2101186,5,2,0,1,1,1,32.9,64.43,1.56,1.38,80.5,478,1439,47.55
2101171,1,0,0,0,0,1,27.27,46.91,2.06,0.0,93.3,413,1439,16.79
2101090,4,2,1,0,0,0,33.18,63.31,4.18,0.0,103.3,419,1426,48.68
2101164,3,0,0,0,1,1,32.91,72.32,4.37,0.0,129.8,481,1370,23.2
2101129,2,1,0,0,0,1,31.35,73.16,4.1,0.16,115.2,347,1365,32.0
2101065,5,0,0,1,1,1,30.28,63.26,3.02,0.0,90.2,538,1326,21.83
2101170,5,1,0,1,1,1,28.56,58.21,4.16,1.22,79.5,440,1357,35.42
2101005,6,1,1,1,1,0,30.67,51.62,1.97,3.13,108.9,457,1412,38.96
2101028,5,1,0,1,1,1,30.93,56.91,1.89,1.22,105.0,423,1400,47.62
2101177,1,1,1,0,1,1,27.74,46.63,3.32,0.0,88.5,461,1439,43.29
2101158,0,0,1,0,0,1,29.63,60.7,3.07,6.97,131.6,449,1232,28.48
2101060,5,1,0,1,0,1,31.46,58.19,2.07,0.3,81.2,458,1359,42.06
2101197,1,2,0,0,0,1,27.35,49.42,1.08,0.26,87.4,414,1348,36.89
2101131,6,1,1,1,1,0,31.05,56.62,1.9,0.0,92.6,433,1352,40.47
2101049,2,1,1,0,1,0,26.92,39.39,1.84,0.91,75.8,509,1357,37.03
2101171,6,0,0,1,1,0,31.63,54.87,2.94,0.0,101.9,466,1439,24.51
2101198,2,1,1,0,0,0,26.23,45.1,3.45,0.06,72.4,476,1352,27.77
2101159,1,2,0,0,0,1,27.62,48.53,2.13,0.02,72.9,453,1438,47.38
2101125,3,1,1,0,0,1,26.25,46.65,3.2,0.0,77.8,455,1431,44.65
2101172,0,0,0,0,0,1,31.36,67.87,2.83,7.74,129.2,530,1398,13.12
2101161,2,2,1,0,1,1,31.02,73.08,3.67,2.39,140.4,426,1358,55.18
2101098,1,2,0,0,0,1,28.86,43.65,1.95,0.96,64.3,401,1335,47.46
2101151,6,1,1,1,1,0,32.3,50.37,2.07,0.0,102.4,484,1439,37.89
2101168,5,0,0,1,1,1,32.18,60.53,3.08,1.03,78.5,465,1419,33.12
2101007,3,2,0,0,0,1,33.72,64.17,2.24,0.0,110.0,345,1368,39.82
2101092,0,0,1,0,0,1,30.66,66.59,1.14,0.0,145.0,466,1347,19.38
2101187,6,2,1,1,1,0,31.15,52.78,1.33,0.25,102.9,400,1370,46.58
2101053,5,1,0,1,0,1,29.77,52.86,3.97,0.0,71.1,456,1392,33.08
2101123,1,1,0,0,1,1,34.07,72.92,2.22,0.21,121.7,401,1396,31.87
2101096,6,2,0,1,1,0,31.26,48.26,2.19,0.0,84.7,398,1435,60.45
2101117,0,0,0,0,0,1,30.53,72.14,2.68,7.74,127.1,444,1350,17.31
2101067,0,0,0,0,0,1,32.23,72.9,3.51,8.34,134.1,372,1439,29.66
2101127,3,2,0,0,0,1,33.57,64.11,3.92,0.0,105.2,392,1355,47.7
2101153,0,2,0,0,0,1,31.44,70.28,1.95,0.0,138.0,433,1332,38.85
2101147,3,2,0,0,0,1,27.36,59.31,2.96,0.0,80.9,413,1353,41.75
2101166,0,0,0,0,0,1,30.67,70.77,2.21,0.55,153.5,406,1305,30.77
2101051,4,0,0,0,0,0,32.12,56.44,4.19,0.0,109.1,428,1439,14.72
2101029,0,1,0,0,1,1,29.06,39.57,2.38,0.0,81.3,484,1405,38.25
2101108,6,2,0,1,1,1,28.02,63.88,1.58,0.99,106.3,461,1425,58.35
2101033,1,2,0,0,0,1,32.92,82.01,1.27,0.0,116.7,351,1335,55.25
2101125,2,2,0,0,0,0,25.27,39.26,2.07,0.0,57.3,430,1428,42.0
2101077,0,1,1,0,1,1,29.17,51.73,2.71,0.3,103.5,356,1338,44.23
2101143,1,2,0,0,0,1,33.3,74.13,1.48,2.09,127.1,481,1439,40.83
2101093,5,0,0,1,1,1,29.33,52.93,2.63,0.0,76.5,472,1383,28.14
2101112,5,0,1,1,1,1,29.33,57.83,2.59,0.36,90.2,503,1397,24.24
2101191,0,1,0,0,0,1,28.87,41.71,1.6,0.0,87.5,381,1338,29.95
2101126,0,0,1,0,0,1,29.6,71.09,2.42,7.87,122.2,440,1346,30.92
2101188,2,2,0,0,0,0,25.11,41.26,2.31,0.2,83.4,453,1394,47.62
2101049,6,2,0,1,1,1,27.75,61.09,2.65,0.95,126.5,502,1352,49.77
2101193,0,0,0,0,0,1,30.82,68.63,3.72,6.52,122.0,510,1352,24.57
2101043,1,0,0,0,0,1,26.87,47.31,2.58,2.17,100.2,518,1422,11.98
2101146,4,0,0,0,0,0,31.93,61.1,4.42,0.0,86.0,438,1352,29.35
2101010,2,0,1,0,0,1,32.36,68.93,2.97,1.73,138.9,474,1414,28.91
2101135,1,1,1,0,0,1,27.31,44.98,2.48,0.0,74.3,488,1384,41.55
2101176,2,1,1,0,0,1,33.49,77.48,1.98,0.87,131.5,390,1400,36.66
2101054,4,2,1,0,0,1,27.51,47.65,3.38,1.5,90.2,486,1343,53.31
2101032,6,1,1,1,1,1,30.39,62.21,2.61,2.55,122.1,435,1439,48.64
2101075,3,2,0,0,1,1,35.67,60.26,3.99,0.0,117.4,509,1415,53.48
2101014,1,2,1,0,0,1,27.59,49.8,2.81,0.0,98.6,489,1387,49.05
2101001,0,2,0,0,0,1,32.99,69.4,2.33,0.94,139.4,460,1369,59.85
2101086,2,0,0,0,0,1,30.2,80.36,3.44,0.0,136.0,433,1359,20.15
2101166,5,1,1,1,1,1,32.08,59.12,2.76,0.0,89.5,471,1315,54.93
2101081,6,2,0,1,1,1,29.3,68.81,2.69,0.0,122.7,471,1277,53.03
2101055,0,2,0,0,1,1,29.2,73.49,2.92,7.31,122.8,440,1415,51.72
2101045,2,0,1,0,0,0,25.96,42.88,2.4,1.15,75.5,527,1398,13.28
2101016,1,2,1,0,1,1,29.16,47.35,2.71,0.19,97.0,500,1376,49.68
2101079,1,2,0,0,0,1,28.32,50.23,2.21,0.76,80.6,486,1352,35.38
2101063,0,0,0,0,0,1,32.12,76.23,1.38,0.96,145.3,440,1377,24.1
2101090,5,0,0,1,1,1,31.44,56.82,1.86,0.0,99.8,445,1439,36.03
2101065,0,0,1,0,1,1,29.56,70.16,1.7,8.52,127.0,484,1295,17.95
2101118,6,1,0,1,1,0,30.18,52.17,1.54,1.49,91.2,400,1388,44.07
2101145,3,0,0,0,0,1,33.82,69.01,3.3,2.09,126.2,536,1426,18.58
2101003,3,0,0,0,1,1,34.11,67.03,3.46,0.18,123.6,467,1367,29.42
2101002,3,0,1,0,0,1,25.91,56.14,2.38,0.07,67.6,390,1387,19.94
2101056,0,0,0,0,0,1,32.02,71.21,1.94,0.0,149.0,425,1324,21.83
2101046,0,1,0,0,0,1,31.1,71.22,2.88,7.3,123.2,464,1357,37.27
2101018,6,0,0,1,1,1,29.45,63.24,1.73,0.19,110.6,508,1439,19.3
2101179,1,1,1,0,0,1,29.44,43.93,2.26,0.27,88.8,488,1439,35.45
2101018,0,2,1,0,0,1,30.56,39.86,2.56,0.0,94.9,448,1429,45.69
2101171,4,0,0,0,0,1,27.65,50.21,4.57,0.0,89.6,418,1421,24.25
2101014,1,1,0,0,0,1,26.86,45.86,1.91,0.01,89.0,478,1356,40.1
2101126,0,2,0,0,0,1,29.04,48.62,1.61,0.0,85.8,449,1361,47.59
2101077,4,0,0,0,0,0,31.78,60.74,2.99,0.0,107.9,301,1346,23.92
2101112,6,2,0,1,1,0,31.42,47.72,3.15,1.75,107.2,460,1429,40.54
2101104,4,2,1,0,0,1,27.13,51.55,3.96,0.0,94.6,455,1439,48.0
2101045,0,0,0,0,0,1,30.87,73.42,1.6,0.52,136.3,543,1327,19.11
2101021,0,2,1,0,0,1,31.04,72.64,1.89,0.0,150.5,413,1439,38.28
2101175,3,0,1,0,0,1,27.04,50.12,2.41,0.23,91.5,478,1425,28.49
2101146,5,2,0,1,1,1,31.04,62.46,2.31,0.0,95.4,461,1358,66.92
2101152,5,1,0,1,1,1,28.72,52.46,3.19,2.41,89.9,507,1435,42.24
2101123,0,0,0,0,0,1,32.54,70.72,1.46,1.39,136.9,412,1350,22.57
2101103,6,0,0,1,1,1,29.64,64.3,1.9,1.89,100.9,451,1433,22.6
2101170,1,1,0,0,0,1,33.43,78.87,2.27,0.0,126.7,412,1341,24.41
2101033,6,2,0,1,1,0,32.15,44.56,2.67,0.0,109.3,393,1394,49.15
2101121,0,0,0,0,0,1,29.87,71.49,3.56,6.65,128.7,495,1364,18.12
2101043,1,1,0,0,0,1,33.38,80.65,2.32,0.0,126.4,484,1375,37.46
2101130,2,0,0,0,0,0,25.75,37.52,2.34,1.2,80.8,429,1432,10.0
2101076,3,1,0,0,0,1,26.62,49.29,2.09,0.85,74.0,382,1341,36.98
2101086,6,0,1,1,0,0,31.42,57.08,1.86,1.29,107.1,473,1427,21.18
2101066,1,2,0,0,0,1,32.57,80.68,2.47,0.0,137.7,461,1412,45.83
2101119,0,1,0,0,1,1,31.05,45.21,1.81,1.62,90.9,502,1344,32.97
2101013,6,2,1,1,1,0,30.84,50.08,1.79,0.82,97.1,388,1425,59.25
2101154,6,0,0,1,0,1,29.72,64.46,1.7,0.09,120.2,495,1333,32.74
2101081,3,0,0,0,0,1,26.99,57.46,2.66,0.0,70.9,441,1322,19.43
2101196,5,0,1,1,1,1,30.71,61.43,2.31,0.0,90.0,533,1413,33.87
2101090,0,1,0,0,0,1,30.92,74.26,1.68,0.0,155.4,428,1408,40.78
2101025,1,2,0,0,0,1,27.77,51.94,2.51,1.78,72.9,400,1426,51.28
2101058,4,1,0,0,0,0,32.5,55.99,3.7,0.4,97.5,426,1369,40.41
2101092,3,1,1,0,0,1,26.68,46.2,2.36,0.0,76.3,463,1399,30.81
2101077,5,2,0,1,1,1,29.78,60.31,3.1,2.24,81.1,398,1312,54.65
2101053,5,0,0,1,1,1,29.89,63.57,2.35,1.76,85.9,491,1386,22.22
2101067,6,0,0,1,1,1,29.54,58.98,2.0,1.0,123.9,389,1421,32.56
2101146,0,2,0,0,1,1,29.35,42.73,1.19,1.52,87.0,425,1349,52.06
2101075,0,2,1,0,0,1,28.1,43.24,1.72,1.42,89.4,490,1437,48.53
2101031,4,0,0,0,1,1,27.36,50.32,3.86,0.0,107.0,541,1328,22.93
2101124,4,0,0,0,0,1,27.87,48.14,2.57,0.45,84.0,440,1335,18.81
2101148,6,1,1,1,0,1,27.64,61.45,2.66,0.0,117.4,512,1427,37.7
2101099,0,2,1,0,0,1,30.59,66.13,2.58,6.1,127.2,421,1393,46.66
2101145,2,0,1,0,0,1,31.99,77.4,3.62,0.56,126.0,506,1439,18.48
2101040,6,2,0,1,0,0,32.34,52.75,1.5,1.87,109.7,444,1355,43.72
2101029,0,1,0,0,0,1,30.33,73.17,3.35,8.79,129.6,470,1439,38.62
2101159,4,2,1,0,0,0,33.78,66.56,4.56,1.51,99.2,458,1417,49.73
2101158,0,1,0,0,0,1,32.23,67.29,1.72,2.5,156.8,434,1254,36.83
2101103,1,1,1,0,0,1,28.24,53.42,1.05,0.15,71.1,392,1409,27.48
2101097,4,1,0,0,0,1,29.68,56.35,3.91,0.0,97.1,517,1391,25.79
2101092,4,2,0,0,1,1,28.74,52.49,3.15,0.0,97.3,453,1371,46.7
2101044,5,1,1,1,0,1,28.38,57.42,3.01,0.45,82.8,464,1379,40.38
2101142,2,2,1,0,0,0,26.74,37.64,2.89,0.0,72.0,423,1439,45.21
2101076,2,2,0,0,1,1,32.35,78.04,3.19,2.42,125.8,418,1306,52.34
2101150,5,0,0,1,1,1,29.13,53.46,3.34,1.83,85.8,508,1319,25.35
2101088,6,2,0,1,1,0,31.04,57.03,3.51,1.31,119.5,486,1429,47.86
2101169,5,1,0,1,1,1,28.05,49.53,3.28,2.42,84.0,420,1382,47.32
2101169,5,0,1,1,1,1,29.14,62.28,2.67,1.0,75.0,389,1345,44.58
2101162,0,0,0,0,1,1,30.49,64.52,3.47,10.4,129.2,498,1439,18.55
2101054,0,0,0,0,1,1,31.35,67.34,2.3,0.0,147.4,517,1337,29.18
2101134,5,1,0,1,1,1,28.76,52.33,3.08,0.9,78.3,428,1404,44.58
2101150,2,0,1,0,1,0,26.73,42.63,2.27,0.0,70.0,499,1323,10.12
2101144,0,1,0,0,0,1,29.68,42.21,2.16,0.02,93.7,478,1411,23.35
2101175,4,2,0,0,0,1,29.14,53.21,2.78,1.74,92.4,485,1422,44.0
2101032,0,2,0,0,0,1,30.72,68.94,3.36,9.58,132.6,409,1396,53.77
2101131,0,2,1,0,0,1,28.37,38.22,2.32,1.19,98.2,424,1292,47.14
2101140,1,0,0,0,1,1,33.2,77.81,2.5,1.25,129.8,462,1289,26.71
2101072,3,0,1,0,0,1,26.86,53.58,3.03,0.0,69.3,428,1365,31.34
2101051,3,2,0,0,0,1,34.41,68.56,3.49,0.0,121.8,464,1406,43.86
2101113,3,2,0,0,1,1,34.55,73.13,2.74,0.94,126.4,548,1266,47.05
2101052,2,2,0,0,0,1,30.83,76.61,2.84,0.0,146.9,386,1264,45.35
2101118,2,0,1,0,1,1,32.15,76.64,3.07,0.0,114.5,425,1355,31.48
2101024,6,2,1,1,0,1,29.67,63.33,3.21,0.0,115.0,546,1380,48.13
2101079,5,1,0,1,1,1,31.92,56.47,2.04,0.65,82.7,519,1359,45.91
2101079,1,1,1,0,0,1,34.68,74.92,1.5,1.16,134.2,498,1320,33.8
2101146,2,1,1,0,0,1,31.15,76.34,3.72,1.33,125.0,386,1342,44.3
2101004,5,1,1,1,1,1,31.4,63.02,1.86,0.42,95.4,494,1423,50.22
2101073,5,2,0,1,0,1,30.1,58.64,2.78,0.0,97.4,426,1429,47.85
2101131,4,2,0,0,0,0,33.01,62.84,3.57,0.0,109.8,410,1320,37.07
2101099,0,0,0,0,0,1,29.71,67.01,2.57,7.11,131.0,422,1360,22.13
2101149,5,2,0,1,1,1,29.67,56.08,2.54,2.1,90.0,497,1428,48.3
2101173,1,0,1,0,0,1,28.36,43.62,1.93,0.0,115.2,459,1412,15.93
2101155,0,1,0,0,0,1,31.05,70.58,3.64,8.07,116.8,465,1407,33.27
2101067,5,1,0,1,1,1,29.66,60.81,2.29,0.0,95.8,403,1417,38.87
2101026,2,2,1,0,0,1,31.45,75.55,3.06,0.0,135.3,405,1344,48.18
2101018,4,0,0,0,0,0,32.35,62.65,3.83,1.23,104.0,476,1425,10.73
2101128,1,1,0,0,0,1,32.35,70.09,2.01,0.82,115.5,500,1302,37.37
2101026,0,0,0,0,0,1,30.69,71.44,3.58,6.96,139.1,418,1379,21.73
2101167,3,2,0,0,0,1,34.09,71.72,3.94,0.0,111.6,535,1358,48.91
2101116,6,1,0,1,0,0,32.08,54.64,2.09,2.38,97.6,436,1439,29.96
2101008,3,2,0,0,0,1,33.75,65.34,2.43,0.0,140.5,441,1334,45.49
2101158,0,2,0,0,0,1,30.28,66.55,3.41,7.94,114.8,465,1276,48.18
2101039,2,0,1,0,0,1,31.54,73.25,2.69,0.0,119.4,405,1431,29.3
2101198,0,2,1,0,0,1,29.7,45.66,2.63,0.58,100.8,493,1349,50.29
2101054,0,2,0,0,0,1,31.45,70.01,3.1,7.53,117.9,508,1350,50.14
2101110,0,2,0,0,0,1,30.26,47.9,1.55,0.0,73.5,509,1393,45.45
2101092,6,2,0,1,1,1,28.55,64.5,2.47,0.0,104.3,508,1377,56.93
2101071,6,2,1,1,1,1,30.06,61.35,2.55,2.18,113.9,502,1381,51.26
2101035,4,2,0,0,0,1,26.83,49.58,3.75,2.99,97.6,493,1372,45.73
2101013,4,2,0,0,1,1,28.58,47.29,3.61,0.27,90.2,360,1371,54.42
2101108,1,0,1,0,0,1,28.55,40.67,2.03,0.99,88.5,416,1404,30.45
2101196,1,2,0,0,0,1,28.54,44.65,2.62,1.65,89.6,486,1380,47.23
2101069,5,2,0,1,1,1,29.64,56.52,3.27,0.02,78.8,501,1439,48.16
2101060,6,2,1,1,1,0,31.86,58.66,3.19,0.0,105.0,477,1439,48.99
2101131,0,2,0,0,0,1,32.45,70.05,3.52,6.75,137.0,426,1293,50.09
2101199,6,2,1,1,1,1,28.75,66.18,2.95,1.61,123.2,440,1342,48.08
2101106,5,1,1,1,0,1,31.86,65.54,2.33,0.0,106.1,495,1412,41.96
2101193,6,0,0,1,1,0,30.51,50.25,0.99,0.0,104.0,497,1409,22.47
2101137,3,0,0,0,0,1,25.79,52.36,2.47,0.82,77.1,430,1439,16.4
2101159,6,0,1,1,1,1,28.48,66.38,2.1,0.0,111.8,504,1400,22.73
2101050,1,0,0,0,0,1,33.82,78.57,2.95,2.48,141.7,516,1391,28.55
2101110,1,2,0,0,0,1,33.39,78.26,1.98,0.0,118.6,532,1385,52.02
2101141,3,2,1,0,1,1,33.58,65.45,3.06,0.26,112.0,408,1322,46.7
2101073,6,0,0,1,0,0,30.97,49.18,2.92,1.54,113.5,409,1437,23.92
2101147,2,1,0,0,0,1,30.41,75.54,3.18,0.14,142.4,406,1353,36.94
2101077,0,2,0,0,0,1,31.09,38.47,2.6,0.67,98.7,342,1328,41.82
2101144,1,2,0,0,0,1,28.2,46.57,2.26,0.0,86.2,468,1393,49.26
2101091,0,1,0,0,0,1,32.19,69.88,2.58,8.85,116.2,376,1397,34.84
2101014,4,2,0,0,0,1,27.88,53.12,4.11,0.81,85.8,463,1354,44.33
2101020,3,0,1,0,0,1,33.65,64.96,3.67,0.0,135.9,461,1378,15.95
2101189,4,2,0,0,0,1,28.74,53.47,4.68,0.77,90.6,448,1376,51.77
2101127,5,2,0,1,1,1,28.43,54.91,3.07,1.13,87.3,425,1389,46.5
2101115,3,1,0,0,0,1,25.89,49.82,3.87,0.56,64.8,447,1376,30.94
2101154,3,0,0,0,0,1,25.92,49.7,3.23,0.0,78.0,428,1288,30.99
2101055,4,0,0,0,1,0,33.04,58.51,4.19,1.08,90.6,437,1413,22.81
2101073,3,1,1,0,0,1,26.17,53.99,1.99,2.01,73.5,423,1426,33.03
2101087,2,0,0,0,0,1,31.74,78.57,3.25,0.0,139.4,337,1390,31.95
2101131,2,0,0,0,0,0,27.78,38.03,2.76,0.0,73.7,405,1331,16.68
2101104,6,0,0,1,1,1,29.84,65.41,1.38,0.0,135.1,507,1438,27.62
2101055,0,2,0,0,0,1,30.04,70.42,2.95,8.88,132.1,433,1399,46.15
2101104,4,1,0,0,1,0,32.42,56.33,2.7,1.51,94.2,463,1439,34.88
2101075,4,1,0,0,0,0,31.67,62.22,3.89,1.39,84.3,476,1437,33.35
2101050,2,1,0,0,0,0,25.73,37.07,2.72,1.67,55.3,510,1405,35.37
2101039,5,2,0,1,1,1,30.13,57.51,2.19,0.0,91.5,463,1428,57.0
2101053,3,0,0,0,0,1,25.85,44.22,2.82,0.89,78.7,473,1376,11.05
2101108,3,0,0,0,0,1,34.82,62.91,4.25,0.0,122.5,378,1381,25.23
2101073,2,1,0,0,0,1,31.69,74.86,2.92,0.0,129.6,421,1426,34.04
2101085,0,2,0,0,0,1,32.35,69.45,1.49,0.0,138.4,412,1439,46.45
2101156,0,1,1,0,0,1,29.44,43.42,1.78,1.16,76.8,438,1373,33.23
2101139,3,2,1,0,0,1,34.11,70.28,3.59,0.0,116.7,352,1401,42.41
2101088,4,2,0,0,1,0,33.03,61.29,4.3,1.6,90.9,498,1415,44.6
2101115,6,1,0,1,1,1,27.95,64.55,1.96,3.27,99.4,492,1383,38.5
2101008,5,2,0,1,1,1,28.01,54.93,3.52,0.88,102.2,505,1377,56.65
2101082,5,2,0,1,0,1,29.48,57.69,3.46,0.0,87.5,380,1399,48.97
2101090,1,0,1,0,0,1,26.08,46.81,2.53,0.0,84.8,403,1421,26.32
2101060,1,1,1,0,1,1,32.83,75.85,3.11,0.0,136.4,444,1439,41.93
2101041,4,0,1,0,0,1,29.04,48.01,3.16,1.52,106.9,376,1325,23.16
2101148,2,1,0,0,0,0,25.73,43.82,2.21,1.58,80.4,487,1392,23.67
2101003,6,0,0,1,1,1,28.12,64.45,1.74,0.0,116.7,512,1397,31.32
2101195,0,2,0,0,0,1,28.47,44.06,1.47,1.07,99.1,486,1387,34.41
2101195,2,0,0,0,0,1,31.3,76.71,2.88,0.0,131.5,465,1365,13.23
2101125,1,2,0,0,0,1,27.23,49.79,3.09,1.87,92.5,441,1411,46.0
2101059,6,2,1,1,1,0,31.54,52.46,3.27,1.14,91.7,455,1435,44.37
2101059,2,1,1,0,0,0,27.41,49.07,2.07,0.0,78.6,366,1439,19.13
2101107,5,1,0,1,1,1,31.85,61.47,1.87,0.0,86.7,472,1347,38.64
2101134,4,2,0,0,0,0,32.27,60.87,3.97,1.11,110.4,375,1414,38.01
2101072,1,1,0,0,0,1,32.26,82.48,1.87,0.0,131.8,405,1309,36.53
2101088,0,0,0,0,0,1,32.07,61.33,2.91,6.65,133.7,484,1430,16.21
2101011,4,0,1,0,0,1,27.55,53.95,4.25,0.17,86.1,416,1335,21.31
2101177,6,1,0,1,1,0,30.64,51.35,1.94,0.0,105.4,499,1439,40.05
2101180,3,1,0,0,0,1,33.34,64.64,3.26,0.26,119.4,416,1342,38.17
2101053,2,2,1,0,0,0,25.51,40.65,3.04,0.31,87.4,455,1400,45.23
2101187,6,0,0,1,1,0,29.59,58.11,2.36,0.0,100.2,347,1390,25.56
2101169,2,0,0,0,0,0,26.06,42.7,2.48,1.2,70.1,390,1400,22.73
2101038,1,2,0,0,0,1,32.49,78.51,2.2,0.0,114.5,456,1435,42.24
2101031,2,2,1,0,0,1,31.14,83.91,2.47,0.5,123.8,503,1333,48.39
2101084,4,2,0,0,1,1,27.69,48.78,4.51,0.1,74.3,423,1289,41.78
2101138,0,0,1,0,0,1,31.96,71.18,1.4,1.59,138.1,378,1438,20.16
2101075,3,1,0,0,0,1,24.83,54.25,2.98,0.0,73.4,472,1434,43.25
2101146,6,2,1,1,1,0,31.88,49.68,3.11,0.7,116.8,464,1366,53.54
2101034,0,2,1,0,1,1,31.11,74.22,0.98,1.31,150.7,506,1439,50.85
2101185,4,1,1,0,0,1,27.81,51.19,3.71,1.42,92.5,435,1427,34.05
2101132,3,1,0,0,1,1,26.12,57.19,2.19,2.46,68.7,469,1382,36.24
2101050,5,1,0,1,1,1,28.42,53.55,3.25,0.0,86.5,579,1396,42.12
2101156,6,0,0,1,1,1,29.09,68.14,2.33,0.0,107.8,501,1380,26.64
2101082,3,2,0,0,0,1,26.74,54.44,2.16,0.0,70.2,353,1406,42.85
2101152,5,1,0,1,1,1,30.21,62.21,4.0,1.14,90.6,513,1439,37.55
2101140,1,1,1,0,1,1,32.82,74.72,1.76,2.21,129.5,437,1294,44.43
2101135,6,2,0,1,1,1,29.94,69.68,2.19,0.0,119.0,482,1416,51.24
2101025,6,2,0,1,1,1,28.04,69.3,2.03,0.29,119.7,438,1386,57.25
2101004,3,2,0,0,0,1,26.08,54.39,2.77,1.6,64.4,482,1419,49.38
2101140,5,0,0,1,0,1,29.35,53.53,3.21,0.7,89.5,465,1320,22.25
2101046,4,2,0,0,0,1,27.98,50.77,4.0,0.0,82.3,445,1367,47.15
2101014,6,1,1,1,1,1,29.02,65.43,1.56,0.0,118.9,533,1369,43.84
2101103,6,1,1,1,1,1,28.44,60.33,2.3,0.0,108.2,472,1439,39.96
2101186,0,1,0,0,0,1,29.62,39.78,2.05,1.16,87.4,447,1434,30.04
2101140,5,0,1,1,1,1,28.71,54.03,3.6,0.0,94.6,495,1288,32.63
2101060,6,2,1,1,1,1,29.44,64.39,2.2,1.16,129.0,468,1405,51.19
2101077,4,1,0,0,0,0,33.57,61.65,4.31,0.26,98.7,343,1343,31.34
2101139,0,0,1,0,0,1,31.18,75.02,1.23,0.0,137.0,387,1387,18.59
2101090,2,2,1,0,1,1,31.96,77.55,3.27,0.93,130.8,399,1426,57.4
2101112,0,1,0,0,0,1,31.72,70.04,0.95,0.0,149.4,442,1362,35.06
2101168,6,0,0,1,1,0,30.59,54.41,2.79,2.28,104.5,464,1430,31.67
2101012,0,1,1,0,0,1,30.29,69.16,2.7,0.0,145.0,441,1354,34.24
2101005,3,0,0,0,0,1,32.58,67.14,4.13,1.18,115.2,415,1378,19.85
2101178,3,1,1,0,0,1,33.5,64.73,2.97,0.0,88.8,459,1376,24.67
2101054,3,2,1,0,0,1,26.76,51.99,2.51,0.31,74.4,464,1387,41.23
2101164,3,0,0,0,0,1,32.66,64.46,2.75,0.0,117.7,478,1343,18.66
2101058,0,2,0,0,0,1,30.16,71.74,3.15,8.44,136.4,443,1341,45.89
2101169,2,1,0,0,0,1,31.87,75.16,2.85,0.0,122.9,395,1334,33.06
2101198,0,0,1,0,0,1,31.36,65.42,3.83,7.29,121.8,471,1331,16.66
2101184,1,0,0,0,0,1,26.77,48.07,3.2,1.7,81.9,396,1360,28.97
2101046,3,0,1,0,0,1,34.49,61.83,3.13,1.45,122.4,435,1368,21.67
2101103,0,0,1,0,0,1,31.21,70.63,1.13,0.25,148.8,425,1420,10.04
2101010,4,0,1,0,0,0,32.99,59.63,3.82,0.0,111.5,455,1425,33.32
2101054,1,2,1,0,1,1,28.72,49.75,1.54,0.0,90.1,499,1367,53.22
2101083,1,1,0,0,0,1,31.67,75.4,2.79,0.0,137.6,399,1314,38.15
2101008,2,0,1,0,0,1,31.28,77.06,3.15,0.42,130.3,433,1391,29.33
2101130,1,2,1,0,0,1,33.07,77.12,3.27,1.4,126.4,411,1405,39.1
2101039,3,1,0,0,0,1,26.13,46.87,3.48,1.09,75.5,393,1435,44.58
2101031,1,2,0,0,0,1,32.7,67.48,2.28,2.22,111.1,510,1324,39.24
2101130,0,2,0,0,0,1,31.43,65.38,0.63,0.45,130.6,395,1420,33.86
2101168,6,2,1,1,1,0,30.26,55.16,1.14,0.0,95.9,435,1430,54.57
2101199,4,2,0,0,0,0,32.54,63.33,4.32,0.0,110.7,417,1342,41.14
2101040,1,0,0,0,0,1,28.05,42.35,2.52,1.9,86.0,458,1316,19.34
2101155,0,1,0,0,0,1,29.79,69.38,3.44,7.51,144.8,448,1375,23.38
2101141,5,1,0,1,1,1,27.75,53.94,3.89,2.16,81.7,446,1341,35.88
2101162,1,2,1,0,1,1,27.05,48.41,1.55,0.0,83.9,487,1434,51.4
2101033,2,0,1,0,0,0,25.71,43.61,1.19,0.0,72.6,336,1372,25.51
2101096,5,1,0,1,1,1,29.03,60.37,2.92,0.0,82.2,405,1439,52.11
2101176,6,2,0,1,1,0,30.81,50.98,2.97,0.33,105.6,426,1439,47.41
2101115,2,1,0,0,0,0,25.64,41.78,3.0,0.0,72.3,426,1376,35.22
2101041,3,0,0,0,0,1,32.65,62.57,2.67,0.0,123.6,407,1369,23.91
2101001,2,2,0,0,0,0,24.18,38.59,2.82,1.01,61.8,472,1396,48.12
2101146,3,1,1,0,0,1,34.47,64.44,3.97,0.0,127.5,459,1347,49.6
2101014,2,2,0,0,0,1,32.42,75.82,3.77,0.0,127.7,469,1376,45.04
2101167,4,1,1,0,0,1,27.52,49.33,3.46,1.31,94.7,518,1357,43.39
2101131,1,1,1,0,0,1,27.04,46.76,2.85,0.0,94.5,424,1298,37.0
2101051,5,1,0,1,1,1,31.08,63.24,2.26,0.0,85.8,501,1423,38.31
2101043,0,1,0,0,0,1,32.17,68.41,2.1,0.0,140.6,488,1404,29.98
2101019,3,0,0,0,0,1,35.2,69.83,2.85,0.0,124.3,438,1419,26.17
2101068,5,1,0,1,1,1,29.85,54.8,3.2,0.59,103.8,472,1369,37.5
2101117,0,0,1,0,0,1,29.9,46.01,2.19,0.55,78.7,468,1307,22.26
2101062,0,1,1,0,0,1,31.48,75.0,3.1,8.11,129.8,458,1408,36.33
2101100,6,0,0,1,1,1,29.87,59.38,2.02,0.0,121.5,455,1436,33.55
2101126,5,2,0,1,1,1,28.63,57.84,2.73,2.29,74.5,446,1333,60.77
2101096,0,2,1,0,0,1,33.13,76.18,1.48,0.39,155.3,368,1412,57.73
2101050,0,1,0,0,0,1,31.97,72.35,1.39,0.0,143.3,487,1402,37.31
2101156,1,1,0,0,0,1,28.15,44.68,1.48,1.62,84.7,465,1351,32.99
2101143,5,1,0,1,1,1,30.92,61.28,2.26,0.0,89.5,522,1439,42.16
2101093,5,0,0,1,1,1,30.2,56.99,2.45,2.29,86.5,461,1329,29.18
2101036,4,2,1,0,0,0,31.65,58.68,3.62,1.0,97.0,459,1408,46.2
2101099,2,2,0,0,0,1,31.91,82.15,2.87,0.0,122.9,436,1390,41.62
2101072,1,1,1,0,0,1,32.03,73.58,1.41,0.0,132.1,422,1342,47.25
2101097,4,0,0,0,0,0,31.37,65.79,3.48,0.0,101.1,510,1431,10.0
2101025,2,1,0,0,0,0,26.18,40.25,2.54,0.0,69.4,421,1432,37.78
2101091,1,0,0,0,1,1,33.31,74.39,2.04,0.0,126.1,407,1358,20.78
2101011,4,2,0,0,0,1,28.7,46.13,3.58,1.59,99.0,430,1335,37.82
2101081,4,2,0,0,0,0,31.68,59.11,4.04,0.23,99.9,409,1333,41.87
2101140,4,1,0,0,1,0,32.98,57.03,4.36,0.0,96.6,471,1296,36.35
2101033,2,1,0,0,0,0,26.93,43.16,2.43,0.52,83.7,361,1377,30.91
2101026,5,2,0,1,1,1,29.42,58.42,2.99,0.06,92.2,476,1439,54.07
2101059,6,0,1,1,1,0,31.98,51.6,2.3,0.0,119.6,440,1436,16.94
2101181,4,2,1,0,0,1,28.02,49.5,2.9,0.0,79.4,487,1367,48.63
2101053,4,2,0,0,0,0,33.41,64.27,4.23,1.69,92.7,474,1420,26.97
2101188,1,1,0,0,0,1,33.34,74.04,2.65,0.0,145.8,477,1395,41.43
2101050,5,2,1,1,1,1,27.6,53.41,4.61,1.9,67.2,559,1429,60.18
2101012,4,2,0,0,0,1,27.84,50.71,3.77,2.25,78.5,443,1361,36.96
2101156,4,2,0,0,0,1,29.62,51.96,2.92,0.36,91.9,468,1350,40.06
2101024,6,0,0,1,1,1,29.18,66.21,2.38,1.26,141.2,590,1396,25.31
2101023,0,2,0,0,0,1,28.89,41.56,1.43,0.0,90.9,411,1404,38.53
2101107,2,1,0,0,0,1,32.47,77.54,3.33,0.0,144.6,414,1301,27.38
2101041,1,2,1,0,0,1,28.05,44.01,3.1,0.61,79.0,386,1364,52.38
2101121,1,2,1,0,0,1,28.39,48.92,3.65,0.12,80.1,474,1416,43.93
2101105,5,0,0,1,1,1,29.87,56.59,2.26,2.1,96.8,450,1395,26.56
2101143,2,1,0,0,0,0,25.46,44.67,1.53,0.35,71.3,498,1432,22.58
2101063,3,1,0,0,0,1,34.87,66.65,4.02,1.09,115.3,454,1388,44.76
2101056,2,1,0,0,0,0,25.68,46.92,2.47,0.18,75.1,390,1370,33.61
2101048,4,2,0,0,0,1,28.23,48.18,2.94,0.94,93.6,413,1356,47.51
2101150,1,1,1,0,0,1,34.98,74.05,2.68,2.19,130.1,492,1283,25.49
2101075,6,2,0,1,1,0,31.4,49.43,2.85,0.0,112.7,508,1439,52.24
2101170,2,2,1,0,1,0,25.8,43.0,3.22,2.05,70.3,416,1383,42.15
2101100,0,0,0,0,0,1,30.07,67.3,0.91,0.0,135.7,438,1421,15.37
2101158,2,1,1,0,0,0,25.08,46.25,2.78,0.27,78.6,441,1273,39.81
2101135,6,1,0,1,0,1,28.52,68.84,2.08,0.0,112.3,487,1386,32.59
2101138,5,1,0,1,1,1,28.2,57.51,2.25,0.0,89.4,384,1422,47.72
2101194,3,0,0,0,0,1,24.96,51.31,4.48,0.0,79.6,464,1259,20.0
2101091,5,0,1,1,1,1,30.12,55.38,2.5,0.0,80.1,439,1404,37.75
2101170,5,1,0,1,1,1,30.93,60.45,1.53,2.56,99.6,433,1398,37.25
2101165,4,0,0,0,0,0,33.18,60.96,3.09,1.06,109.7,446,1428,10.0
2101086,1,1,1,0,0,1,33.0,74.67,1.58,0.16,140.3,473,1353,40.16
2101139,3,0,1,0,1,1,26.24,50.43,3.12,0.0,87.7,395,1404,25.81
2101090,4,0,1,0,0,0,32.55,57.55,3.57,0.83,107.2,391,1412,29.04
2101133,6,1,0,1,1,1,30.54,62.65,1.95,2.9,122.2,492,1439,46.62
2101083,6,1,0,1,1,0,30.5,50.81,2.37,1.41,84.6,402,1345,39.8
2101099,6,2,0,1,1,1,29.47,61.5,1.95,0.0,111.1,479,1415,53.27
2101048,2,1,0,0,0,1,30.65,73.23,3.36,0.0,138.3,415,1355,40.39
2101127,2,1,0,0,0,1,31.67,77.58,3.42,0.35,104.1,381,1339,33.05
2101190,5,0,1,1,1,1,32.37,61.98,2.69,0.26,96.9,439,1364,27.51
2101071,0,1,0,0,0,1,31.26,71.28,1.82,1.36,153.6,498,1343,27.46
2101014,0,2,0,0,0,1,30.31,44.18,1.97,0.0,93.0,479,1361,47.19
2101141,2,1,0,0,0,0,26.2,43.49,2.42,0.0,86.7,381,1330,29.88
2101041,2,0,0,0,0,0,26.34,43.28,2.13,0.0,70.8,377,1342,19.31
2101139,3,1,0,0,0,1,33.72,63.26,3.55,1.38,106.5,387,1409,26.82
2101132,2,2,0,0,0,1,31.46,75.83,3.71,0.95,131.3,423,1397,47.12
2101189,1,2,0,0,0,1,26.53,40.56,2.21,0.34,78.4,469,1348,45.31
2101118,2,0,0,0,0,0,25.43,39.15,2.01,0.0,80.2,375,1352,18.2
2101024,0,2,0,0,0,1,30.79,70.47,3.93,7.62,130.7,557,1400,42.26
2101056,6,2,0,1,1,1,28.36,62.5,1.72,0.0,131.2,435,1344,44.17
2101054,5,1,0,1,1,1,30.45,60.4,2.47,0.0,92.7,534,1366,45.43
2101187,2,1,0,0,0,1,32.57,83.21,3.63,0.0,136.5,327,1353,31.7
2101172,3,0,1,0,1,1,33.68,65.35,4.3,0.0,109.8,539,1411,25.5
2101082,6,0,0,1,1,1,28.37,66.49,3.06,0.0,110.1,399,1387,37.14
2101175,6,2,0,1,1,0,29.43,49.85,3.1,0.0,103.7,475,1439,51.52
2101119,0,0,0,0,0,1,30.23,66.29,3.49,9.04,131.2,462,1359,19.28
2101063,2,1,0,0,0,0,26.14,40.78,2.78,0.87,74.5,435,1405,43.27
2101019,1,2,1,0,0,1,28.24,50.57,2.55,0.11,65.7,423,1367,51.71
2101182,1,2,1,0,0,1,33.26,73.16,2.96,0.0,119.5,479,1326,41.85
2101178,1,0,0,0,0,1,29.15,44.23,2.04,0.0,106.8,456,1413,17.32
2101149,5,0,1,1,1,1,30.81,66.65,2.19,0.0,92.7,503,1439,28.3
2101021,5,0,0,1,1,1,27.76,54.36,4.28,0.49,93.0,446,1439,19.33
2101111,2,2,0,0,0,1,31.52,77.06,3.63,0.0,116.9,448,1431,43.19
2101079,2,0,0,0,0,1,32.1,78.95,2.23,0.17,130.9,473,1347,15.59
2101136,2,0,0,0,0,0,26.34,47.59,2.33,0.41,71.5,436,1314,19.04
2101177,3,1,0,0,1,1,24.96,49.25,2.41,0.0,84.8,465,1439,39.95
2101107,5,1,1,1,1,1,29.88,54.04,2.94,0.0,101.9,426,1311,43.97
2101189,0,0,0,0,0,1,29.67,39.55,1.3,1.23,97.8,455,1340,23.61
2101039,5,0,1,1,1,1,31.38,64.06,2.54,0.0,101.3,446,1424,29.44
2101021,0,0,0,0,0,1,30.69,65.0,2.02,6.18,124.3,405,1391,10.0
2101024,2,1,0,0,0,0,26.76,41.65,3.65,0.0,90.4,494,1404,29.1
2101036,3,1,0,0,0,1,25.88,49.85,3.13,0.0,77.2,477,1364,27.81
2101066,6,1,0,1,1,1,29.55,60.26,2.39,0.0,125.6,528,1439,39.18
2101062,1,0,0,0,0,1,25.92,54.35,2.98,0.0,100.6,445,1405,22.2
2101156,4,0,0,0,0,1,27.22,53.65,3.96,0.0,85.5,472,1356,19.76
2101057,5,2,0,1,1,1,29.26,58.98,3.1,1.69,89.9,491,1417,56.61
2101177,3,0,0,0,1,1,33.76,70.9,3.52,1.71,112.6,452,1437,22.56
2101151,0,0,1,0,1,1,32.02,70.98,1.51,1.06,148.4,456,1413,32.9
2101188,4,0,0,0,0,0,31.85,61.52,3.42,0.0,103.1,467,1419,22.17
2101198,4,2,0,0,0,0,32.35,55.3,4.25,0.26,95.2,480,1360,37.33
2101015,6,1,0,1,1,1,29.09,66.32,2.73,0.0,128.2,432,1369,47.27
2101136,6,1,1,1,1,1,29.54,59.38,2.86,0.0,117.5,459,1315,47.32
2101173,0,0,0,0,0,1,30.72,72.79,1.99,0.43,131.9,475,1425,16.19
2101007,0,1,0,0,1,1,28.73,39.26,3.13,1.88,91.0,351,1381,30.65
2101033,5,2,0,1,1,1,28.65,57.01,4.23,1.21,72.3,415,1354,51.11
2101060,1,2,1,0,0,1,33.56,77.16,2.81,0.43,115.2,432,1383,54.65
2101042,4,1,0,0,0,1,28.92,51.09,3.75,1.81,84.1,403,1327,37.81
2101160,1,2,1,0,0,1,33.43,72.4,2.42,0.38,120.8,477,1407,47.45
2101027,0,0,0,0,0,1,27.46,47.48,3.11,1.36,88.2,437,1439,18.15
2101184,5,0,0,1,1,1,29.27,58.45,4.3,0.0,77.5,403,1365,35.02
2101072,4,0,0,0,0,0,33.21,62.63,3.7,0.0,99.3,397,1378,29.56
2101119,5,0,1,1,1,1,31.52,55.81,1.44,0.59,99.9,535,1398,24.49
2101082,4,2,0,0,0,0,32.68,63.6,4.91,2.06,97.0,366,1376,46.2
2101070,3,2,0,0,0,1,26.67,54.4,3.05,0.0,82.3,464,1417,37.19
2101173,3,0,0,0,0,1,33.51,60.5,4.56,0.29,121.0,442,1430,19.77
2101071,0,1,1,0,0,1,30.08,70.11,3.39,8.74,135.2,495,1343,39.45
2101195,6,0,0,1,1,0,31.64,46.81,2.8,0.0,87.6,472,1432,27.51
2101127,0,2,0,0,0,1,30.07,43.09,1.78,3.02,86.4,397,1353,42.58
2101072,0,0,0,0,0,1,29.81,47.73,1.91,1.68,109.8,419,1342,18.37
2101172,1,1,1,0,0,1,27.69,45.92,3.04,0.0,85.3,510,1429,35.8
2101056,1,0,1,0,0,1,28.17,46.49,3.13,0.0,79.7,410,1345,19.0
2101068,0,2,0,0,0,1,29.34,43.07,1.93,0.0,93.5,456,1374,37.96
2101177,0,2,0,0,1,1,30.95,65.77,2.81,11.55,134.6,459,1427,46.81
2101038,5,2,0,1,1,1,29.1,60.42,2.92,0.7,65.8,518,1435,53.41
2101176,4,0,1,0,0,1,27.92,57.07,3.35,0.85,96.0,382,1418,25.99
2101001,3,2,1,0,1,1,25.88,45.77,2.66,0.18,68.6,493,1380,59.81
2101002,2,0,0,0,0,0,25.25,40.6,1.37,0.0,66.8,376,1397,10.0
2101028,5,2,0,1,0,1,31.94,61.4,1.71,0.8,93.6,416,1401,61.11
2101123,0,2,0,0,1,1,30.58,71.47,4.02,6.93,115.3,409,1384,42.15
2101170,6,1,0,1,1,0,28.7,56.75,1.81,0.28,95.8,427,1400,34.18
2101169,3,1,0,0,0,1,33.7,64.41,3.85,0.0,116.9,377,1345,33.01
2101125,5,2,0,1,1,1,27.5,57.2,2.78,0.58,95.8,501,1439,64.05
2101128,2,0,0,0,0,1,32.67,76.07,2.5,1.26,115.4,466,1318,16.61
2101198,5,0,0,1,1,1,29.26,60.56,2.95,0.0,75.7,501,1345,29.46
2101189,2,1,0,0,0,0,26.85,42.23,2.59,3.24,75.6,440,1392,38.99
2101014,1,0,1,0,1,1,32.76,74.2,1.7,0.0,130.7,452,1352,26.87
2101112,0,2,0,0,0,1,30.89,68.07,1.83,0.0,130.3,438,1375,43.14
2101073,6,2,0,1,1,0,30.68,51.29,2.33,0.1,94.6,453,1439,38.82
2101027,0,1,1,0,0,1,31.63,67.89,1.19,0.0,158.8,406,1409,41.0
2101159,2,0,0,0,1,1,30.89,72.1,2.73,0.95,124.7,467,1417,24.35
2101108,0,2,0,0,0,1,29.57,47.4,2.6,0.0,89.1,412,1378,47.21
2101132,0,1,1,0,0,1,31.34,67.81,2.58,5.26,118.2,409,1414,36.1
2101103,6,0,1,1,1,0,31.42,53.37,3.21,0.0,113.5,457,1432,21.29
2101014,5,1,1,1,1,1,28.36,54.96,2.9,1.71,86.9,494,1318,52.08
2101173,6,2,0,1,1,1,27.09,62.8,1.74,1.0,117.9,486,1419,51.99
2101080,5,0,0,1,1,1,29.32,58.07,3.08,0.0,78.3,440,1397,25.56
2101044,2,2,1,0,1,0,25.79,46.42,2.08,0.47,76.1,404,1410,42.46
2101127,6,1,1,1,1,0,31.2,50.89,2.83,0.0,118.9,432,1394,34.73
2101061,0,2,1,0,0,1,30.27,43.37,2.09,0.0,99.8,413,1373,38.68
2101137,3,2,0,0,0,1,35.32,63.18,3.91,1.8,120.2,434,1422,43.11
2101102,0,2,1,0,0,1,30.66,38.3,2.26,0.79,76.5,489,1397,41.83
2101090,5,1,0,1,0,1,31.91,58.21,2.21,3.16,92.4,421,1432,45.02
2101020,3,1,1,0,0,1,35.24,63.34,3.77,0.0,114.5,473,1376,37.94
2101038,0,2,1,0,0,1,30.83,69.21,2.09,9.52,131.5,511,1400,47.67
2101173,0,0,0,0,0,1,30.65,67.04,1.29,0.13,139.0,440,1421,18.92
2101193,1,0,1,0,0,1,33.93,81.55,2.11,1.28,128.3,493,1360,23.09
2101110,2,1,0,0,0,1,31.4,77.12,3.09,1.12,134.0,512,1405,37.13
2101093,0,2,0,0,0,1,30.87,65.26,3.49,8.25,112.6,416,1357,48.29
2101036,3,2,0,0,0,1,25.57,47.69,1.83,1.62,84.7,496,1385,46.41
2101143,6,2,0,1,1,1,28.68,60.01,2.82,0.08,94.9,505,1439,41.19
2101129,3,0,1,0,0,1,33.5,64.76,3.04,0.59,114.1,362,1341,25.32
2101107,3,0,0,0,0,1,26.76,55.19,2.47,0.58,64.0,407,1336,10.8
2101054,5,0,0,1,1,1,30.84,59.29,2.62,0.36,90.3,534,1383,30.73
2101017,0,2,0,0,0,1,30.43,47.93,1.8,0.0,93.4,353,1439,45.82
2101193,0,1,1,0,0,1,31.77,73.08,1.68,1.23,140.5,488,1399,40.24
2101048,2,0,0,0,0,0,25.18,46.18,2.1,0.87,92.1,402,1369,20.23
2101130,5,2,0,1,1,1,30.29,58.63,2.6,0.41,84.1,466,1439,42.87
2101013,2,1,0,0,0,0,26.62,44.3,2.91,1.26,70.6,308,1385,39.08
2101136,2,2,1,0,0,1,32.92,78.28,4.39,0.0,128.6,411,1326,53.66
2101038,1,1,0,0,0,1,28.05,49.23,2.18,0.0,91.2,482,1424,31.34
2101140,4,0,0,0,1,0,32.8,61.96,3.45,0.0,93.3,458,1329,24.23
2101040,0,2,1,0,0,1,31.51,64.39,3.32,7.27,147.0,425,1306,47.88
2101099,6,0,0,1,1,1,29.28,63.93,2.02,1.14,132.1,477,1385,28.36
2101083,2,0,1,0,1,1,32.38,78.79,3.75,0.56,119.1,430,1307,32.78
2101102,0,2,0,0,0,1,29.69,42.13,1.71,0.0,97.9,471,1423,34.56
2101065,0,1,0,0,1,1,30.66,68.24,3.64,6.19,119.3,491,1304,36.53
2101068,5,1,0,1,1,1,29.6,57.21,2.9,1.66,91.0,524,1399,44.18
2101073,3,0,0,0,0,1,25.63,48.12,3.15,2.46,64.2,408,1438,24.66
2101127,2,2,0,0,0,0,26.56,40.97,2.41,1.06,88.5,373,1402,41.34
2101163,0,1,0,0,0,1,30.39,73.53,0.82,2.62,150.8,442,1396,35.94
2101073,4,2,0,0,0,1,27.88,46.76,2.82,0.0,91.4,396,1439,45.45
2101005,0,1,0,0,0,1,29.53,47.64,2.35,0.69,100.1,447,1379,31.91
2101039,1,2,0,0,0,1,32.98,70.46,1.32,0.0,128.7,430,1439,49.59
2101021,3,2,0,0,0,1,33.67,61.77,3.06,2.75,110.6,393,1436,38.1
2101126,1,2,0,0,0,1,29.63,45.58,3.2,0.76,95.4,454,1382,40.38
2101161,3,0,1,0,1,1,25.36,54.72,1.84,0.59,72.7,439,1384,33.08
2101043,0,2,0,0,0,1,29.86,40.76,2.87,1.37,95.2,488,1348,45.11
2101107,2,1,0,0,0,0,25.96,44.42,2.29,0.0,66.8,393,1314,24.96
2101096,6,1,0,1,1,1,30.0,63.68,2.66,0.0,115.7,419,1435,44.39
2101088,3,0,0,0,0,1,26.53,54.01,2.17,0.0,53.7,487,1397,21.28
2101177,5,1,0,1,1,1,32.72,57.17,3.29,0.0,92.6,488,1439,47.71
2101054,2,0,0,0,0,0,25.01,43.24,1.72,0.0,63.2,471,1387,15.64
2101125,1,0,1,0,0,1,28.22,43.08,2.22,1.02,76.7,449,1390,24.16
2101108,1,2,1,0,0,1,33.26,75.59,3.01,1.7,125.7,451,1413,54.78
2101175,0,2,1,0,0,1,32.31,75.84,1.44,0.4,145.1,493,1381,45.08
2101045,2,1,0,0,1,0,26.29,47.35,1.45,0.0,75.3,536,1375,25.6
2101186,5,2,0,1,1,1,30.44,57.96,2.13,0.0,96.4,458,1433,47.55
2101171,1,0,0,0,0,1,27.67,44.72,2.13,0.98,90.5,445,1439,16.79
2101090,4,2,1,0,0,0,31.26,58.32,3.49,0.0,108.6,403,1438,48.68
2101164,3,0,0,0,1,1,33.08,70.24,3.35,0.49,129.2,485,1368,23.2
2101129,2,1,0,0,0,1,32.21,72.09,2.71,0.0,116.6,354,1366,32.0
2101065,5,0,0,1,1,1,29.49,55.03,3.43,0.38,83.9,548,1312,21.83
2101170,5,1,0,1,1,1,29.37,62.66,4.24,0.33,78.2,428,1388,35.42
2101005,6,1,1,1,1,0,30.99,54.13,1.84,2.04,119.1,480,1410,38.96
2101028,5,1,0,1,1,1,30.67,58.48,2.03,0.0,89.2,420,1405,47.62
2101177,1,1,1,0,1,1,27.93,47.29,2.38,0.04,82.7,474,1439,43.29
2101158,0,0,1,0,0,1,30.34,68.75,3.86,5.1,131.8,445,1244,28.48
2101060,5,1,0,1,0,1,30.61,59.39,1.75,0.36,81.2,463,1372,42.06
2101197,1,2,0,0,0,1,27.28,49.33,2.7,0.44,68.5,401,1356,36.89
2101131,6,1,1,1,1,0,31.57,50.0,1.97,0.0,103.6,435,1339,40.47
2101049,2,1,1,0,1,0,26.4,42.36,2.2,1.72,72.1,503,1358,37.03
2101171,6,0,0,1,1,0,31.36,52.15,2.7,0.0,93.5,460,1432,24.51
2101198,2,1,1,0,0,0,25.6,44.21,2.44,2.17,67.0,470,1363,27.77
2101159,1,2,0,0,0,1,26.99,44.29,3.07,0.98,68.4,442,1439,47.38
2101125,3,1,1,0,0,1,25.8,46.14,3.17,1.1,85.0,465,1439,44.65
2101172,0,0,0,0,0,1,31.41,69.6,2.77,7.5,123.5,529,1401,13.12
2101161,2,2,1,0,1,1,31.94,75.74,3.43,0.0,140.0,427,1373,55.18
2101098,1,2,0,0,0,1,28.27,47.61,3.19,0.81,79.6,389,1345,47.46
2101151,6,1,1,1,1,0,32.13,49.5,1.8,1.26,109.7,465,1426,37.89
2101168,5,0,0,1,1,1,31.18,60.04,1.19,0.08,108.7,453,1428,33.12
2101007,3,2,0,0,0,1,33.8,66.68,3.49,1.12,103.1,339,1385,39.82
2101092,0,0,1,0,0,1,31.49,66.0,1.7,0.0,151.1,451,1360,19.38
2101187,6,2,1,1,1,0,32.71,51.61,1.75,1.13,102.0,399,1376,46.58
2101053,5,1,0,1,0,1,28.3,57.36,3.33,0.9,87.8,447,1371,33.08
2101123,1,1,0,0,1,1,33.69,78.04,2.86,0.0,126.3,421,1377,31.87
2101096,6,2,0,1,1,0,31.68,54.19,1.44,3.1,108.3,402,1439,60.45
2101117,0,0,0,0,0,1,30.78,68.19,3.9,9.79,130.9,462,1359,17.31
2101067,0,0,0,0,0,1,32.73,72.05,2.88,8.73,125.7,388,1425,29.66
2101127,3,2,0,0,0,1,34.8,64.67,3.91,1.13,113.9,396,1374,47.7
2101153,0,2,0,0,0,1,31.22,75.13,1.53,0.04,153.7,459,1349,38.85
2101147,3,2,0,0,0,1,26.14,51.89,4.51,1.25,82.3,400,1348,41.75
2101166,0,0,0,0,0,1,31.91,73.3,1.46,3.25,148.6,424,1317,30.77
2101051,4,0,0,0,0,0,31.68,56.66,4.09,0.09,112.3,421,1439,14.72
2101029,0,1,0,0,1,1,29.47,45.96,0.75,0.0,106.8,477,1424,38.25
2101108,6,2,0,1,1,1,28.8,64.23,2.35,0.71,101.0,453,1431,58.35
2101033,1,2,0,0,0,1,33.87,78.7,2.59,0.19,130.3,345,1317,55.25
2101125,2,2,0,0,0,0,26.76,40.09,1.99,2.03,90.9,448,1430,42.0
2101077,0,1,1,0,1,1,29.97,39.6,1.56,0.0,93.1,367,1329,44.23
2101143,1,2,0,0,0,1,34.26,71.71,2.23,0.0,128.8,487,1434,40.83
2101093,5,0,0,1,1,1,29.29,52.89,3.64,0.0,84.2,460,1381,28.14
2101112,5,0,1,1,1,1,28.79,54.51,3.15,1.29,89.0,496,1404,24.24
2101191,0,1,0,0,0,1,29.81,36.7,1.66,1.45,94.5,384,1347,29.95
2101126,0,0,1,0,0,1,30.51,67.11,3.2,8.1,114.3,443,1351,30.92
2101188,2,2,0,0,0,0,26.05,42.1,1.13,1.4,77.6,453,1375,47.62
2101049,6,2,0,1,1,1,28.58,63.76,3.27,0.55,118.2,515,1320,49.77
2101193,0,0,0,0,0,1,30.96,71.09,3.05,7.61,124.5,498,1352,24.57
2101043,1,0,0,0,0,1,26.24,44.68,2.76,0.0,106.0,492,1409,11.98
2101146,4,0,0,0,0,0,33.1,59.0,3.59,0.0,89.6,443,1369,29.35
2101010,2,0,1,0,0,1,31.73,74.74,2.82,0.0,122.1,488,1417,28.91
2101135,1,1,1,0,0,1,26.26,42.93,3.37,0.63,68.2,479,1414,41.55
2101176,2,1,1,0,0,1,32.25,80.15,2.38,0.18,137.2,386,1411,36.66
2101054,4,2,1,0,0,1,27.17,47.06,4.14,0.0,84.9,498,1346,53.31
2101032,6,1,1,1,1,1,29.98,65.42,2.71,0.24,123.1,441,1421,48.64
2101075,3,2,0,0,1,1,34.58,63.81,3.04,0.0,114.7,501,1423,53.48
2101014,1,2,1,0,0,1,26.69,46.41,2.06,0.54,83.4,490,1369,49.05
2101001,0,2,0,0,0,1,32.6,70.87,2.18,0.0,127.4,478,1371,59.85
2101086,2,0,0,0,0,1,31.61,80.15,2.87,0.0,120.1,443,1347,20.15
2101166,5,1,1,1,1,1,31.46,53.21,2.01,1.76,98.7,462,1322,54.93
2101081,6,2,0,1,1,1,29.46,65.61,1.68,0.28,117.0,466,1280,53.03
2101055,0,2,0,0,1,1,30.2,70.84,3.44,9.65,112.0,434,1413,51.72
2101045,2,0,1,0,0,0,25.1,42.46,3.1,0.0,76.6,526,1400,13.28
2101016,1,2,1,0,1,1,27.33,48.14,2.87,0.0,93.7,488,1358,49.68
2101079,1,2,0,0,0,1,27.04,55.43,3.05,0.0,74.6,483,1335,35.38
2101063,0,0,0,0,0,1,30.81,74.84,0.0,0.0,145.7,439,1377,24.1
2101090,5,0,0,1,1,1,32.55,59.77,1.64,0.92,90.5,457,1439,36.03
2101065,0,0,1,0,1,1,30.75,69.3,2.75,6.16,140.7,511,1294,17.95
2101118,6,1,0,1,1,0,29.61,54.07,2.88,0.47,84.9,414,1383,44.07
2101145,3,0,0,0,0,1,34.38,68.4,3.37,0.0,117.2,518,1439,18.58
2101003,3,0,0,0,1,1,33.99,69.14,3.8,0.89,127.2,472,1378,29.42
2101002,3,0,1,0,0,1,26.0,53.53,2.16,0.48,61.1,388,1385,19.94
2101056,0,0,0,0,0,1,32.31,76.74,0.99,1.53,137.1,410,1331,21.83
2101046,0,1,0,0,0,1,31.03,72.41,2.56,10.25,105.9,470,1341,37.27
2101018,6,0,0,1,1,1,28.87,58.85,2.41,0.0,96.5,509,1439,19.3
2101179,1,1,1,0,0,1,27.7,46.17,1.72,0.06,87.9,502,1432,35.45
2101018,0,2,1,0,0,1,29.2,42.49,1.83,0.0,100.5,474,1427,45.69
2101171,4,0,0,0,0,1,27.81,45.08,4.47,0.0,87.0,435,1425,24.25
2101014,1,1,0,0,0,1,27.39,42.33,2.38,0.37,76.7,463,1350,40.1
2101126,0,2,0,0,0,1,29.9,44.22,1.71,0.09,80.5,435,1364,47.59
2101077,4,0,0,0,0,0,32.15,59.13,2.43,0.99,109.7,293,1355,23.92
2101112,6,2,0,1,1,0,30.51,49.39,2.17,2.01,102.8,462,1439,40.54
2101104,4,2,1,0,0,1,28.03,48.36,4.12,1.22,85.8,469,1439,48.0
2101045,0,0,0,0,0,1,32.18,71.99,1.87,0.0,147.4,545,1341,19.11
2101021,0,2,1,0,0,1,31.46,74.32,1.57,0.37,147.6,395,1439,38.28
2101175,3,0,1,0,0,1,25.95,52.31,2.49,0.0,68.7,459,1424,28.49
2101146,5,2,0,1,1,1,31.79,59.74,2.44,0.0,84.1,463,1346,66.92
2101152,5,1,0,1,1,1,29.1,55.87,3.41,0.0,95.2,529,1428,42.24
2101123,0,0,0,0,0,1,32.32,69.26,1.54,0.47,136.1,408,1352,22.57
2101103,6,0,0,1,1,1,30.1,67.3,0.78,0.47,106.4,456,1439,22.6
2101170,1,1,0,0,0,1,32.55,80.5,3.08,0.0,136.0,410,1352,24.41
2101033,6,2,0,1,1,0,31.43,52.54,3.13,0.0,96.3,389,1388,49.15
2101121,0,0,0,0,0,1,30.2,68.06,2.77,6.13,117.6,477,1371,18.12
2101043,1,1,0,0,0,1,32.67,80.0,2.62,0.0,125.3,482,1371,37.46
2101130,2,0,0,0,0,0,27.52,39.48,1.73,0.0,67.1,434,1439,10.0
2101076,3,1,0,0,0,1,26.54,48.56,3.78,0.35,76.5,382,1346,36.98
2101086,6,0,1,1,0,0,29.72,52.82,2.67,1.11,104.9,490,1425,21.18
2101066,1,2,0,0,0,1,33.59,76.22,3.16,0.0,122.0,447,1439,45.83
2101119,0,1,0,0,1,1,29.78,46.14,1.83,0.25,76.1,509,1343,32.97
2101013,6,2,1,1,1,0,32.41,54.08,2.5,0.45,109.8,383,1431,59.25
2101154,6,0,0,1,0,1,28.99,68.23,2.18,0.0,133.6,489,1334,32.74
2101081,3,0,0,0,0,1,26.75,52.17,3.13,2.64,67.2,429,1317,19.43
2101196,5,0,1,1,1,1,31.42,62.22,2.88,3.28,101.3,524,1402,33.87
2101090,0,1,0,0,0,1,31.96,75.85,1.98,0.48,161.4,427,1418,40.78
2101025,1,2,0,0,0,1,28.02,47.26,2.26,0.0,79.4,400,1407,51.28
2101058,4,1,0,0,0,0,32.39,60.11,4.91,0.46,95.0,437,1348,40.41
2101092,3,1,1,0,0,1,27.1,52.67,2.88,1.43,67.0,469,1369,30.81
2101077,5,2,0,1,1,1,29.74,59.26,3.06,1.99,79.7,401,1348,54.65
2101053,5,0,0,1,1,1,30.13,63.55,2.07,0.0,86.9,485,1392,22.22
2101067,6,0,0,1,1,1,29.57,64.63,1.91,0.99,113.5,400,1422,32.56
2101146,0,2,0,0,1,1,29.29,39.74,1.81,0.0,109.6,421,1358,52.06
2101075,0,2,1,0,0,1,29.09,44.27,1.43,0.0,79.3,505,1429,48.53
2101031,4,0,0,0,1,1,27.65,52.87,3.73,0.53,100.6,533,1314,22.93
2101124,4,0,0,0,0,1,27.92,49.05,3.31,0.66,96.9,428,1335,18.81
2101148,6,1,1,1,0,1,29.14,63.54,2.34,0.0,115.9,521,1419,37.7
2101099,0,2,1,0,0,1,30.47,66.84,2.24,6.21,143.5,447,1398,46.66
2101145,2,0,1,0,0,1,32.53,77.71,3.36,0.0,123.2,512,1439,18.48
2101040,6,2,0,1,0,0,31.43,57.71,1.56,0.0,105.6,445,1359,43.72
2101029,0,1,0,0,0,1,30.72,69.31,3.59,8.78,135.9,485,1439,38.62
2101159,4,2,1,0,0,0,33.04,62.54,3.8,0.0,93.1,463,1428,49.73
2101158,0,1,0,0,0,1,30.21,72.2,0.8,1.95,155.0,444,1259,36.83
2101103,1,1,1,0,0,1,27.81,52.91,2.63,0.51,88.1,415,1423,27.48
2101097,4,1,0,0,0,1,28.3,55.5,3.76,0.36,85.8,515,1418,25.79
2101092,4,2,0,0,1,1,28.35,48.35,3.19,0.0,87.5,466,1370,46.7
2101044,5,1,1,1,0,1,28.71,52.36,3.85,0.0,84.5,433,1383,40.38
2101142,2,2,1,0,0,0,26.84,37.55,3.41,0.0,61.8,411,1439,45.21
2101076,2,2,0,0,1,1,32.18,72.35,3.87,0.0,127.1,436,1324,52.34
2101150,5,0,0,1,1,1,30.14,58.73,2.09,0.16,85.7,519,1323,25.35
2101088,6,2,0,1,1,0,31.35,49.95,3.51,1.68,100.4,479,1439,47.86
2101169,5,1,0,1,1,1,28.84,51.0,2.82,0.0,80.4,411,1385,47.32
2101169,5,0,1,1,1,1,28.36,55.29,2.94,0.8,88.2,406,1332,44.58
2101162,0,0,0,0,1,1,30.7,66.77,2.22,9.4,114.2,503,1439,18.55
2101054,0,0,0,0,1,1,33.32,74.79,2.65,0.0,153.7,504,1331,29.18
2101134,5,1,0,1,1,1,28.93,52.5,3.0,0.89,78.0,447,1394,44.58
2101150,2,0,1,0,1,0,25.87,45.41,2.85,0.08,69.8,489,1331,10.12
2101144,0,1,0,0,0,1,29.96,43.45,2.48,0.0,92.3,486,1397,23.35
2101175,4,2,0,0,0,1,28.79,47.03,3.47,0.99,92.6,489,1419,44.0
2101032,0,2,0,0,0,1,30.24,69.78,3.52,8.73,126.6,394,1419,53.77
2101131,0,2,1,0,0,1,28.92,35.88,1.75,0.66,92.6,405,1307,47.14
2101140,1,0,0,0,1,1,31.77,76.03,2.31,0.0,126.9,488,1289,26.71
2101072,3,0,1,0,0,1,26.2,51.73,2.23,1.39,85.1,434,1355,31.34
2101051,3,2,0,0,0,1,34.49,65.96,2.15,1.2,116.3,482,1407,43.86
2101113,3,2,0,0,1,1,33.74,69.29,3.75,0.0,125.4,539,1261,47.05
2101052,2,2,0,0,0,1,30.74,76.48,2.95,0.33,154.5,398,1265,45.35
2101118,2,0,1,0,1,1,32.22,80.83,2.57,0.55,125.4,406,1340,31.48
2101024,6,2,1,1,0,1,27.99,63.41,2.11,0.0,126.1,552,1380,48.13
2101079,5,1,0,1,1,1,32.4,60.6,1.53,1.35,114.9,522,1362,45.91
2101079,1,1,1,0,0,1,33.66,79.91,1.34,0.99,129.4,491,1330,33.8
2101146,2,1,1,0,0,1,31.03,80.05,2.18,1.91,134.2,409,1354,44.3
2101004,5,1,1,1,1,1,32.2,60.2,2.17,2.51,77.4,464,1436,50.22
2101073,5,2,0,1,0,1,30.34,64.27,3.06,0.0,99.8,444,1439,47.85
2101131,4,2,0,0,0,0,32.84,58.65,3.12,1.2,108.0,410,1306,37.07
2101099,0,0,0,0,0,1,30.66,70.07,2.48,9.79,138.1,421,1375,22.13
2101149,5,2,0,1,1,1,28.1,54.97,3.38,0.0,86.8,488,1403,48.3
2101173,1,0,1,0,0,1,28.16,44.81,2.05,0.0,100.2,448,1430,15.93
2101155,0,1,0,0,0,1,29.85,73.56,2.61,8.97,127.8,466,1406,33.27
2101067,5,1,0,1,1,1,32.06,58.66,1.06,0.0,96.5,393,1394,38.87
2101026,2,2,1,0,0,1,31.98,77.62,3.4,0.0,136.5,391,1365,48.18
2101018,4,0,0,0,0,0,31.18,60.86,4.3,0.36,96.7,447,1429,10.73
2101128,1,1,0,0,0,1,32.16,74.53,2.68,0.19,121.0,477,1292,37.37
2101026,0,0,0,0,0,1,31.94,72.01,3.11,7.75,133.1,391,1388,21.73
2101167,3,2,0,0,0,1,35.13,65.01,3.66,0.27,115.8,549,1351,48.91
2101116,6,1,0,1,0,0,30.67,46.64,1.68,1.91,87.0,422,1439,29.96
2101008,3,2,0,0,0,1,34.66,64.89,2.85,1.44,122.0,417,1337,45.49
2101158,0,2,0,0,0,1,30.22,67.73,3.6,8.47,115.9,462,1263,48.18
2101039,2,0,1,0,0,1,31.73,80.79,2.85,0.0,120.5,423,1428,29.3
2101198,0,2,1,0,0,1,29.66,44.34,2.42,0.0,85.0,493,1346,50.29
2101054,0,2,0,0,0,1,31.38,72.13,2.77,5.66,115.6,519,1338,50.14
2101110,0,2,0,0,0,1,30.72,49.14,2.02,0.0,86.4,511,1394,45.45
2101092,6,2,0,1,1,1,28.8,68.28,2.71,0.69,113.8,508,1386,56.93
2101071,6,2,1,1,1,1,28.17,64.4,2.11,0.63,127.5,518,1373,51.26
2101035,4,2,0,0,0,1,29.4,54.13,3.58,0.0,89.0,497,1365,45.73
2101013,4,2,0,0,1,1,28.35,49.98,3.21,0.0,96.6,340,1387,54.42
2101108,1,0,1,0,0,1,27.98,41.97,3.33,0.0,91.2,418,1399,30.45
2101196,1,2,0,0,0,1,27.55,42.41,1.71,0.0,83.8,471,1409,47.23
2101069,5,2,0,1,1,1,29.01,53.78,4.11,0.0,76.6,495,1439,48.16
2101060,6,2,1,1,1,0,31.32,55.77,3.35,0.0,99.8,479,1422,48.99
2101131,0,2,0,0,0,1,31.7,69.42,3.26,6.39,130.0,427,1304,50.09
2101199,6,2,1,1,1,1,29.32,65.78,3.27,3.28,115.2,437,1342,48.08
2101106,5,1,1,1,0,1,31.44,61.97,1.19,1.17,101.6,499,1401,41.96
2101193,6,0,0,1,1,0,30.13,50.74,1.82,0.0,97.3,518,1395,22.47
2101137,3,0,0,0,0,1,26.22,51.43,3.09,0.0,66.4,408,1414,16.4
2101159,6,0,1,1,1,1,29.55,63.8,2.24,0.0,106.1,501,1414,22.73
2101050,1,0,0,0,0,1,35.43,78.21,2.74,0.0,138.8,513,1387,28.55
2101110,1,2,0,0,0,1,33.05,79.53,2.0,0.0,133.4,514,1370,52.02
2101141,3,2,1,0,1,1,34.67,62.27,2.95,0.0,121.9,404,1339,46.7
2101073,6,0,0,1,0,0,31.16,52.96,2.92,1.35,113.6,410,1436,23.92
2101147,2,1,0,0,0,1,31.0,79.4,3.4,0.95,134.0,400,1341,36.94
2101077,0,2,0,0,0,1,31.04,37.47,1.95,1.23,85.5,347,1314,41.82
2101144,1,2,0,0,0,1,27.99,44.2,2.43,0.07,70.9,480,1395,49.26
2101091,0,1,0,0,0,1,30.33,70.68,2.84,8.75,129.6,372,1371,34.84
2101014,4,2,0,0,0,1,28.3,54.46,3.73,0.0,88.4,485,1355,44.33
2101020,3,0,1,0,0,1,35.15,70.61,3.47,0.0,135.0,442,1396,15.95
2101189,4,2,0,0,0,1,27.77,50.46,3.82,0.09,94.9,457,1366,51.77
2101127,5,2,0,1,1,1,30.51,58.38,2.76,0.0,83.8,426,1384,46.5
2101115,3,1,0,0,0,1,26.21,56.44,2.39,0.0,62.9,422,1365,30.94
2101154,3,0,0,0,0,1,26.25,54.23,2.98,0.0,68.3,424,1292,30.99
2101055,4,0,0,0,1,0,34.18,64.8,4.36,1.31,106.0,435,1410,22.81
2101073,3,1,1,0,0,1,27.16,52.19,1.74,0.0,59.1,408,1422,33.03
2101087,2,0,0,0,0,1,32.12,74.14,4.59,0.0,128.5,348,1375,31.95
2101131,2,0,0,0,0,0,26.63,39.1,2.72,0.0,75.0,401,1337,16.68
2101104,6,0,0,1,1,1,30.64,64.88,2.82,1.96,124.3,510,1434,27.62
2101055,0,2,0,0,0,1,31.94,70.2,3.15,7.0,126.4,433,1392,46.15
2101104,4,1,0,0,1,0,31.16,61.93,2.11,1.21,89.0,470,1439,34.88
2101075,4,1,0,0,0,0,32.48,65.67,4.45,0.0,105.2,478,1439,33.35
2101050,2,1,0,0,0,0,25.55,46.61,2.25,1.92,72.2,523,1423,35.37
2101039,5,2,0,1,1,1,30.75,61.8,3.07,0.0,71.7,455,1439,57.0
2101053,3,0,0,0,0,1,25.47,54.76,2.7,0.0,65.3,451,1378,11.05
2101108,3,0,0,0,0,1,34.53,63.07,4.16,0.01,126.4,388,1384,25.23
2101073,2,1,0,0,0,1,32.15,76.22,2.93,0.37,143.0,427,1410,34.04
2101085,0,2,0,0,0,1,32.88,73.23,1.4,0.0,142.9,409,1432,46.45
2101156,0,1,1,0,0,1,30.77,45.79,2.71,0.36,98.7,465,1377,33.23
2101139,3,2,1,0,0,1,33.98,68.92,3.71,0.36,109.2,380,1389,42.41
2101088,4,2,0,0,1,0,32.02,62.84,3.06,0.66,80.6,470,1406,44.6
2101115,6,1,0,1,1,1,28.97,62.41,1.2,0.0,108.3,485,1396,38.5
2101008,5,2,0,1,1,1,28.61,57.3,3.37,0.0,96.2,487,1386,56.65
2101082,5,2,0,1,0,1,29.03,58.27,3.1,0.0,93.4,369,1400,48.97
2101090,1,0,1,0,0,1,27.71,41.22,3.51,0.08,86.6,390,1412,26.32
2101060,1,1,1,0,1,1,33.1,75.76,2.16,0.0,114.5,428,1416,41.93
2101041,4,0,1,0,0,1,29.15,50.91,2.5,0.0,107.9,394,1346,23.16
2101148,2,1,0,0,0,0,25.27,47.55,2.19,2.0,79.4,477,1400,23.67
2101003,6,0,0,1,1,1,28.61,65.52,1.84,0.0,128.6,514,1404,31.32
2101195,0,2,0,0,0,1,28.05,40.68,2.13,2.69,94.3,486,1394,34.41
2101195,2,0,0,0,0,1,31.88,79.05,3.08,0.94,118.1,464,1387,13.23
2101125,1,2,0,0,0,1,27.21,46.5,3.39,0.0,89.7,450,1415,46.0
2101059,6,2,1,1,1,0,32.37,55.77,2.8,0.0,91.6,438,1439,44.37
2101059,2,1,1,0,0,0,27.07,45.28,2.03,0.2,87.4,398,1431,19.13
2101107,5,1,0,1,1,1,31.54,61.38,2.53,0.8,92.7,482,1372,38.64
2101134,4,2,0,0,0,0,33.9,64.23,4.07,2.26,120.6,381,1414,38.01
2101072,1,1,0,0,0,1,33.75,82.53,2.2,0.4,125.1,389,1321,36.53
2101088,0,0,0,0,0,1,32.09,67.46,3.03,7.72,121.3,471,1409,16.21
2101011,4,0,1,0,0,1,28.39,53.04,3.79,0.0,88.5,423,1348,21.31
2101177,6,1,0,1,1,0,30.02,50.86,3.06,0.0,107.6,491,1437,40.05
2101180,3,1,0,0,0,1,33.58,60.55,4.14,3.81,115.4,413,1347,38.17
2101053,2,2,1,0,0,0,26.08,44.02,1.96,1.56,71.6,451,1411,45.23
2101187,6,0,0,1,1,0,29.88,50.86,2.8,0.0,111.2,359,1381,25.56
2101169,2,0,0,0,0,0,25.66,44.57,1.58,0.3,64.1,389,1401,22.73
2101038,1,2,0,0,0,1,32.58,80.64,2.46,1.11,121.3,489,1430,42.24
2101031,2,2,1,0,0,1,32.79,78.29,3.28,0.0,119.6,499,1343,48.39
2101084,4,2,0,0,1,1,27.42,51.14,3.24,0.0,86.3,420,1295,41.78
2101138,0,0,1,0,0,1,31.5,73.25,1.12,0.94,141.0,388,1439,20.16
2101075,3,1,0,0,0,1,26.19,49.98,2.67,1.94,71.0,475,1427,43.25
2101146,6,2,1,1,1,0,30.1,54.4,3.87,1.9,112.2,464,1367,53.54
2101034,0,2,1,0,1,1,31.97,70.47,2.4,0.1,147.1,520,1437,50.85
2101185,4,1,1,0,0,1,28.65,47.91,3.37,0.0,86.0,426,1432,34.05
2101132,3,1,0,0,1,1,26.2,56.25,2.58,0.0,65.0,463,1355,36.24
2101050,5,1,0,1,1,1,28.21,58.95,3.08,0.22,99.9,573,1412,42.12
2101156,6,0,0,1,1,1,29.5,63.37,2.65,0.98,106.1,498,1385,26.64
2101082,3,2,0,0,0,1,24.77,56.39,2.88,0.0,63.5,353,1386,42.85
2101152,5,1,0,1,1,1,31.03,59.72,4.37,0.0,86.7,529,1435,37.55
2101140,1,1,1,0,1,1,32.98,75.15,2.79,0.0,138.3,441,1310,44.43
2101135,6,2,0,1,1,1,28.8,69.98,2.81,0.0,124.9,500,1402,51.24
2101025,6,2,0,1,1,1,27.97,67.41,1.52,0.0,107.8,437,1387,57.25
2101004,3,2,0,0,0,1,26.07,52.99,3.27,2.24,73.1,484,1414,49.38
2101140,5,0,0,1,0,1,30.37,49.5,3.31,2.51,85.6,484,1303,22.25
2101046,4,2,0,0,0,1,27.8,50.99,4.25,1.72,100.5,429,1353,47.15
2101014,6,1,1,1,1,1,28.16,62.24,0.69,0.0,116.9,517,1359,43.84
2101103,6,1,1,1,1,1,28.36,63.61,2.88,0.4,113.2,460,1439,39.96
2101186,0,1,0,0,0,1,29.67,38.54,2.12,2.85,80.4,437,1436,30.04
2101140,5,0,1,1,1,1,29.47,58.96,3.24,0.45,86.4,491,1293,32.63
2101060,6,2,1,1,1,1,30.69,64.35,2.53,0.0,130.1,481,1433,51.19
2101077,4,1,0,0,0,0,32.58,66.03,5.22,0.67,95.7,356,1353,31.34
2101139,0,0,1,0,0,1,30.55,65.33,1.8,0.0,138.9,386,1376,18.59
2101090,2,2,1,0,1,1,31.95,78.34,3.92,0.0,127.5,397,1405,57.4
2101112,0,1,0,0,0,1,32.35,70.67,1.86,0.26,141.4,412,1358,35.06
2101168,6,0,0,1,1,0,29.81,46.37,2.6,1.2,107.1,461,1434,31.67
2101012,0,1,1,0,0,1,31.65,68.46,2.63,0.0,136.6,423,1357,34.24
2101005,3,0,0,0,0,1,33.55,63.88,3.52,0.0,113.2,437,1399,19.85
2101178,3,1,1,0,0,1,33.19,67.92,3.14,0.0,116.5,473,1358,24.67
2101054,3,2,1,0,0,1,25.84,49.42,2.11,0.0,54.2,460,1378,41.23
2101164,3,0,0,0,0,1,34.63,68.59,3.36,0.81,125.3,455,1352,18.66
2101058,0,2,0,0,0,1,31.49,70.89,3.55,6.55,126.2,443,1341,45.89
2101169,2,1,0,0,0,1,31.27,77.89,3.06,0.22,124.0,395,1330,33.06
2101198,0,0,1,0,0,1,31.69,65.79,2.83,6.21,118.6,471,1303,16.66
2101184,1,0,0,0,0,1,28.68,47.73,3.24,1.32,88.8,408,1350,28.97
2101046,3,0,1,0,0,1,33.42,67.13,2.37,0.0,112.2,438,1357,21.67
2101103,0,0,1,0,0,1,31.93,67.83,0.91,1.05,144.4,449,1439,10.04
2101010,4,0,1,0,0,0,31.79,60.91,4.19,0.0,92.1,473,1421,33.32
2101054,1,2,1,0,1,1,27.57,45.04,2.54,1.37,77.1,503,1369,53.22
2101083,1,1,0,0,0,1,33.08,76.14,2.38,1.22,133.1,403,1307,38.15
2101008,2,0,1,0,0,1,30.88,79.14,2.3,0.0,138.0,445,1400,29.33
2101130,1,2,1,0,0,1,32.42,76.73,2.59,0.0,119.6,421,1403,39.1
2101039,3,1,0,0,0,1,24.98,51.29,3.78,0.0,85.9,398,1439,44.58
2101031,1,2,0,0,0,1,32.4,75.02,1.69,0.0,125.5,523,1312,39.24
2101130,0,2,0,0,0,1,31.05,71.91,0.0,0.0,143.9,403,1409,33.86
2101168,6,2,1,1,1,0,31.71,52.39,3.19,0.31,83.7,436,1438,54.57
2101199,4,2,0,0,0,0,32.17,60.8,3.68,2.35,97.4,433,1363,41.14
2101040,1,0,0,0,0,1,27.17,47.59,2.22,0.88,68.5,448,1330,19.34
2101155,0,1,0,0,0,1,30.75,73.02,2.92,7.17,123.9,449,1380,23.38
2101141,5,1,0,1,1,1,28.82,55.96,3.72,2.11,75.3,414,1352,35.88
2101162,1,2,1,0,1,1,26.94,48.97,2.15,0.0,79.9,492,1439,51.4
2101033,2,0,1,0,0,0,25.36,45.94,1.86,1.0,69.7,386,1372,25.51
2101096,5,1,0,1,1,1,29.49,54.78,3.46,0.41,99.0,398,1439,52.11
2101176,6,2,0,1,1,0,31.19,49.68,2.45,0.0,107.2,409,1439,47.41
2101115,2,1,0,0,0,0,25.1,42.24,2.99,1.13,73.1,432,1359,35.22
2101041,3,0,0,0,0,1,33.78,65.92,4.39,2.25,102.5,394,1368,23.91
2101001,2,2,0,0,0,0,26.1,42.25,1.53,0.63,82.5,474,1393,48.12
2101146,3,1,1,0,0,1,34.85,64.59,3.94,0.89,139.0,458,1348,49.6
2101014,2,2,0,0,0,1,30.93,74.66,3.36,0.61,126.4,471,1347,45.04
2101167,4,1,1,0,0,1,29.15,51.69,4.68,0.45,76.7,503,1350,43.39
2101131,1,1,1,0,0,1,27.85,44.88,1.83,0.0,76.5,432,1304,37.0
2101051,5,1,0,1,1,1,30.27,62.66,1.26,1.17,98.9,508,1439,38.31
2101043,0,1,0,0,0,1,32.28,73.16,1.48,0.0,135.6,487,1395,29.98
2101019,3,0,0,0,0,1,35.43,66.04,2.97,0.0,112.2,422,1398,26.17
2101068,5,1,0,1,1,1,28.16,62.47,2.52,1.29,85.3,490,1368,37.5
2101117,0,0,1,0,0,1,31.32,45.96,1.94,1.09,87.2,453,1310,22.26
2101062,0,1,1,0,0,1,30.5,73.86,2.56,9.46,138.5,440,1396,36.33
2101100,6,0,0,1,1,1,29.04,64.0,1.45,0.01,112.2,457,1439,33.55
2101126,5,2,0,1,1,1,28.77,60.95,4.05,0.0,89.7,443,1351,60.77
2101096,0,2,1,0,0,1,32.88,72.76,1.98,1.29,145.5,385,1390,57.73
2101050,0,1,0,0,0,1,32.0,71.44,1.25,0.0,136.7,496,1395,37.31
2101156,1,1,0,0,0,1,27.49,52.82,1.82,0.0,87.8,456,1345,32.99
2101143,5,1,0,1,1,1,32.17,56.53,2.67,0.12,106.4,510,1424,42.16
2101093,5,0,0,1,1,1,29.83,55.78,2.33,2.05,86.6,472,1340,29.18
2101036,4,2,1,0,0,0,33.37,60.87,3.9,0.0,109.9,494,1401,46.2
2101099,2,2,0,0,0,1,33.6,80.01,3.32,0.0,137.1,443,1394,41.62
2101072,1,1,1,0,0,1,34.02,72.12,1.79,0.0,136.0,403,1346,47.25
2101097,4,0,0,0,0,0,30.41,63.89,3.86,1.58,104.0,506,1438,10.0
2101025,2,1,0,0,0,0,25.44,41.07,2.06,0.0,92.1,391,1426,37.78
2101091,1,0,0,0,1,1,32.97,73.14,1.81,0.0,130.5,391,1363,20.78
2101011,4,2,0,0,0,1,28.71,49.51,3.34,1.21,88.7,411,1318,37.82
2101081,4,2,0,0,0,0,32.93,59.84,3.82,0.12,91.2,402,1334,41.87
2101140,4,1,0,0,1,0,31.17,62.24,4.02,0.0,91.8,442,1284,36.35
2101033,2,1,0,0,0,0,25.82,46.4,1.98,0.0,63.2,369,1374,30.91
2101026,5,2,0,1,1,1,29.33,57.69,2.54,0.46,82.0,465,1439,54.07
2101059,6,0,1,1,1,0,31.63,52.44,1.64,0.0,104.0,434,1439,16.94
2101181,4,2,1,0,0,1,26.11,51.82,4.44,0.0,77.7,473,1348,48.63
2101053,4,2,0,0,0,0,33.16,63.17,3.73,1.73,88.9,457,1423,26.97
2101188,1,1,0,0,0,1,33.28,77.7,2.25,0.4,133.0,472,1417,41.43
2101050,5,2,1,1,1,1,28.67,58.04,3.72,1.32,78.9,569,1424,60.18
2101012,4,2,0,0,0,1,28.28,52.02,4.18,0.0,93.6,464,1356,36.96
2101156,4,2,0,0,0,1,28.12,56.99,3.58,0.0,107.1,460,1349,40.06
2101024,6,0,0,1,1,1,28.83,63.75,1.92,0.67,135.4,575,1392,25.31
2101023,0,2,0,0,0,1,29.95,43.33,0.83,0.0,88.3,411,1388,38.53
2101107,2,1,0,0,0,1,32.85,77.46,3.68,0.41,126.9,419,1301,27.38
2101041,1,2,1,0,0,1,28.35,43.76,2.07,0.08,95.3,372,1368,52.38
2101121,1,2,1,0,0,1,27.85,44.04,2.47,0.0,90.6,469,1395,43.93
2101105,5,0,0,1,1,1,30.47,62.1,2.1,0.0,91.2,456,1403,26.56
2101143,2,1,0,0,0,0,27.03,39.86,1.98,0.0,80.2,497,1439,22.58
2101063,3,1,0,0,0,1,34.83,64.02,4.56,1.62,128.3,468,1384,44.76
2101056,2,1,0,0,0,0,25.61,41.58,2.43,0.0,73.4,392,1361,33.61
2101048,4,2,0,0,0,1,26.59,52.35,2.75,0.41,89.8,418,1344,47.51
2101150,1,1,1,0,0,1,33.12,74.42,2.59,0.0,130.8,491,1293,25.49
2101075,6,2,0,1,1,0,30.37,51.46,3.16,1.27,104.5,491,1439,52.24
2101170,2,2,1,0,1,0,26.55,42.79,1.81,0.34,85.8,415,1388,42.15
2101100,0,0,0,0,0,1,30.65,71.55,1.49,0.68,124.7,445,1422,15.37
2101158,2,1,1,0,0,0,25.07,44.26,2.9,0.54,64.3,451,1279,39.81
2101135,6,1,0,1,0,1,28.45,68.99,1.87,0.4,125.9,473,1372,32.59
2101138,5,1,0,1,1,1,31.03,51.91,3.17,0.2,85.9,401,1412,47.72
2101194,3,0,0,0,0,1,27.3,45.26,3.49,0.41,64.4,453,1260,20.0
2101091,5,0,1,1,1,1,28.34,57.71,3.8,1.03,87.9,449,1399,37.75
2101170,5,1,0,1,1,1,30.98,61.27,2.66,0.0,108.3,443,1387,37.25
2101165,4,0,0,0,0,0,31.64,61.19,3.27,0.0,84.9,444,1418,10.0
2101086,1,1,1,0,0,1,31.81,79.15,2.33,0.09,136.9,489,1352,40.16
2101139,3,0,1,0,1,1,26.33,50.05,4.15,0.0,78.4,394,1401,25.81
2101090,4,0,1,0,0,0,33.81,53.44,3.27,0.0,107.1,368,1426,29.04
2101133,6,1,0,1,1,1,31.19,68.06,1.79,2.56,127.8,483,1427,46.62
2101083,6,1,0,1,1,0,31.42,52.84,2.09,0.0,94.6,408,1351,39.8
2101099,6,2,0,1,1,1,28.45,60.71,2.31,2.36,113.7,482,1408,53.27
2101048,2,1,0,0,0,1,31.52,75.45,3.88,0.0,137.1,422,1346,40.39
2101127,2,1,0,0,0,1,32.31,80.11,2.84,0.72,140.3,371,1336,33.05
2101190,5,0,1,1,1,1,29.69,57.34,3.11,0.29,101.5,458,1378,27.51
2101071,0,1,0,0,0,1,29.99,73.41,0.85,0.0,140.5,512,1354,27.46
2101014,0,2,0,0,0,1,30.53,47.97,3.41,0.75,92.0,507,1346,47.19
2101141,2,1,0,0,0,0,26.7,44.72,2.31,2.02,98.2,374,1332,29.88
2101041,2,0,0,0,0,0,27.09,41.5,2.88,0.0,63.4,382,1352,19.31
2101139,3,1,0,0,0,1,33.91,65.4,3.28,0.0,113.8,407,1409,26.82
2101132,2,2,0,0,0,1,32.26,74.77,4.25,0.0,119.7,434,1401,47.12
2101189,1,2,0,0,0,1,26.76,45.91,2.02,3.25,89.6,455,1343,45.31
2101118,2,0,0,0,0,0,26.47,40.34,2.8,1.58,70.4,374,1367,18.2
2101024,0,2,0,0,0,1,31.7,67.07,3.03,7.88,127.4,526,1394,42.26
2101056,6,2,0,1,1,1,30.2,62.21,2.36,0.01,116.9,450,1323,44.17
2101054,5,1,0,1,1,1,30.78,61.99,2.07,0.0,93.2,520,1370,45.43
2101187,2,1,0,0,0,1,32.82,80.03,3.04,0.55,137.7,313,1348,31.7
2101172,3,0,1,0,1,1,33.71,64.01,3.65,0.0,102.1,548,1439,25.5
2101082,6,0,0,1,1,1,28.07,63.36,2.28,0.0,107.4,417,1394,37.14
2101175,6,2,0,1,1,0,30.62,57.42,2.8,1.14,90.4,495,1439,51.52
2101119,0,0,0,0,0,1,31.17,73.25,3.11,6.99,131.6,478,1368,19.28
2101063,2,1,0,0,0,0,27.05,40.46,2.94,0.0,72.4,420,1361,43.27
2101019,1,2,1,0,0,1,27.34,51.3,2.49,0.0,82.0,415,1374,51.71
2101182,1,2,1,0,0,1,34.06,76.1,1.87,0.84,124.8,467,1310,41.85
2101178,1,0,0,0,0,1,28.42,45.83,2.74,0.47,82.4,460,1401,17.32
2101149,5,0,1,1,1,1,30.86,58.97,2.61,0.21,84.6,493,1422,28.3
2101021,5,0,0,1,1,1,27.45,51.46,3.4,0.41,83.4,432,1436,19.33
2101111,2,2,0,0,0,1,32.21,76.62,2.38,0.0,143.9,455,1439,43.19
2101079,2,0,0,0,0,1,32.78,75.55,3.96,0.0,131.9,489,1344,15.59
2101136,2,0,0,0,0,0,26.64,44.18,2.45,0.21,80.9,436,1314,19.04
2101177,3,1,0,0,1,1,24.93,49.51,2.63,1.03,71.7,461,1439,39.95
2101107,5,1,1,1,1,1,28.15,58.03,4.07,0.0,115.8,451,1327,43.97
2101189,0,0,0,0,0,1,30.46,45.68,1.98,0.0,94.3,457,1338,23.61
2101039,5,0,1,1,1,1,32.04,59.94,2.28,0.0,82.8,444,1439,29.44
2101021,0,0,0,0,0,1,32.18,72.34,1.84,9.02,124.0,410,1379,10.0
2101024,2,1,0,0,0,0,26.34,44.21,2.84,0.0,80.5,508,1414,29.1
2101036,3,1,0,0,0,1,26.26,51.98,3.0,1.04,85.8,471,1374,27.81
2101066,6,1,0,1,1,1,28.32,61.22,2.04,0.49,116.3,527,1439,39.18
2101062,1,0,0,0,0,1,26.05,51.45,2.24,0.11,90.1,441,1430,22.2
2101156,4,0,0,0,0,1,27.53,52.66,3.8,0.23,90.9,482,1355,19.76
2101057,5,2,0,1,1,1,29.42,51.46,3.23,0.0,88.5,498,1412,56.61
2101177,3,0,0,0,1,1,34.16,65.39,4.35,0.0,110.2,452,1437,22.56
2101151,0,0,1,0,1,1,32.47,74.24,1.21,0.01,150.0,466,1405,32.9
2101188,4,0,0,0,0,0,33.16,62.1,3.72,0.73,108.6,465,1416,22.17
2101198,4,2,0,0,0,0,31.94,57.67,3.81,1.53,95.4,475,1372,37.33
2101015,6,1,0,1,1,1,30.59,68.93,1.39,0.0,125.4,430,1366,47.27
2101136,6,1,1,1,1,1,28.85,57.21,2.09,0.54,132.0,476,1320,47.32
2101173,0,0,0,0,0,1,31.45,70.88,0.74,0.0,145.8,494,1422,16.19
2101007,0,1,0,0,1,1,30.1,38.01,2.56,0.0,100.6,359,1395,30.65
2101033,5,2,0,1,1,1,29.65,51.97,2.78,0.0,65.2,417,1347,51.11
2101060,1,2,1,0,0,1,32.48,74.51,1.6,0.36,132.4,402,1396,54.65
2101042,4,1,0,0,0,1,29.58,52.92,3.83,0.74,70.1,398,1320,37.81
2101160,1,2,1,0,0,1,34.53,79.4,1.16,0.0,132.2,477,1406,47.45
2101027,0,0,0,0,0,1,30.06,48.4,1.64,3.26,96.3,447,1429,18.15
2101184,5,0,0,1,1,1,27.83,63.1,3.85,0.12,83.4,396,1381,35.02
2101072,4,0,0,0,0,0,31.86,61.82,3.19,0.76,100.3,403,1361,29.56
2101119,5,0,1,1,1,1,31.31,59.23,2.12,0.0,97.7,519,1387,24.49
2101082,4,2,0,0,0,0,32.03,64.0,4.02,4.3,102.8,367,1411,46.2
2101070,3,2,0,0,0,1,27.37,49.91,1.94,0.0,63.4,439,1435,37.19
2101173,3,0,0,0,0,1,33.43,64.92,2.82,0.0,123.9,445,1439,19.77
2101071,0,1,1,0,0,1,31.91,69.92,3.7,8.06,122.1,494,1327,39.45
2101195,6,0,0,1,1,0,31.55,49.49,2.39,2.49,98.0,485,1423,27.51
2101127,0,2,0,0,0,1,28.4,44.3,2.33,0.0,88.1,379,1335,42.58
2101072,0,0,0,0,0,1,28.8,46.55,1.99,0.0,113.2,444,1350,18.37
2101172,1,1,1,0,0,1,27.14,43.16,2.51,1.85,76.8,515,1439,35.8
2101056,1,0,1,0,0,1,28.04,39.84,1.98,0.76,91.8,395,1341,19.0
2101068,0,2,0,0,0,1,30.12,44.33,1.08,0.0,101.6,445,1375,37.96
2101177,0,2,0,0,1,1,30.7,63.44,2.81,7.16,111.1,454,1410,46.81
2101038,5,2,0,1,1,1,29.8,55.09,2.84,0.76,68.3,533,1417,53.41
2101176,4,0,1,0,0,1,26.67,52.79,3.32,0.15,83.6,386,1428,25.99
2101001,3,2,1,0,1,1,24.46,47.55,2.63,0.0,59.2,482,1372,59.81
2101002,2,0,0,0,0,0,25.5,44.61,2.97,0.12,75.3,369,1400,10.0
2101028,5,2,0,1,0,1,31.94,63.61,1.32,0.0,93.0,432,1398,61.11
2101123,0,2,0,0,1,1,30.63,65.22,3.71,8.62,141.5,416,1391,42.15
2101170,6,1,0,1,1,0,29.69,53.54,1.72,0.73,99.0,442,1410,34.18
2101169,3,1,0,0,0,1,33.98,55.63,4.16,0.0,118.1,356,1341,33.01
2101125,5,2,0,1,1,1,30.46,52.96,3.29,1.57,83.4,491,1439,64.05
2101128,2,0,0,0,0,1,31.38,77.55,3.84,1.08,127.1,444,1316,16.61
2101198,5,0,0,1,1,1,28.33,57.64,1.73,0.0,84.9,491,1354,29.46
2101189,2,1,0,0,0,0,25.87,40.95,3.83,0.24,75.7,417,1378,38.99
2101014,1,0,1,0,1,1,34.66,74.92,1.01,0.0,127.4,473,1355,26.87
2101112,0,2,0,0,0,1,31.69,66.07,2.41,0.48,139.1,448,1374,43.14
2101073,6,2,0,1,1,0,31.32,49.09,2.34,1.47,100.7,436,1436,38.82
2101027,0,1,1,0,0,1,32.53,65.34,1.3,0.0,140.8,397,1396,41.0
2101159,2,0,0,0,1,1,32.23,77.73,2.69,0.0,116.3,471,1417,24.35
2101108,0,2,0,0,0,1,28.88,39.59,2.7,1.16,107.3,400,1378,47.21
2101132,0,1,1,0,0,1,31.61,68.68,3.44,7.31,126.3,415,1405,36.1
2101103,6,0,1,1,1,0,31.67,48.8,2.51,0.23,103.6,451,1439,21.29
2101014,5,1,1,1,1,1,29.47,57.31,2.81,0.0,90.2,501,1318,52.08
2101173,6,2,0,1,1,1,29.32,62.64,2.74,0.0,117.6,509,1416,51.99
2101080,5,0,0,1,1,1,28.99,59.63,3.62,2.81,86.3,431,1390,25.56
2101044,2,2,1,0,1,0,26.25,46.49,2.96,1.12,73.6,417,1427,42.46
2101127,6,1,1,1,1,0,30.59,46.98,2.89,0.0,107.7,433,1376,34.73
2101061,0,2,1,0,0,1,29.76,40.15,2.15,1.69,108.2,404,1352,38.68
2101137,3,2,0,0,0,1,33.82,63.83,3.99,2.21,111.2,438,1421,43.11
2101102,0,2,1,0,0,1,30.81,39.52,2.28,0.52,83.0,483,1405,41.83
2101090,5,1,0,1,0,1,30.46,61.96,2.53,0.87,102.8,426,1432,45.02
2101020,3,1,1,0,0,1,34.11,64.73,3.97,0.0,124.7,486,1382,37.94
2101038,0,2,1,0,0,1,30.61,70.65,2.46,8.21,123.7,488,1428,47.67
2101173,0,0,0,0,0,1,30.45,71.28,1.53,0.22,130.8,440,1426,18.92
2101193,1,0,1,0,0,1,33.51,76.2,2.48,2.4,130.7,495,1381,23.09
2101110,2,1,0,0,0,1,31.36,79.2,2.87,0.0,138.7,517,1404,37.13
2101093,0,2,0,0,0,1,31.12,65.86,3.96,5.31,130.5,421,1346,48.29
2101036,3,2,0,0,0,1,24.68,51.09,1.65,0.0,79.8,500,1387,46.41
2101143,6,2,0,1,1,1,29.51,64.69,2.55,0.39,107.1,503,1424,41.19
2101129,3,0,1,0,0,1,33.54,62.27,3.37,0.0,121.0,358,1341,25.32
2101107,3,0,0,0,0,1,26.12,50.79,3.51,0.4,75.0,428,1332,10.8
2101054,5,0,0,1,1,1,30.54,64.07,2.59,0.0,92.5,536,1359,30.73
2101017,0,2,0,0,0,1,30.21,45.59,2.3,0.0,108.7,353,1426,45.82
2101193,0,1,1,0,0,1,30.39,69.02,1.49,0.11,143.8,501,1393,40.24
2101048,2,0,0,0,0,0,26.42,39.92,1.58,1.34,86.3,413,1384,20.23
2101130,5,2,0,1,1,1,30.44,57.68,3.11,0.0,99.2,454,1439,42.87
2101013,2,1,0,0,0,0,28.1,41.33,2.69,1.48,66.1,310,1404,39.08
2101136,2,2,1,0,0,1,32.89,79.73,3.87,0.0,123.5,426,1327,53.66
2101038,1,1,0,0,0,1,28.19,52.65,1.44,0.87,88.0,487,1439,31.34
2101140,4,0,0,0,1,0,32.05,62.42,2.41,0.0,95.8,461,1324,24.23
2101040,0,2,1,0,0,1,32.02,68.7,3.64,7.41,125.1,434,1291,47.88
2101099,6,0,0,1,1,1,30.54,61.05,2.14,1.0,132.9,489,1369,28.36
2101083,2,0,1,0,1,1,32.8,77.97,2.93,0.48,125.0,410,1316,32.78
2101102,0,2,0,0,0,1,30.05,41.37,1.63,0.04,87.4,508,1417,34.56
2101065,0,1,0,0,1,1,30.87,69.9,3.43,4.91,129.0,496,1295,36.53
2101068,5,1,0,1,1,1,29.03,54.49,2.87,0.0,80.8,517,1394,44.18
2101073,3,0,0,0,0,1,27.11,50.42,3.5,0.58,64.2,421,1427,24.66
2101127,2,2,0,0,0,0,27.13,42.43,3.73,0.86,85.9,385,1420,41.34
2101163,0,1,0,0,0,1,30.53,71.91,1.19,0.0,148.5,435,1404,35.94
2101073,4,2,0,0,0,1,28.16,42.07,3.36,0.06,84.0,387,1439,45.45
2101005,0,1,0,0,0,1,29.45,39.65,2.28,0.0,105.2,464,1370,31.91
2101039,1,2,0,0,0,1,33.18,71.19,2.79,0.0,130.4,434,1439,49.59
2101021,3,2,0,0,0,1,34.29,64.63,2.33,0.07,118.0,393,1439,38.1
2101126,1,2,0,0,0,1,28.43,45.59,1.79,0.0,102.2,448,1372,40.38
2101161,3,0,1,0,1,1,26.28,53.21,2.74,0.0,70.7,446,1361,33.08
2101043,0,2,0,0,0,1,30.44,47.42,1.27,0.0,101.0,484,1362,45.11
2101107,2,1,0,0,0,0,25.56,44.45,2.83,0.0,75.9,392,1324,24.96
2101096,6,1,0,1,1,1,29.67,62.75,1.9,0.26,114.2,428,1439,44.39
2101088,3,0,0,0,0,1,26.93,50.06,2.91,0.0,42.3,485,1399,21.28
2101177,5,1,0,1,1,1,31.32,59.38,2.13,0.38,95.4,479,1439,47.71
2101054,2,0,0,0,0,0,26.18,45.07,2.11,1.8,82.8,478,1382,15.64
2101125,1,0,1,0,0,1,27.12,48.9,2.25,0.0,77.1,452,1380,24.16
2101108,1,2,1,0,0,1,34.18,75.22,1.25,0.0,125.8,435,1407,54.78
2101175,0,2,1,0,0,1,32.92,76.65,1.51,0.0,137.3,480,1396,45.08
2101045,2,1,0,0,1,0,26.19,47.53,2.35,0.0,55.2,519,1365,25.6
2101186,5,2,0,1,1,1,31.71,59.17,3.27,0.0,97.5,468,1438,47.55
2101171,1,0,0,0,0,1,27.74,41.46,2.9,0.0,109.1,428,1428,16.79
2101090,4,2,1,0,0,0,32.56,62.87,4.32,0.0,115.2,399,1439,48.68
2101164,3,0,0,0,1,1,32.83,69.76,3.27,0.0,120.8,497,1366,23.2
2101129,2,1,0,0,0,1,32.18,77.89,3.86,0.0,115.9,356,1362,32.0
2101065,5,0,0,1,1,1,30.88,56.64,3.35,0.0,88.6,550,1321,21.83
2101170,5,1,0,1,1,1,29.43,64.26,4.0,1.1,83.0,451,1365,35.42
2101005,6,1,1,1,1,0,31.31,51.28,3.81,1.83,102.8,468,1421,38.96
2101028,5,1,0,1,1,1,32.1,58.78,1.39,0.21,96.9,441,1409,47.62
2101177,1,1,1,0,1,1,28.01,46.22,2.06,0.0,86.0,454,1439,43.29
2101158,0,0,1,0,0,1,30.45,67.82,3.17,5.4,118.4,451,1228,28.48
2101060,5,1,0,1,0,1,32.0,56.45,1.67,0.0,81.6,475,1373,42.06
2101197,1,2,0,0,0,1,27.57,48.89,1.91,1.03,82.2,405,1343,36.89
2101131,6,1,1,1,1,0,31.78,52.72,2.22,0.8,110.6,444,1352,40.47
2101049,2,1,1,0,1,0,26.11,39.16,2.57,2.04,66.4,485,1359,37.03
2101171,6,0,0,1,1,0,31.81,52.45,2.79,0.0,106.2,467,1439,24.51
2101198,2,1,1,0,0,0,25.79,42.02,2.92,1.93,71.3,460,1364,27.77
2101159,1,2,0,0,0,1,28.21,40.61,2.33,0.73,78.3,452,1424,47.38
2101125,3,1,1,0,0,1,27.1,47.46,2.76,2.03,73.7,463,1439,44.65
2101172,0,0,0,0,0,1,30.95,63.04,2.66,6.97,136.4,527,1404,13.12
2101161,2,2,1,0,1,1,32.16,79.27,3.97,1.35,114.8,415,1365,55.18
2101098,1,2,0,0,0,1,28.42,44.16,2.29,1.26,85.8,379,1354,47.46
2101151,6,1,1,1,1,0,30.5,50.47,1.85,0.0,102.9,475,1439,37.89
2101168,5,0,0,1,1,1,31.67,56.06,2.16,0.26,90.9,454,1412,33.12
2101007,3,2,0,0,0,1,35.01,66.16,2.66,0.0,103.4,339,1368,39.82
2101092,0,0,1,0,0,1,31.46,64.52,1.45,0.0,155.8,461,1353,19.38
2101187,6,2,1,1,1,0,30.26,54.67,1.93,0.51,93.7,389,1386,46.58
2101053,5,1,0,1,0,1,29.85,53.7,3.67,0.81,77.0,437,1382,33.08
2101123,1,1,0,0,1,1,33.1,74.59,2.76,0.98,135.1,413,1400,31.87
2101096,6,2,0,1,1,0,32.74,46.17,2.36,1.64,91.2,396,1439,60.45
2101117,0,0,0,0,0,1,30.75,65.51,2.65,6.46,147.7,451,1346,17.31
2101067,0,0,0,0,0,1,31.23,67.9,3.75,8.87,127.7,377,1419,29.66
2101127,3,2,0,0,0,1,33.64,60.19,3.22,0.0,102.5,398,1364,47.7
2101153,0,2,0,0,0,1,30.93,73.37,0.77,0.0,134.7,448,1332,38.85
2101147,3,2,0,0,0,1,26.39,54.02,2.02,0.0,78.2,397,1341,41.75
2101166,0,0,0,0,0,1,31.0,69.88,1.74,0.0,142.9,425,1314,30.77
2101051,4,0,0,0,0,0,31.93,58.87,3.21,1.03,103.7,433,1439,14.72
2101029,0,1,0,0,1,1,28.93,42.61,1.12,0.0,87.3,473,1415,38.25
2101108,6,2,0,1,1,1,29.62,67.27,1.85,0.0,93.0,468,1429,58.35
2101033,1,2,0,0,0,1,33.43,74.68,1.65,1.62,131.2,330,1329,55.25
2101125,2,2,0,0,0,0,26.33,41.65,3.24,0.0,82.1,432,1439,42.0
2101077,0,1,1,0,1,1,28.46,47.25,2.67,0.0,104.0,360,1347,44.23
2101143,1,2,0,0,0,1,32.66,74.62,2.17,1.02,128.7,478,1439,40.83
2101093,5,0,0,1,1,1,30.33,53.75,2.49,0.0,88.1,479,1377,28.14
2101112,5,0,1,1,1,1,28.66,53.57,2.46,0.82,81.6,503,1400,24.24
2101191,0,1,0,0,0,1,30.13,42.43,2.32,0.0,106.1,382,1344,29.95
2101126,0,0,1,0,0,1,28.86,71.74,3.09,7.07,121.5,452,1349,30.92
2101188,2,2,0,0,0,0,26.28,43.27,2.35,0.71,72.7,462,1381,47.62
2101049,6,2,0,1,1,1,30.49,60.07,2.43,0.0,142.4,508,1336,49.77
2101193,0,0,0,0,0,1,29.1,70.87,3.67,6.62,124.0,475,1345,24.57
2101043,1,0,0,0,0,1,25.87,46.32,2.34,0.16,93.3,491,1408,11.98
2101146,4,0,0,0,0,0,33.52,63.92,3.43,0.0,89.9,429,1368,29.35
2101010,2,0,1,0,0,1,32.59,74.02,3.64,0.0,123.7,476,1422,28.91
2101135,1,1,1,0,0,1,26.53,47.59,2.73,0.0,75.9,479,1396,41.55
2101176,2,1,1,0,0,1,32.25,74.88,3.21,1.0,136.7,378,1398,36.66
2101054,4,2,1,0,0,1,27.5,45.92,2.95,2.18,78.6,482,1338,53.31
2101032,6,1,1,1,1,1,30.1,65.34,2.34,1.4,134.0,440,1439,48.64
2101075,3,2,0,0,1,1,35.29,63.45,3.38,0.0,114.7,486,1410,53.48
2101014,1,2,1,0,0,1,27.33,46.47,2.07,0.0,73.6,485,1377,49.05
2101001,0,2,0,0,0,1,32.12,70.54,1.92,0.0,142.5,473,1359,59.85
2101086,2,0,0,0,0,1,32.84,74.11,3.11,0.16,139.4,448,1377,20.15
2101166,5,1,1,1,1,1,32.5,57.14,2.79,1.34,89.0,465,1333,54.93
2101081,6,2,0,1,1,1,28.95,69.23,2.72,0.34,110.7,471,1292,53.03
2101055,0,2,0,0,1,1,30.74,73.42,2.28,8.22,121.7,436,1423,51.72
2101045,2,0,1,0,0,0,25.09,39.35,3.05,0.0,75.9,529,1400,13.28
2101016,1,2,1,0,1,1,28.04,48.44,2.38,0.25,83.7,489,1346,49.68
2101079,1,2,0,0,0,1,27.26,45.28,2.29,0.0,84.6,477,1339,35.38
2101063,0,0,0,0,0,1,30.91,74.38,1.21,0.0,147.6,437,1373,24.1
2101090,5,0,0,1,1,1,30.32,58.92,1.89,0.32,85.9,451,1431,36.03
2101065,0,0,1,0,1,1,28.75,67.02,3.18,7.78,140.9,493,1293,17.95
2101118,6,1,0,1,1,0,30.04,46.98,4.24,0.91,90.4,426,1367,44.07
2101145,3,0,0,0,0,1,33.98,66.81,3.85,1.73,121.5,494,1439,18.58
2101003,3,0,0,0,1,1,34.71,66.33,4.4,0.0,119.9,480,1369,29.42
2101002,3,0,1,0,0,1,25.92,50.46,2.41,0.0,69.0,411,1394,19.94
2101056,0,0,0,0,0,1,31.92,68.71,1.48,1.99,148.4,407,1342,21.83
2101046,0,1,0,0,0,1,31.0,70.68,2.91,8.24,118.7,467,1338,37.27
2101018,6,0,0,1,1,1,29.78,62.83,2.12,0.0,96.3,529,1439,19.3
2101179,1,1,1,0,0,1,27.84,44.18,2.74,0.0,98.0,536,1439,35.45
2101018,0,2,1,0,0,1,29.09,40.75,2.3,0.0,92.3,472,1439,45.69
2101171,4,0,0,0,0,1,29.77,50.96,3.99,1.46,84.9,435,1421,24.25
2101014,1,1,0,0,0,1,27.07,44.64,1.99,0.0,80.2,466,1343,40.1
2101126,0,2,0,0,0,1,29.65,44.87,2.58,0.0,76.8,446,1360,47.59
2101077,4,0,0,0,0,0,31.51,57.49,3.1,0.0,102.7,302,1343,23.92
2101112,6,2,0,1,1,0,31.39,48.07,2.1,3.04,107.7,450,1426,40.54
2101104,4,2,1,0,0,1,27.67,51.24,3.61,0.46,94.3,462,1439,48.0
2101045,0,0,0,0,0,1,32.94,70.19,1.92,0.0,136.7,547,1341,19.11
2101021,0,2,1,0,0,1,31.05,75.12,1.91,0.0,160.9,395,1439,38.28
2101175,3,0,1,0,0,1,27.09,53.65,3.31,0.0,84.7,460,1407,28.49
2101146,5,2,0,1,1,1,31.96,62.05,1.87,1.04,94.5,468,1364,66.92
2101152,5,1,0,1,1,1,30.14,56.04,2.99,3.76,89.6,523,1439,42.24
2101123,0,0,0,0,0,1,31.06,69.55,2.47,2.78,139.6,404,1329,22.57
2101103,6,0,0,1,1,1,30.44,65.15,3.15,0.0,115.4,453,1433,22.6
2101170,1,1,0,0,0,1,33.17,77.98,1.78,0.0,139.0,427,1342,24.41
2101033,6,2,0,1,1,0,31.47,46.6,2.5,0.0,109.8,396,1368,49.15
2101121,0,0,0,0,0,1,30.4,66.83,2.07,8.65,129.2,486,1369,18.12
2101043,1,1,0,0,0,1,33.0,76.12,1.49,0.0,126.6,475,1388,37.46
2101130,2,0,0,0,0,0,26.0,40.65,1.93,0.63,63.7,435,1439,10.0
2101076,3,1,0,0,0,1,24.36,53.39,3.08,0.39,75.4,404,1338,36.98
2101086,6,0,1,1,0,0,31.25,56.69,1.97,0.98,106.4,471,1410,21.18
2101066,1,2,0,0,0,1,33.38,73.88,3.18,0.0,121.8,456,1431,45.83
2101119,0,1,0,0,1,1,29.52,48.08,1.96,1.72,86.4,507,1347,32.97
2101013,6,2,1,1,1,0,31.64,51.27,2.29,0.0,108.6,391,1421,59.25
2101154,6,0,0,1,0,1,30.54,66.84,2.34,0.0,115.2,498,1355,32.74
2101081,3,0,0,0,0,1,27.15,54.11,2.47,1.3,64.3,434,1316,19.43
2101196,5,0,1,1,1,1,31.09,68.21,1.99,0.96,91.6,538,1390,33.87
2101090,0,1,0,0,0,1,32.91,70.86,1.77,0.02,156.9,424,1413,40.78
2101025,1,2,0,0,0,1,27.48,47.13,3.64,1.08,86.4,404,1404,51.28
2101058,4,1,0,0,0,0,32.46,61.1,4.09,1.56,96.1,432,1349,40.41
2101092,3,1,1,0,0,1,26.84,52.39,3.03,2.69,54.3,451,1403,30.81
2101077,5,2,0,1,1,1,29.27,59.62,3.07,0.28,69.4,394,1328,54.65
2101053,5,0,0,1,1,1,31.39,59.12,2.11,1.41,88.9,486,1386,22.22
2101067,6,0,0,1,1,1,29.99,60.68,2.76,0.0,112.8,426,1418,32.56
2101146,0,2,0,0,1,1,28.89,42.05,0.85,3.03,100.4,427,1372,52.06
2101075,0,2,1,0,0,1,29.35,45.4,1.56,0.0,80.8,506,1421,48.53
2101031,4,0,0,0,1,1,27.25,46.95,3.33,1.66,107.0,537,1324,22.93
2101124,4,0,0,0,0,1,28.5,46.35,3.21,0.0,82.3,430,1334,18.81
2101148,6,1,1,1,0,1,29.38,65.3,2.95,0.61,113.3,520,1438,37.7
2101099,0,2,1,0,0,1,30.56,70.34,4.09,7.92,129.5,434,1393,46.66
2101145,2,0,1,0,0,1,31.69,79.82,3.88,0.0,128.2,512,1430,18.48
2101040,6,2,0,1,0,0,31.79,50.9,2.07,0.0,110.1,444,1378,43.72
2101029,0,1,0,0,0,1,30.01,68.29,3.42,3.16,117.5,474,1425,38.62
2101159,4,2,1,0,0,0,33.1,65.41,5.3,1.26,94.2,450,1438,49.73
2101158,0,1,0,0,0,1,31.15,72.3,1.06,0.98,157.9,447,1253,36.83
2101103,1,1,1,0,0,1,26.9,51.98,1.74,0.05,88.1,403,1409,27.48
2101097,4,1,0,0,0,1,28.39,52.47,3.65,1.76,92.0,525,1412,25.79
2101092,4,2,0,0,1,1,28.22,54.13,4.11,0.38,78.0,454,1384,46.7
2101044,5,1,1,1,0,1,28.69,53.5,2.23,0.25,79.7,451,1380,40.38
2101142,2,2,1,0,0,0,26.41,36.32,2.87,0.0,68.7,422,1428,45.21
2101076,2,2,0,0,1,1,31.58,75.1,2.5,0.38,128.0,422,1333,52.34
2101150,5,0,0,1,1,1,28.42,54.54,3.5,0.05,91.4,511,1331,25.35
2101088,6,2,0,1,1,0,32.23,55.24,3.87,2.69,104.7,483,1439,47.86
2101169,5,1,0,1,1,1,29.79,52.47,2.12,0.0,76.5,415,1378,47.32
2101169,5,0,1,1,1,1,28.79,57.83,3.31,0.0,89.7,392,1347,44.58
2101162,0,0,0,0,1,1,30.94,71.74,3.1,8.21,125.2,507,1439,18.55
2101054,0,0,0,0,1,1,32.51,73.4,1.47,2.19,143.1,505,1333,29.18
2101134,5,1,0,1,1,1,28.56,50.07,3.82,0.0,74.9,446,1392,44.58
2101150,2,0,1,0,1,0,26.33,46.03,3.7,1.51,56.6,487,1326,10.12
2101144,0,1,0,0,0,1,31.62,40.51,2.32,0.0,96.4,493,1414,23.35
2101175,4,2,0,0,0,1,29.32,52.02,2.61,0.0,92.3,485,1414,44.0
2101032,0,2,0,0,0,1,30.95,68.7,2.58,8.1,121.5,408,1411,53.77
2101131,0,2,1,0,0,1,29.16,39.02,1.36,3.84,95.1,421,1316,47.14
2101140,1,0,0,0,1,1,33.86,76.26,1.69,1.42,110.2,456,1280,26.71
2101072,3,0,1,0,0,1,28.11,52.81,2.89,0.0,82.4,411,1332,31.34
2101051,3,2,0,0,0,1,34.11,63.77,3.43,0.0,114.3,441,1408,43.86
2101113,3,2,0,0,1,1,34.35,67.02,3.23,0.0,127.7,544,1270,47.05
2101052,2,2,0,0,0,1,33.06,79.0,3.69,3.91,137.6,390,1267,45.35
2101118,2,0,1,0,1,1,32.68,77.05,2.83,0.64,128.1,413,1349,31.48
2101024,6,2,1,1,0,1,30.29,62.52,2.33,0.0,120.0,506,1383,48.13
2101079,5,1,0,1,1,1,31.28,63.15,1.8,1.38,94.2,531,1362,45.91
2101079,1,1,1,0,0,1,33.9,79.5,1.63,0.64,130.5,511,1330,33.8
2101146,2,1,1,0,0,1,31.41,77.36,3.09,0.0,136.8,397,1353,44.3
2101004,5,1,1,1,1,1,33.49,59.91,1.35,0.0,104.4,496,1439,50.22
2101073,5,2,0,1,0,1,31.08,59.24,3.29,0.0,93.7,449,1435,47.85
2101131,4,2,0,0,0,0,32.57,62.23,3.13,2.12,113.1,404,1312,37.07
2101099,0,0,0,0,0,1,31.61,68.09,2.77,6.41,121.0,421,1383,22.13
2101149,5,2,0,1,1,1,28.56,58.46,3.21,0.0,86.2,504,1405,48.3
2101173,1,0,1,0,0,1,27.75,42.62,1.67,1.12,93.1,467,1417,15.93
2101155,0,1,0,0,0,1,30.22,74.16,3.93,7.34,116.4,476,1393,33.27
2101067,5,1,0,1,1,1,31.22,61.63,2.03,0.0,95.1,407,1397,38.87
2101026,2,2,1,0,0,1,31.7,72.6,4.24,0.38,151.6,394,1353,48.18
2101018,4,0,0,0,0,0,32.24,60.28,3.3,0.96,101.3,465,1426,10.73
2101128,1,1,0,0,0,1,33.28,75.5,2.66,0.15,128.4,488,1321,37.37
2101026,0,0,0,0,0,1,30.49,68.53,3.0,8.16,144.1,399,1365,21.73
2101167,3,2,0,0,0,1,34.0,73.03,3.17,1.7,130.8,514,1351,48.91
2101116,6,1,0,1,0,0,31.43,52.76,2.23,2.48,96.3,414,1439,29.96
2101008,3,2,0,0,0,1,33.25,65.45,2.59,0.0,118.4,434,1347,45.49
2101158,0,2,0,0,0,1,30.76,67.07,3.63,6.56,130.3,437,1260,48.18
2101039,2,0,1,0,0,1,32.35,72.66,2.88,0.0,129.1,411,1435,29.3
2101198,0,2,1,0,0,1,29.84,45.42,2.48,0.0,90.8,485,1350,50.29
2101054,0,2,0,0,0,1,30.77,69.58,1.98,8.59,136.5,523,1344,50.14
2101110,0,2,0,0,0,1,30.15,43.55,1.87,0.0,83.5,499,1404,45.45
2101092,6,2,0,1,1,1,27.85,60.4,2.56,0.58,106.9,493,1397,56.93
2101071,6,2,1,1,1,1,29.51,62.3,2.3,0.51,111.8,501,1370,51.26
2101035,4,2,0,0,0,1,28.08,51.42,3.41,0.0,80.5,498,1365,45.73
2101013,4,2,0,0,1,1,27.39,49.49,4.24,0.0,88.1,356,1364,54.42
2101108,1,0,1,0,0,1,28.15,42.43,2.28,0.53,87.3,417,1392,30.45
2101196,1,2,0,0,0,1,27.33,46.33,2.32,2.46,77.7,485,1399,47.23
2101069,5,2,0,1,1,1,31.01,57.89,3.38,0.2,79.2,533,1439,48.16
2101060,6,2,1,1,1,0,31.13,52.26,2.66,0.0,86.6,482,1422,48.99
2101131,0,2,0,0,0,1,31.32,63.37,3.46,7.8,110.6,422,1297,50.09
2101199,6,2,1,1,1,1,29.83,65.67,2.79,0.28,130.7,439,1348,48.08
2101106,5,1,1,1,0,1,32.13,63.14,1.81,0.0,103.3,484,1403,41.96
2101193,6,0,0,1,1,0,31.38,51.85,1.46,0.0,104.6,526,1408,22.47
2101137,3,0,0,0,0,1,24.86,52.04,2.32,0.89,74.8,423,1439,16.4
2101159,6,0,1,1,1,1,28.9,64.03,2.42,0.76,114.7,486,1411,22.73
2101050,1,0,0,0,0,1,36.23,72.91,1.89,1.41,131.5,511,1376,28.55
2101110,1,2,0,0,0,1,33.57,71.11,1.82,0.0,135.0,499,1378,52.02
2101141,3,2,1,0,1,1,33.97,67.72,3.36,0.67,114.6,403,1339,46.7
2101073,6,0,0,1,0,0,31.26,51.03,2.33,1.7,107.0,408,1439,23.92
2101147,2,1,0,0,0,1,32.19,76.82,3.65,0.0,125.2,400,1328,36.94
2101077,0,2,0,0,0,1,29.36,39.18,2.39,0.0,101.3,336,1325,41.82
2101144,1,2,0,0,0,1,28.12,44.3,2.34,1.46,79.1,461,1409,49.26
2101091,0,1,0,0,0,1,30.91,73.39,2.91,8.35,114.9,374,1364,34.84
2101014,4,2,0,0,0,1,28.98,48.74,3.45,0.0,92.5,473,1343,44.33
2101020,3,0,1,0,0,1,34.62,68.97,3.3,0.0,132.7,460,1394,15.95
2101189,4,2,0,0,0,1,28.23,48.29,4.03,1.56,96.0,441,1378,51.77
2101127,5,2,0,1,1,1,29.04,57.17,3.12,0.42,91.9,445,1382,46.5
2101115,3,1,0,0,0,1,24.13,54.85,2.65,2.24,59.5,456,1365,30.94
2101154,3,0,0,0,0,1,27.11,54.68,2.8,0.75,81.2,442,1297,30.99
2101055,4,0,0,0,1,0,32.32,60.38,3.8,0.3,84.6,420,1414,22.81
2101073,3,1,1,0,0,1,25.77,47.74,2.93,1.68,65.4,401,1418,33.03
2101087,2,0,0,0,0,1,32.87,77.22,4.64,0.0,132.7,346,1367,31.95
2101131,2,0,0,0,0,0,26.26,43.06,2.21,1.27,75.7,412,1322,16.68
2101104,6,0,0,1,1,1,29.86,67.46,3.31,0.0,128.3,521,1421,27.62
2101055,0,2,0,0,0,1,30.84,75.68,3.22,8.54,137.6,444,1406,46.15
2101104,4,1,0,0,1,0,32.26,61.59,3.03,0.47,93.8,456,1434,34.88
2101075,4,1,0,0,0,0,32.66,62.25,3.56,0.0,96.1,474,1439,33.35
2101050,2,1,0,0,0,0,25.37,40.96,2.61,0.0,71.1,522,1419,35.37
2101039,5,2,0,1,1,1,31.95,59.85,2.6,0.0,86.8,451,1439,57.0
2101053,3,0,0,0,0,1,26.29,53.4,3.12,0.62,76.2,456,1366,11.05
2101108,3,0,0,0,0,1,33.06,62.14,3.6,0.35,124.8,397,1391,25.23
2101073,2,1,0,0,0,1,31.9,79.33,2.63,0.61,143.1,410,1396,34.04
2101085,0,2,0,0,0,1,33.2,72.94,1.93,1.58,156.3,421,1438,46.45
2101156,0,1,1,0,0,1,29.12,43.37,1.38,0.0,101.9,453,1374,33.23
2101139,3,2,1,0,0,1,34.9,68.67,2.68,0.0,123.4,361,1400,42.41
2101088,4,2,0,0,1,0,32.59,60.27,4.2,2.1,87.3,479,1431,44.6
2101115,6,1,0,1,1,1,30.24,63.82,1.92,0.0,109.3,509,1403,38.5
2101008,5,2,0,1,1,1,28.48,52.18,4.0,2.36,93.9,495,1383,56.65
2101082,5,2,0,1,0,1,29.56,55.85,3.28,0.0,85.4,377,1388,48.97
2101090,1,0,1,0,0,1,26.1,42.17,2.78,0.63,68.3,405,1418,26.32
2101060,1,1,1,0,1,1,32.85,78.42,3.07,0.52,125.1,435,1433,41.93
2101041,4,0,1,0,0,1,28.37,45.57,3.38,0.76,111.7,384,1351,23.16
2101148,2,1,0,0,0,0,26.05,44.75,2.58,0.54,82.6,464,1391,23.67
2101003,6,0,0,1,1,1,28.46,64.22,1.51,1.29,111.0,491,1387,31.32
2101195,0,2,0,0,0,1,28.95,47.69,2.05,0.6,92.3,474,1389,34.41
2101195,2,0,0,0,0,1,31.57,78.11,1.52,0.0,132.2,472,1398,13.23
2101125,1,2,0,0,0,1,27.39,45.73,3.02,1.57,81.1,438,1403,46.0
2101059,6,2,1,1,1,0,31.69,50.5,1.68,0.0,99.7,452,1439,44.37
2101059,2,1,1,0,0,0,26.97,44.47,2.56,0.0,82.2,361,1439,19.13
2101107,5,1,0,1,1,1,31.66,57.24,1.38,0.0,93.2,470,1354,38.64
2101134,4,2,0,0,0,0,33.38,67.31,4.45,0.4,114.0,381,1375,38.01
2101072,1,1,0,0,0,1,33.62,73.6,3.66,0.0,131.3,397,1324,36.53
2101088,0,0,0,0,0,1,30.43,68.75,3.12,7.15,132.1,456,1397,16.21
2101011,4,0,1,0,0,1,28.51,44.49,2.74,0.0,79.9,409,1333,21.31
2101177,6,1,0,1,1,0,30.88,52.67,3.28,0.0,93.7,502,1425,40.05
2101180,3,1,0,0,0,1,33.19,61.62,3.26,0.0,119.0,428,1338,38.17
2101053,2,2,1,0,0,0,27.03,48.67,2.19,0.53,68.0,432,1419,45.23
2101187,6,0,0,1,1,0,30.83,50.27,2.88,2.07,107.4,356,1359,25.56
2101169,2,0,0,0,0,0,25.8,45.82,0.71,0.0,61.7,394,1392,22.73
2101038,1,2,0,0,0,1,33.77,79.27,1.88,2.22,126.4,497,1418,42.24
2101031,2,2,1,0,0,1,32.68,83.74,2.32,0.0,123.2,495,1332,48.39
2101084,4,2,0,0,1,1,27.95,49.24,3.55,0.94,87.8,405,1297,41.78
2101138,0,0,1,0,0,1,31.75,66.21,0.72,0.02,138.9,410,1437,20.16
2101075,3,1,0,0,0,1,26.44,50.76,3.45,0.9,72.5,487,1423,43.25
2101146,6,2,1,1,1,0,31.5,48.48,3.53,0.17,109.8,457,1370,53.54
2101034,0,2,1,0,1,1,32.33,74.47,1.83,0.13,147.7,526,1439,50.85
2101185,4,1,1,0,0,1,28.3,52.02,3.6,0.0,87.2,430,1439,34.05
2101132,3,1,0,0,1,1,26.93,54.23,1.72,1.78,64.3,464,1358,36.24
2101050,5,1,0,1,1,1,28.57,57.63,3.24,0.0,84.8,565,1411,42.12
2101156,6,0,0,1,1,1,29.2,65.33,2.14,0.0,102.9,499,1382,26.64
2101082,3,2,0,0,0,1,26.0,52.24,3.54,2.12,55.9,349,1403,42.85
2101152,5,1,0,1,1,1,28.35,61.71,4.15,0.29,94.2,523,1413,37.55
2101140,1,1,1,0,1,1,33.23,76.86,2.99,0.74,135.0,449,1289,44.43
2101135,6,2,0,1,1,1,29.96,64.38,1.33,0.5,121.5,492,1398,51.24
2101025,6,2,0,1,1,1,28.64,63.93,1.89,0.3,117.0,430,1394,57.25
2101004,3,2,0,0,0,1,25.56,50.8,3.75,0.0,67.0,480,1427,49.38
2101140,5,0,0,1,0,1,30.13,55.32,3.37,0.88,93.3,467,1291,22.25
2101046,4,2,0,0,0,1,28.63,48.82,4.27,0.0,98.3,444,1379,47.15
2101014,6,1,1,1,1,1,29.22,62.49,0.86,0.0,111.2,514,1369,43.84
2101103,6,1,1,1,1,1,31.01,62.24,2.54,0.65,118.6,458,1435,39.96
2101186,0,1,0,0,0,1,29.72,39.98,1.62,0.76,76.6,444,1431,30.04
2101140,5,0,1,1,1,1,30.02,55.94,2.56,0.43,76.3,483,1270,32.63
2101060,6,2,1,1,1,1,29.55,56.88,1.55,1.96,116.3,497,1411,51.19
2101077,4,1,0,0,0,0,32.85,59.11,4.65,2.24,104.5,343,1351,31.34
2101139,0,0,1,0,0,1,31.04,70.78,1.62,2.06,135.9,387,1369,18.59
2101090,2,2,1,0,1,1,32.48,78.78,3.24,0.13,119.1,398,1420,57.4
2101112,0,1,0,0,0,1,32.53,70.81,1.34,0.0,137.7,429,1358,35.06
2101168,6,0,0,1,1,0,29.83,53.92,2.97,2.05,94.8,433,1439,31.67
2101012,0,1,1,0,0,1,30.99,67.39,1.47,0.15,130.6,428,1347,34.24
2101005,3,0,0,0,0,1,33.85,62.98,3.36,0.94,111.3,418,1384,19.85
2101178,3,1,1,0,0,1,32.97,66.1,3.99,0.0,110.6,458,1353,24.67
2101054,3,2,1,0,0,1,26.39,54.3,2.29,1.04,68.4,483,1375,41.23
2101164,3,0,0,0,0,1,33.48,64.41,3.41,0.0,126.1,459,1349,18.66
2101058,0,2,0,0,0,1,30.57,69.83,3.2,6.72,143.6,444,1339,45.89
2101169,2,1,0,0,0,1,32.17,77.05,3.95,0.0,130.2,407,1345,33.06
2101198,0,0,1,0,0,1,32.33,67.44,3.27,10.44,111.2,461,1327,16.66
2101184,1,0,0,0,0,1,27.87,45.35,2.63,0.0,83.7,409,1349,28.97
2101046,3,0,1,0,0,1,33.37,66.12,3.08,0.0,127.3,442,1357,21.67
2101103,0,0,1,0,0,1,32.29,67.62,1.02,1.83,143.8,434,1435,10.04
2101010,4,0,1,0,0,0,33.0,61.63,3.92,1.19,105.1,469,1435,33.32
2101054,1,2,1,0,1,1,28.63,44.0,2.23,2.11,86.4,520,1389,53.22
2101083,1,1,0,0,0,1,31.71,76.78,3.66,0.0,124.9,412,1333,38.15
2101008,2,0,1,0,0,1,31.43,77.39,2.75,0.49,136.6,430,1401,29.33
2101130,1,2,1,0,0,1,31.71,79.08,2.68,1.6,124.8,426,1409,39.1
2101039,3,1,0,0,0,1,26.53,51.82,3.91,0.0,65.5,401,1439,44.58
2101031,1,2,0,0,0,1,33.61,74.94,1.84,1.03,131.0,529,1326,39.24
2101130,0,2,0,0,0,1,32.05,73.27,1.37,0.0,150.3,411,1396,33.86
2101168,6,2,1,1,1,0,31.89,53.19,3.48,0.0,95.7,456,1431,54.57
2101199,4,2,0,0,0,0,32.79,64.77,3.73,1.68,96.0,427,1349,41.14
2101040,1,0,0,0,0,1,27.33,49.37,2.64,0.0,75.1,455,1324,19.34
2101155,0,1,0,0,0,1,30.56,69.14,3.87,7.47,126.4,451,1381,23.38
2101141,5,1,0,1,1,1,29.27,51.56,3.05,1.25,70.2,427,1350,35.88
2101162,1,2,1,0,1,1,27.38,46.86,1.46,0.1,79.8,488,1428,51.4
2101033,2,0,1,0,0,0,25.82,46.98,0.92,1.05,78.6,364,1373,25.51
2101096,5,1,0,1,1,1,28.26,57.61,3.18,0.0,81.1,420,1439,52.11
2101176,6,2,0,1,1,0,31.74,52.06,2.78,1.42,107.2,424,1439,47.41
2101115,2,1,0,0,0,0,25.34,41.93,3.06,0.0,70.3,409,1390,35.22
2101041,3,0,0,0,0,1,33.14,65.6,4.34,0.0,114.4,406,1361,23.91
2101001,2,2,0,0,0,0,25.84,42.63,2.51,0.73,69.3,490,1370,48.12
2101146,3,1,1,0,0,1,33.55,62.14,3.65,0.61,125.9,442,1334,49.6
2101014,2,2,0,0,0,1,31.36,75.01,2.86,0.0,132.5,464,1352,45.04
2101167,4,1,1,0,0,1,29.43,50.06,3.57,0.36,83.6,520,1353,43.39
2101131,1,1,1,0,0,1,28.11,46.57,1.84,0.87,85.6,413,1300,37.0
2101051,5,1,0,1,1,1,31.91,62.82,1.69,2.49,85.5,504,1430,38.31
2101043,0,1,0,0,0,1,32.59,69.87,1.95,0.0,139.6,476,1399,29.98
2101019,3,0,0,0,0,1,34.24,65.56,2.94,0.0,123.0,419,1416,26.17
2101068,5,1,0,1,1,1,29.38,51.6,3.17,0.0,92.2,478,1375,37.5
2101117,0,0,1,0,0,1,31.02,52.37,2.55,0.0,99.9,462,1301,22.26
2101062,0,1,1,0,0,1,32.81,71.36,2.34,6.21,130.9,440,1416,36.33
2101100,6,0,0,1,1,1,28.72,63.25,2.2,0.24,132.8,469,1439,33.55
2101126,5,2,0,1,1,1,28.06,52.84,3.7,1.4,83.4,456,1346,60.77
2101096,0,2,1,0,0,1,32.7,73.5,2.46,0.0,146.6,360,1404,57.73
2101050,0,1,0,0,0,1,31.4,76.34,1.77,0.0,148.9,495,1402,37.31
2101156,1,1,0,0,0,1,26.9,53.69,0.95,0.0,86.9,444,1361,32.99
2101143,5,1,0,1,1,1,31.53,57.78,1.64,0.0,96.6,513,1439,42.16
2101093,5,0,0,1,1,1,29.05,53.75,3.25,3.24,75.2,466,1346,29.18
2101036,4,2,1,0,0,0,30.94,60.42,4.75,1.86,100.0,472,1393,46.2
2101099,2,2,0,0,0,1,31.71,78.12,3.42,0.08,121.3,438,1404,41.62
2101072,1,1,1,0,0,1,33.99,77.42,2.16,0.0,141.9,419,1341,47.25
2101097,4,0,0,0,0,0,32.57,59.97,3.75,0.0,85.3,513,1430,10.0
2101025,2,1,0,0,0,0,26.39,41.15,3.06,0.0,91.0,414,1434,37.78
2101091,1,0,0,0,1,1,33.83,73.62,1.27,0.0,137.7,387,1363,20.78
2101011,4,2,0,0,0,1,28.51,47.72,2.9,0.0,92.4,418,1330,37.82
2101081,4,2,0,0,0,0,32.43,62.59,3.62,0.0,111.8,394,1328,41.87
2101140,4,1,0,0,1,0,30.91,56.61,4.6,0.0,108.3,465,1297,36.35
2101033,2,1,0,0,0,0,26.31,41.99,2.85,0.0,84.1,369,1372,30.91
2101026,5,2,0,1,1,1,30.19,57.07,2.33,0.0,72.2,459,1410,54.07
2101059,6,0,1,1,1,0,32.21,53.98,2.7,0.46,98.5,427,1432,16.94
2101181,4,2,1,0,0,1,29.25,48.25,2.99,0.0,83.4,464,1369,48.63
2101053,4,2,0,0,0,0,32.42,59.54,3.74,0.0,90.5,469,1422,26.97
2101188,1,1,0,0,0,1,32.08,76.21,2.46,0.0,136.5,472,1420,41.43
2101050,5,2,1,1,1,1,29.25,58.65,3.4,0.97,76.0,559,1412,60.18
2101012,4,2,0,0,0,1,28.79,50.15,3.61,1.43,90.5,464,1365,36.96
2101156,4,2,0,0,0,1,28.04,52.01,2.82,0.0,97.4,458,1355,40.06
2101024,6,0,0,1,1,1,27.8,63.0,1.46,0.15,124.1,579,1407,25.31
2101023,0,2,0,0,0,1,29.37,40.33,1.55,0.75,78.4,415,1415,38.53
2101107,2,1,0,0,0,1,32.61,75.42,3.86,1.1,136.2,414,1302,27.38
2101041,1,2,1,0,0,1,27.31,42.64,2.77,0.0,83.5,369,1348,52.38
2101121,1,2,1,0,0,1,27.83,46.08,2.33,0.45,94.5,459,1389,43.93
2101105,5,0,0,1,1,1,30.53,59.25,1.73,0.0,89.5,457,1400,26.56
2101143,2,1,0,0,0,0,25.36,42.21,2.48,0.0,77.1,483,1428,22.58
2101063,3,1,0,0,0,1,33.61,66.39,4.12,1.09,117.9,446,1378,44.76
2101056,2,1,0,0,0,0,26.01,43.6,2.94,0.0,69.3,399,1370,33.61
2101048,4,2,0,0,0,1,27.82,48.65,3.33,0.67,86.7,401,1356,47.51
2101150,1,1,1,0,0,1,33.28,74.6,1.93,0.0,129.9,476,1294,25.49
2101075,6,2,0,1,1,0,29.95,53.72,2.12,0.0,109.7,504,1439,52.24
2101170,2,2,1,0,1,0,26.88,42.12,3.13,0.07,76.5,429,1385,42.15
2101100,0,0,0,0,0,1,29.9,75.31,0.61,0.89,126.5,447,1416,15.37
2101158,2,1,1,0,0,0,25.5,43.79,1.94,0.0,63.2,445,1278,39.81
2101135,6,1,0,1,0,1,27.89,69.17,1.77,1.82,122.9,497,1376,32.59
2101138,5,1,0,1,1,1,29.53,51.51,3.71,2.69,88.4,409,1425,47.72
2101194,3,0,0,0,0,1,25.47,48.99,3.3,0.0,80.7,469,1271,20.0
2101091,5,0,1,1,1,1,29.33,55.83,3.62,1.73,90.0,433,1416,37.75
2101170,5,1,0,1,1,1,30.96,61.07,2.14,0.0,86.8,448,1404,37.25
2101165,4,0,0,0,0,0,33.1,61.6,3.25,0.73,97.7,439,1425,10.0
2101086,1,1,1,0,0,1,32.27,75.25,2.25,0.64,132.7,493,1358,40.16
2101139,3,0,1,0,1,1,25.79,52.41,2.23,0.0,71.3,396,1402,25.81
2101090,4,0,1,0,0,0,32.01,58.36,4.63,1.07,99.7,369,1423,29.04
2101133,6,1,0,1,1,1,31.53,63.34,1.84,1.12,137.0,492,1422,46.62
2101083,6,1,0,1,1,0,30.42,52.63,2.87,2.62,87.4,398,1354,39.8
2101099,6,2,0,1,1,1,28.91,66.77,1.14,0.75,111.4,489,1404,53.27
2101048,2,1,0,0,0,1,30.95,68.28,3.59,0.0,135.8,407,1360,40.39
2101127,2,1,0,0,0,1,31.82,79.72,2.91,0.0,132.5,379,1336,33.05
2101190,5,0,1,1,1,1,31.14,62.64,1.85,0.33,94.9,438,1364,27.51
2101071,0,1,0,0,0,1,31.37,74.75,1.57,0.0,150.1,487,1336,27.46
2101014,0,2,0,0,0,1,29.42,43.32,2.61,0.0,101.2,489,1356,47.19
2101141,2,1,0,0,0,0,26.71,42.57,3.32,2.33,79.9,382,1321,29.88
2101041,2,0,0,0,0,0,25.61,40.21,2.98,0.0,80.2,384,1374,19.31
2101139,3,1,0,0,0,1,33.61,64.08,3.27,0.0,112.1,387,1413,26.82
2101132,2,2,0,0,0,1,30.14,78.07,4.28,0.0,132.5,434,1395,47.12
2101189,1,2,0,0,0,1,26.95,42.65,2.09,1.51,73.4,472,1346,45.31
2101118,2,0,0,0,0,0,25.62,38.96,2.46,0.07,70.2,362,1348,18.2
2101024,0,2,0,0,0,1,30.47,69.71,3.13,7.87,120.3,543,1396,42.26
2101056,6,2,0,1,1,1,30.0,62.04,2.25,2.01,114.4,434,1339,44.17
2101054,5,1,0,1,1,1,31.36,57.02,2.09,0.0,88.1,538,1372,45.43
2101187,2,1,0,0,0,1,32.52,75.95,2.34,0.0,131.5,328,1355,31.7
2101172,3,0,1,0,1,1,34.91,66.71,4.38,1.7,106.9,536,1423,25.5
2101082,6,0,0,1,1,1,27.46,64.16,2.64,1.5,113.1,401,1393,37.14
2101175,6,2,0,1,1,0,30.55,52.08,3.6,0.4,96.3,485,1431,51.52
2101119,0,0,0,0,0,1,30.19,66.67,3.92,8.59,119.9,458,1360,19.28
2101063,2,1,0,0,0,0,26.4,40.47,1.92,0.0,74.3,435,1385,43.27
2101019,1,2,1,0,0,1,27.34,45.14,2.13,0.0,75.9,391,1383,51.71
2101182,1,2,1,0,0,1,33.83,72.63,2.57,0.03,124.9,475,1326,41.85
2101178,1,0,0,0,0,1,28.72,46.67,2.12,0.0,84.7,472,1415,17.32
2101149,5,0,1,1,1,1,31.87,64.47,1.58,1.72,86.3,490,1426,28.3
2101021,5,0,0,1,1,1,29.12,52.35,3.35,0.94,95.8,439,1434,19.33
2101111,2,2,0,0,0,1,31.94,75.86,3.33,0.0,123.7,465,1439,43.19
2101079,2,0,0,0,0,1,32.79,80.49,3.17,0.16,134.4,483,1351,15.59
2101136,2,0,0,0,0,0,27.52,51.25,1.96,0.38,69.6,444,1321,19.04
2101177,3,1,0,0,1,1,26.95,48.62,2.68,0.88,67.8,459,1439,39.95
2101107,5,1,1,1,1,1,29.28,57.92,3.55,0.05,87.0,448,1299,43.97
2101189,0,0,0,0,0,1,29.83,46.5,2.83,0.0,86.6,468,1355,23.61
2101039,5,0,1,1,1,1,31.6,61.44,1.76,0.88,101.8,436,1439,29.44
2101021,0,0,0,0,0,1,32.0,64.94,2.36,7.88,121.6,409,1373,10.0
2101024,2,1,0,0,0,0,26.18,43.6,2.73,0.0,78.7,491,1409,29.1
2101036,3,1,0,0,0,1,26.51,53.25,3.21,0.41,75.0,475,1367,27.81
2101066,6,1,0,1,1,1,28.24,69.89,2.65,0.0,118.6,508,1433,39.18
2101062,1,0,0,0,0,1,25.74,48.78,2.47,1.61,76.1,428,1426,22.2
2101156,4,0,0,0,0,1,28.37,56.43,3.42,0.0,95.3,486,1363,19.76
2101057,5,2,0,1,1,1,28.86,59.88,3.97,0.0,87.3,513,1404,56.61
2101177,3,0,0,0,1,1,34.29,64.15,3.48,0.0,109.0,464,1431,22.56
2101151,0,0,1,0,1,1,30.43,68.05,2.26,0.06,151.7,441,1407,32.9
2101188,4,0,0,0,0,0,33.19,63.63,3.22,2.81,89.2,467,1414,22.17
2101198,4,2,0,0,0,0,32.51,59.43,3.73,0.0,89.5,483,1365,37.33
2101015,6,1,0,1,1,1,29.23,67.8,1.86,1.63,129.2,424,1391,47.27
2101136,6,1,1,1,1,1,29.94,60.85,3.25,0.94,122.0,487,1336,47.32
2101173,0,0,0,0,0,1,31.28,74.14,2.03,1.54,136.5,484,1430,16.19
2101007,0,1,0,0,1,1,28.89,39.49,2.25,2.64,107.4,371,1397,30.65
2101033,5,2,0,1,1,1,30.1,59.74,2.92,1.55,82.7,409,1350,51.11
2101060,1,2,1,0,0,1,33.72,72.4,2.74,0.0,117.6,436,1394,54.65
2101042,4,1,0,0,0,1,29.53,47.0,3.77,0.37,84.0,392,1322,37.81
2101160,1,2,1,0,0,1,34.9,76.97,1.65,1.79,130.6,477,1389,47.45
2101027,0,0,0,0,0,1,28.65,49.15,1.67,2.55,86.4,445,1431,18.15
2101184,5,0,0,1,1,1,29.44,54.96,3.55,1.72,96.1,421,1365,35.02
2101072,4,0,0,0,0,0,31.79,62.62,3.75,2.84,93.7,408,1367,29.56
2101119,5,0,1,1,1,1,32.08,56.53,2.2,0.84,105.1,542,1389,24.49
2101082,4,2,0,0,0,0,32.12,62.28,4.06,0.04,112.6,382,1387,46.2
2101070,3,2,0,0,0,1,25.7,49.23,2.29,0.15,86.2,463,1439,37.19
2101173,3,0,0,0,0,1,34.78,62.94,3.53,0.38,121.3,447,1423,19.77
2101071,0,1,1,0,0,1,31.67,65.09,3.26,8.98,134.0,486,1338,39.45
2101195,6,0,0,1,1,0,30.57,50.08,2.61,2.14,87.5,488,1436,27.51
2101127,0,2,0,0,0,1,30.21,47.31,1.94,0.0,102.9,396,1343,42.58
2101072,0,0,0,0,0,1,29.62,43.08,2.68,2.15,105.9,434,1339,18.37
2101172,1,1,1,0,0,1,29.29,46.11,1.34,0.0,92.7,536,1432,35.8
2101056,1,0,1,0,0,1,29.12,50.59,3.25,0.36,80.1,418,1314,19.0
2101068,0,2,0,0,0,1,29.06,42.32,1.99,0.8,82.2,461,1394,37.96
2101177,0,2,0,0,1,1,30.65,63.35,2.96,8.35,134.3,461,1427,46.81
2101038,5,2,0,1,1,1,28.58,55.64,3.07,1.74,71.6,526,1426,53.41
2101176,4,0,1,0,0,1,27.86,50.67,4.25,0.0,87.6,371,1412,25.99
2101001,3,2,1,0,1,1,26.62,47.32,3.07,0.85,69.8,476,1378,59.81
2101002,2,0,0,0,0,0,26.23,44.3,1.87,1.13,64.1,368,1408,10.0
2101028,5,2,0,1,0,1,31.68,58.71,1.08,0.0,91.5,413,1412,61.11
2101123,0,2,0,0,1,1,29.9,64.58,3.34,6.73,128.1,426,1382,42.15
2101170,6,1,0,1,1,0,29.86,60.25,2.94,0.0,99.5,425,1430,34.18
2101169,3,1,0,0,0,1,34.63,58.98,4.21,0.22,119.0,355,1339,33.01
2101125,5,2,0,1,1,1,29.88,56.45,2.54,0.0,74.3,482,1423,64.05
2101128,2,0,0,0,0,1,31.34,79.83,3.26,0.25,118.8,463,1328,16.61
2101198,5,0,0,1,1,1,28.75,56.38,2.74,0.0,83.0,511,1344,29.46
2101189,2,1,0,0,0,0,26.35,40.32,2.82,1.05,82.1,428,1385,38.99
2101014,1,0,1,0,1,1,33.3,80.0,2.09,0.0,128.4,466,1364,26.87
2101112,0,2,0,0,0,1,30.6,68.39,0.64,1.25,139.3,458,1370,43.14
2101073,6,2,0,1,1,0,31.49,53.75,2.85,0.0,91.7,456,1436,38.82
2101027,0,1,1,0,0,1,31.24,68.4,1.4,0.0,136.6,403,1410,41.0
2101159,2,0,0,0,1,1,31.58,75.42,2.95,0.15,129.2,480,1413,24.35
2101108,0,2,0,0,0,1,27.84,40.99,1.81,1.58,110.3,401,1373,47.21
2101132,0,1,1,0,0,1,31.1,69.02,2.5,6.37,123.7,415,1408,36.1
2101103,6,0,1,1,1,0,31.97,49.81,2.92,0.96,100.4,447,1438,21.29
2101014,5,1,1,1,1,1,27.64,58.86,3.19,0.03,76.8,500,1349,52.08
2101173,6,2,0,1,1,1,29.63,59.07,2.4,0.6,126.4,495,1420,51.99
2101080,5,0,0,1,1,1,29.7,56.43,3.96,0.0,90.8,433,1397,25.56
2101044,2,2,1,0,1,0,25.81,44.53,1.49,0.13,65.9,414,1418,42.46
2101127,6,1,1,1,1,0,29.9,49.04,2.72,0.0,84.4,437,1379,34.73
2101061,0,2,1,0,0,1,30.01,40.83,1.77,0.5,107.9,394,1376,38.68
2101137,3,2,0,0,0,1,34.45,64.45,3.99,0.0,113.0,413,1439,43.11
2101102,0,2,1,0,0,1,30.93,38.19,1.74,0.0,86.8,508,1397,41.83
2101090,5,1,0,1,0,1,31.05,60.33,1.5,0.0,96.9,411,1439,45.02
2101020,3,1,1,0,0,1,33.67,58.53,4.0,0.0,116.9,487,1361,37.94
2101038,0,2,1,0,0,1,31.44,70.95,3.02,9.73,117.4,500,1413,47.67
2101173,0,0,0,0,0,1,29.89,73.4,2.19,0.24,139.7,464,1430,18.92
2101193,1,0,1,0,0,1,34.02,79.43,2.39,0.98,114.1,485,1398,23.09
2101110,2,1,0,0,0,1,30.37,78.43,2.92,1.22,134.2,500,1395,37.13
2101093,0,2,0,0,0,1,30.65,69.33,3.49,8.97,128.5,419,1346,48.29
2101036,3,2,0,0,0,1,25.16,51.6,1.67,0.0,83.2,482,1378,46.41
2101143,6,2,0,1,1,1,29.62,62.4,2.66,0.0,114.0,486,1434,41.19
2101129,3,0,1,0,0,1,32.81,63.88,4.09,0.0,114.7,359,1342,25.32
2101107,3,0,0,0,0,1,25.53,52.19,2.34,0.0,73.3,416,1335,10.8
2101054,5,0,0,1,1,1,31.56,53.65,1.93,0.12,94.1,534,1380,30.73
2101017,0,2,0,0,0,1,29.66,48.53,2.85,1.53,109.3,364,1412,45.82
2101193,0,1,1,0,0,1,32.49,74.83,2.2,0.0,150.6,504,1399,40.24
2101048,2,0,0,0,0,0,27.3,45.24,2.45,0.0,76.5,410,1380,20.23
2101130,5,2,0,1,1,1,30.03,52.82,2.22,1.06,101.7,446,1427,42.87
2101013,2,1,0,0,0,0,27.41,45.13,2.47,2.53,65.5,321,1383,39.08
2101136,2,2,1,0,0,1,30.84,77.57,2.66,0.0,131.7,418,1302,53.66
2101038,1,1,0,0,0,1,27.17,43.82,1.55,1.05,93.9,464,1428,31.34
2101140,4,0,0,0,1,0,32.67,58.62,3.35,0.0,88.0,441,1327,24.23
2101040,0,2,1,0,0,1,31.0,67.42,4.21,7.64,129.5,428,1301,47.88
2101099,6,0,0,1,1,1,28.79,61.45,2.12,0.0,124.5,488,1375,28.36
2101083,2,0,1,0,1,1,31.59,78.88,3.01,0.0,131.5,421,1301,32.78
2101102,0,2,0,0,0,1,28.92,41.51,2.08,0.0,104.2,504,1410,34.56
2101065,0,1,0,0,1,1,31.52,71.98,3.61,5.67,112.7,488,1309,36.53
2101068,5,1,0,1,1,1,29.67,53.06,3.01,0.0,83.5,514,1393,44.18
2101073,3,0,0,0,0,1,26.13,47.42,3.68,0.75,80.8,400,1438,24.66
2101127,2,2,0,0,0,0,26.06,39.91,2.88,0.46,85.5,374,1412,41.34
2101163,0,1,0,0,0,1,31.44,67.29,0.41,1.02,150.9,430,1419,35.94
2101073,4,2,0,0,0,1,27.05,45.91,2.85,0.0,92.7,389,1439,45.45
2101005,0,1,0,0,0,1,29.09,43.98,2.45,0.08,104.6,458,1378,31.91
2101039,1,2,0,0,0,1,31.41,70.11,3.31,0.0,135.3,428,1437,49.59
2101021,3,2,0,0,0,1,34.54,66.03,3.35,0.0,113.2,410,1439,38.1
2101126,1,2,0,0,0,1,28.29,48.37,2.22,1.4,78.7,449,1368,40.38
2101161,3,0,1,0,1,1,25.8,55.34,2.89,0.0,71.1,444,1377,33.08
2101043,0,2,0,0,0,1,30.13,47.2,2.12,3.09,86.9,492,1374,45.11
2101107,2,1,0,0,0,0,26.75,45.53,2.12,1.23,61.1,393,1322,24.96
2101096,6,1,0,1,1,1,30.46,61.19,2.17,0.0,111.2,433,1439,44.39
2101088,3,0,0,0,0,1,27.03,55.53,2.52,0.0,56.1,467,1415,21.28
2101177,5,1,0,1,1,1,31.21,59.11,2.66,0.0,96.4,495,1433,47.71
2101054,2,0,0,0,0,0,24.98,47.84,3.01,1.99,54.2,464,1391,15.64
2101125,1,0,1,0,0,1,28.54,46.76,2.91,1.17,83.8,447,1377,24.16
2101108,1,2,1,0,0,1,34.26,70.43,2.08,4.26,125.4,441,1405,54.78
2101175,0,2,1,0,0,1,32.25,72.28,2.34,2.45,140.7,501,1376,45.08
2101045,2,1,0,0,1,0,27.09,44.16,2.23,0.95,61.9,531,1392,25.6
2101186,5,2,0,1,1,1,31.18,62.47,1.62,0.0,86.8,473,1439,47.55
2101171,1,0,0,0,0,1,26.41,46.33,2.54,0.0,101.4,424,1424,16.79
2101090,4,2,1,0,0,0,31.61,63.24,4.26,0.0,106.8,396,1430,48.68
2101164,3,0,0,0,1,1,32.55,65.17,3.76,0.68,119.6,482,1351,23.2
2101129,2,1,0,0,0,1,31.48,76.77,3.83,0.0,112.8,354,1380,32.0
2101065,5,0,0,1,1,1,29.85,60.12,3.14,0.82,94.9,554,1326,21.83
2101170,5,1,0,1,1,1,28.96,57.54,4.01,1.15,75.0,438,1379,35.42
2101005,6,1,1,1,1,0,31.17,52.68,2.42,0.0,110.4,463,1405,38.96
2101028,5,1,0,1,1,1,30.01,65.2,1.4,0.33,85.6,443,1412,47.62
2101177,1,1,1,0,1,1,28.29,50.05,3.49,0.0,84.2,465,1438,43.29
2101158,0,0,1,0,0,1,30.47,64.67,3.07,7.94,128.5,438,1252,28.48
2101060,5,1,0,1,0,1,30.09,58.46,2.52,0.0,84.8,467,1387,42.06
2101197,1,2,0,0,0,1,27.52,45.77,2.13,0.0,78.9,415,1366,36.89
2101131,6,1,1,1,1,0,31.55,51.95,1.79,0.0,94.2,434,1361,40.47
2101049,2,1,1,0,1,0,25.73,41.18,3.49,0.0,74.3,483,1356,37.03
2101171,6,0,0,1,1,0,32.0,47.98,3.08,0.0,91.9,461,1438,24.51
2101198,2,1,1,0,0,0,26.26,45.9,2.71,1.43,67.8,475,1365,27.77
2101159,1,2,0,0,0,1,28.37,48.09,1.74,1.13,78.1,441,1439,47.38
2101125,3,1,1,0,0,1,26.35,48.5,2.61,0.0,70.5,447,1436,44.65
2101172,0,0,0,0,0,1,30.87,68.17,2.37,5.99,126.7,537,1395,13.12
2101161,2,2,1,0,1,1,31.93,80.6,3.66,0.0,131.2,417,1354,55.18
2101098,1,2,0,0,0,1,28.62,46.09,2.24,1.51,79.5,383,1339,47.46
2101151,6,1,1,1,1,0,31.4,53.6,2.05,0.0,98.7,479,1429,37.89
2101168,5,0,0,1,1,1,31.1,61.54,2.27,1.6,96.9,447,1408,33.12
2101007,3,2,0,0,0,1,33.54,63.62,2.67,1.38,107.0,359,1367,39.82
2101092,0,0,1,0,0,1,31.51,65.49,1.71,2.4,140.6,487,1341,19.38
2101187,6,2,1,1,1,0,31.08,49.64,1.65,0.0,101.4,400,1374,46.58
2101053,5,1,0,1,0,1,29.82,56.62,3.1,0.0,91.5,446,1379,33.08
2101123,1,1,0,0,1,1,33.63,73.58,2.77,1.16,123.5,437,1382,31.87
2101096,6,2,0,1,1,0,31.35,52.93,2.44,0.86,104.8,405,1427,60.45
2101117,0,0,0,0,0,1,30.75,67.49,3.56,8.06,124.4,465,1357,17.31
2101067,0,0,0,0,0,1,31.32,65.29,3.21,6.21,130.0,385,1413,29.66
2101127,3,2,0,0,0,1,35.1,68.58,3.58,1.22,98.6,380,1360,47.7
2101153,0,2,0,0,0,1,31.53,77.15,0.73,0.0,139.9,460,1335,38.85
2101147,3,2,0,0,0,1,26.36,55.99,2.32,1.71,76.3,401,1339,41.75
2101166,0,0,0,0,0,1,31.88,69.09,1.22,1.31,147.9,431,1332,30.77
2101051,4,0,0,0,0,0,31.72,61.03,2.9,1.19,103.7,443,1439,14.72
2101029,0,1,0,0,1,1,29.39,40.38,2.47,0.0,108.9,483,1420,38.25
2101108,6,2,0,1,1,1,28.52,64.91,1.9,1.01,103.0,467,1430,58.35
2101033,1,2,0,0,0,1,33.78,72.95,1.58,2.1,126.2,358,1304,55.25
2101125,2,2,0,0,0,0,25.43,41.97,2.5,2.96,81.5,448,1439,42.0
2101077,0,1,1,0,1,1,27.24,44.94,2.51,1.49,86.4,363,1325,44.23
2101143,1,2,0,0,0,1,33.71,73.19,1.36,1.36,112.3,481,1432,40.83
2101093,5,0,0,1,1,1,29.95,51.94,3.43,0.0,88.9,484,1368,28.14
2101112,5,0,1,1,1,1,29.46,50.8,2.92,1.76,77.7,492,1406,24.24
2101191,0,1,0,0,0,1,29.44,40.36,1.71,2.25,82.8,379,1338,29.95
2101126,0,0,1,0,0,1,29.54,73.1,3.42,8.26,106.7,415,1345,30.92
2101188,2,2,0,0,0,0,26.37,43.1,1.06,0.61,73.0,452,1394,47.62
2101049,6,2,0,1,1,1,28.35,67.33,2.13,0.14,125.5,514,1348,49.77
2101193,0,0,0,0,0,1,30.37,68.45,3.25,7.61,133.7,491,1345,24.57
2101043,1,0,0,0,0,1,26.7,46.56,2.15,0.0,106.0,514,1412,11.98
2101146,4,0,0,0,0,0,30.97,61.72,4.29,0.57,92.0,442,1370,29.35
2101010,2,0,1,0,0,1,32.58,73.36,2.82,0.0,134.7,474,1414,28.91
2101135,1,1,1,0,0,1,26.77,45.63,2.06,0.0,71.8,469,1424,41.55
2101176,2,1,1,0,0,1,30.56,72.97,2.92,0.0,132.1,399,1411,36.66
2101054,4,2,1,0,0,1,28.57,50.17,3.57,0.49,85.0,493,1335,53.31
2101032,6,1,1,1,1,1,29.95,65.47,3.11,0.35,126.4,445,1439,48.64
2101075,3,2,0,0,1,1,34.36,66.06,3.32,1.75,109.2,511,1403,53.48
2101014,1,2,1,0,0,1,27.8,45.92,2.56,1.15,83.4,483,1375,49.05
2101001,0,2,0,0,0,1,31.7,70.11,1.34,1.55,127.7,459,1377,59.85
2101086,2,0,0,0,0,1,31.25,80.69,3.19,0.21,138.8,454,1347,20.15
2101166,5,1,1,1,1,1,30.79,55.71,1.85,1.5,108.5,459,1335,54.93
2101081,6,2,0,1,1,1,29.03,63.89,2.12,0.0,106.7,464,1308,53.03
2101055,0,2,0,0,1,1,32.0,73.35,3.42,7.54,127.0,424,1436,51.72
2101045,2,0,1,0,0,0,26.68,45.16,2.2,1.37,69.5,524,1390,13.28
2101016,1,2,1,0,1,1,28.11,47.47,2.71,0.28,85.7,488,1365,49.68
2101079,1,2,0,0,0,1,27.21,47.99,2.94,0.0,87.1,485,1331,35.38
2101063,0,0,0,0,0,1,31.52,75.25,1.03,1.14,148.5,445,1363,24.1
2101090,5,0,0,1,1,1,31.85,56.78,2.34,1.75,101.9,457,1439,36.03
2101065,0,0,1,0,1,1,29.61,67.91,2.38,8.66,140.7,504,1293,17.95
2101118,6,1,0,1,1,0,29.83,46.69,3.33,1.71,99.6,416,1377,44.07
2101145,3,0,0,0,0,1,35.15,66.79,2.88,1.11,123.0,521,1439,18.58
2101003,3,0,0,0,1,1,34.55,68.88,3.01,1.11,121.1,476,1358,29.42
2101002,3,0,1,0,0,1,25.19,51.7,2.55,0.0,72.5,399,1368,19.94
2101056,0,0,0,0,0,1,30.8,68.53,2.02,0.0,153.9,401,1331,21.83
2101046,0,1,0,0,0,1,29.94,71.1,3.97,7.34,99.4,462,1345,37.27
2101018,6,0,0,1,1,1,29.38,63.53,1.92,0.0,119.4,514,1439,19.3
2101179,1,1,1,0,0,1,28.24,45.76,2.06,0.0,91.5,521,1439,35.45
2101018,0,2,1,0,0,1,28.85,43.43,1.84,0.0,93.2,466,1433,45.69
2101171,4,0,0,0,0,1,27.35,52.3,2.72,0.42,78.8,426,1421,24.25
2101014,1,1,0,0,0,1,27.4,44.39,2.76,0.0,79.5,459,1350,40.1
2101126,0,2,0,0,0,1,30.35,43.38,1.54,0.0,78.5,436,1383,47.59
2101077,4,0,0,0,0,0,32.58,65.15,3.87,0.0,108.7,300,1366,23.92
2101112,6,2,0,1,1,0,30.71,49.2,2.57,1.05,103.9,435,1437,40.54
2101104,4,2,1,0,0,1,28.2,51.01,3.37,1.79,90.1,477,1429,48.0
2101045,0,0,0,0,0,1,31.55,70.56,1.25,0.0,141.1,551,1330,19.11
2101021,0,2,1,0,0,1,30.47,75.23,1.45,0.0,153.1,403,1435,38.28
2101175,3,0,1,0,0,1,26.55,48.02,2.8,1.69,86.6,462,1420,28.49
2101146,5,2,0,1,1,1,30.4,63.71,2.17,0.99,89.7,451,1363,66.92
2101152,5,1,0,1,1,1,29.62,55.53,4.59,1.02,87.0,508,1439,42.24
2101123,0,0,0,0,0,1,32.23,75.21,1.8,0.05,131.6,419,1327,22.57
2101103,6,0,0,1,1,1,28.64,66.01,1.46,0.73,106.4,455,1439,22.6
2101170,1,1,0,0,0,1,33.26,78.97,2.14,0.0,130.2,404,1365,24.41
2101033,6,2,0,1,1,0,32.35,50.53,3.12,1.22,97.2,392,1386,49.15
2101121,0,0,0,0,0,1,29.11,72.02,3.06,7.78,125.7,481,1377,18.12
2101043,1,1,0,0,0,1,33.13,75.51,1.75,0.0,133.6,463,1378,37.46
2101130,2,0,0,0,0,0,27.31,41.49,2.05,0.65,76.6,418,1436,10.0
2101076,3,1,0,0,0,1,24.85,47.76,2.75,0.0,78.1,382,1334,36.98
2101086,6,0,1,1,0,0,30.75,57.63,1.99,1.19,117.9,474,1418,21.18
2101066,1,2,0,0,0,1,32.32,71.54,2.47,0.0,127.9,457,1428,45.83
2101119,0,1,0,0,1,1,30.08,45.87,2.13,0.0,93.7,512,1347,32.97
2101013,6,2,1,1,1,0,30.0,47.43,2.14,0.2,107.4,362,1437,59.25
2101154,6,0,0,1,0,1,27.81,65.89,2.69,0.0,129.5,488,1336,32.74
2101081,3,0,0,0,0,1,26.48,46.99,2.79,2.57,79.3,434,1314,19.43
2101196,5,0,1,1,1,1,31.4,58.73,2.4,0.67,90.7,525,1413,33.87
2101090,0,1,0,0,0,1,31.95,74.22,1.74,0.23,148.2,416,1394,40.78
2101025,1,2,0,0,0,1,28.27,46.56,3.28,0.0,84.6,420,1405,51.28
2101058,4,1,0,0,0,0,33.3,60.42,3.21,0.83,102.8,453,1351,40.41
2101092,3,1,1,0,0,1,27.65,49.46,2.9,0.08,55.5,448,1394,30.81
2101077,5,2,0,1,1,1,29.89,56.87,4.49,0.0,80.4,416,1328,54.65
2101053,5,0,0,1,1,1,30.18,57.4,2.72,0.28,84.5,480,1384,22.22
2101067,6,0,0,1,1,1,29.44,63.31,2.06,0.96,118.3,401,1405,32.56
2101146,0,2,0,0,1,1,31.53,43.33,2.24,0.0,87.1,416,1356,52.06
2101075,0,2,1,0,0,1,30.94,44.97,2.07,0.0,90.2,484,1439,48.53
2101031,4,0,0,0,1,1,27.72,49.68,5.0,0.0,110.3,544,1332,22.93
2101124,4,0,0,0,0,1,29.25,53.13,3.02,0.01,89.9,445,1357,18.81
2101148,6,1,1,1,0,1,30.04,63.72,2.09,0.02,114.2,490,1429,37.7
2101099,0,2,1,0,0,1,30.73,70.67,2.71,6.93,138.5,440,1404,46.66
2101145,2,0,1,0,0,1,33.49,78.22,2.87,2.41,120.3,507,1429,18.48
2101040,6,2,0,1,0,0,31.46,53.43,0.26,0.57,109.7,436,1376,43.72
2101029,0,1,0,0,0,1,30.61,67.06,2.97,6.84,132.1,476,1437,38.62
2101159,4,2,1,0,0,0,34.26,58.69,4.8,0.0,94.8,451,1427,49.73
2101158,0,1,0,0,0,1,29.81,72.87,1.35,1.55,157.8,437,1260,36.83
2101103,1,1,1,0,0,1,27.74,52.09,2.23,1.46,99.9,397,1419,27.48
2101097,4,1,0,0,0,1,27.59,57.43,3.95,0.0,84.2,511,1405,25.79
2101092,4,2,0,0,1,1,28.05,47.06,4.31,2.5,77.8,458,1368,46.7
2101044,5,1,1,1,0,1,28.7,56.66,2.34,0.0,88.0,446,1371,40.38
2101142,2,2,1,0,0,0,26.05,35.48,3.4,0.47,65.2,410,1439,45.21
2101076,2,2,0,0,1,1,31.8,76.23,3.72,0.0,126.8,429,1305,52.34
2101150,5,0,0,1,1,1,28.44,53.76,3.51,0.0,79.4,494,1342,25.35
2101088,6,2,0,1,1,0,31.14,55.85,3.45,0.0,100.0,479,1439,47.86
2101169,5,1,0,1,1,1,28.31,53.0,3.25,1.45,76.2,410,1372,47.32
2101169,5,0,1,1,1,1,28.4,61.07,2.8,0.0,72.2,379,1347,44.58
2101162,0,0,0,0,1,1,29.29,68.76,3.22,9.99,110.7,506,1439,18.55
2101054,0,0,0,0,1,1,32.7,73.91,2.23,0.0,149.8,495,1324,29.18
2101134,5,1,0,1,1,1,27.8,54.02,3.07,0.0,85.7,446,1383,44.58
2101150,2,0,1,0,1,0,26.71,44.32,3.11,3.0,80.0,481,1328,10.12
2101144,0,1,0,0,0,1,29.47,41.61,1.85,0.0,88.4,492,1406,23.35
2101175,4,2,0,0,0,1,28.39,55.07,3.45,0.12,99.5,469,1416,44.0
2101032,0,2,0,0,0,1,31.01,68.75,3.24,5.85,134.3,403,1405,53.77
2101131,0,2,1,0,0,1,29.46,41.48,2.37,0.78,98.5,415,1316,47.14
2101140,1,0,0,0,1,1,32.1,76.52,3.15,1.37,123.8,456,1277,26.71
2101072,3,0,1,0,0,1,26.87,51.13,2.45,2.32,76.7,418,1361,31.34
2101051,3,2,0,0,0,1,31.78,60.17,3.05,0.0,109.2,468,1409,43.86
2101113,3,2,0,0,1,1,33.76,69.71,3.04,0.25,126.3,556,1268,47.05
2101052,2,2,0,0,0,1,31.88,75.76,3.57,1.18,127.6,383,1289,45.35
2101118,2,0,1,0,1,1,31.23,78.23,2.59,1.05,132.0,421,1339,31.48
2101024,6,2,1,1,0,1,29.23,66.2,2.8,0.0,110.1,568,1366,48.13
2101079,5,1,0,1,1,1,30.87,54.5,2.38,0.49,87.5,525,1349,45.91
2101079,1,1,1,0,0,1,34.91,80.09,2.4,2.36,129.5,494,1306,33.8
2101146,2,1,1,0,0,1,31.5,77.58,2.81,1.36,119.3,405,1340,44.3
2101004,5,1,1,1,1,1,33.0,61.39,1.47,3.25,92.8,481,1439,50.22
2101073,5,2,0,1,0,1,31.79,56.5,2.1,0.0,88.2,434,1433,47.85
2101131,4,2,0,0,0,0,32.03,61.36,3.28,0.0,101.4,423,1313,37.07
2101099,0,0,0,0,0,1,30.06,69.28,2.66,7.09,142.0,431,1391,22.13
2101149,5,2,0,1,1,1,29.76,58.36,3.07,0.0,90.4,490,1420,48.3
2101173,1,0,1,0,0,1,27.61,50.47,1.2,0.76,91.1,453,1402,15.93
2101155,0,1,0,0,0,1,30.82,73.51,3.08,6.76,124.9,462,1407,33.27
2101067,5,1,0,1,1,1,30.98,59.67,1.92,0.61,93.6,423,1419,38.87
2101026,2,2,1,0,0,1,31.08,80.72,2.41,0.0,135.5,386,1383,48.18
2101018,4,0,0,0,0,0,31.57,58.64,3.28,0.0,88.0,450,1424,10.73
2101128,1,1,0,0,0,1,32.66,74.15,2.13,0.28,115.1,497,1313,37.37
2101026,0,0,0,0,0,1,29.8,70.4,3.4,9.34,147.4,407,1390,21.73
2101167,3,2,0,0,0,1,33.96,68.72,3.68,0.0,121.3,522,1356,48.91
2101116,6,1,0,1,0,0,32.71,52.86,2.48,0.0,99.1,409,1433,29.96
2101008,3,2,0,0,0,1,34.68,64.98,2.72,0.91,133.8,430,1341,45.49
2101158,0,2,0,0,0,1,30.05,68.06,2.68,6.76,116.8,454,1268,48.18
2101039,2,0,1,0,0,1,31.94,79.02,2.94,1.56,129.9,397,1429,29.3
2101198,0,2,1,0,0,1,30.06,48.73,2.02,1.74,75.9,494,1354,50.29
2101054,0,2,0,0,0,1,32.48,70.61,3.31,9.18,117.5,506,1344,50.14
2101110,0,2,0,0,0,1,29.98,47.68,1.75,0.0,73.7,500,1395,45.45
2101092,6,2,0,1,1,1,28.35,62.45,3.14,1.99,114.7,494,1386,56.93
2101071,6,2,1,1,1,1,29.08,66.56,2.14,1.33,111.7,509,1365,51.26
2101035,4,2,0,0,0,1,28.8,51.28,3.63,0.0,83.9,512,1384,45.73
2101013,4,2,0,0,1,1,29.56,50.77,2.97,0.0,84.1,368,1374,54.42
2101108,1,0,1,0,0,1,28.23,43.06,2.2,1.91,107.2,408,1411,30.45
2101196,1,2,0,0,0,1,26.33,43.45,2.64,1.36,83.9,482,1403,47.23
2101069,5,2,0,1,1,1,30.14,55.85,3.7,0.5,81.7,513,1439,48.16
2101060,6,2,1,1,1,0,31.22,52.22,1.56,1.33,88.5,461,1422,48.99
2101131,0,2,0,0,0,1,31.52,67.34,4.03,7.79,120.3,417,1296,50.09
2101199,6,2,1,1,1,1,30.0,66.02,1.48,4.09,125.7,426,1327,48.08
2101106,5,1,1,1,0,1,31.86,62.1,2.18,1.67,94.1,494,1413,41.96
2101193,6,0,0,1,1,0,29.71,51.05,2.18,0.45,96.9,504,1401,22.47
2101137,3,0,0,0,0,1,24.28,49.97,3.1,0.14,75.0,412,1424,16.4
2101159,6,0,1,1,1,1,29.57,63.59,2.51,0.04,98.9,476,1404,22.73
2101050,1,0,0,0,0,1,33.13,78.26,2.75,2.08,135.7,524,1374,28.55
2101110,1,2,0,0,0,1,33.76,79.89,2.35,0.0,127.7,500,1381,52.02
2101141,3,2,1,0,1,1,33.24,66.82,2.43,1.1,125.9,395,1333,46.7
2101073,6,0,0,1,0,0,30.86,51.76,2.53,0.0,109.2,401,1435,23.92
2101147,2,1,0,0,0,1,30.45,75.9,3.12,0.0,140.3,391,1326,36.94
2101077,0,2,0,0,0,1,29.88,44.58,1.28,1.7,93.1,342,1344,41.82
2101144,1,2,0,0,0,1,27.58,47.01,2.01,0.52,79.4,478,1396,49.26
2101091,0,1,0,0,0,1,31.3,68.01,3.15,8.6,136.0,365,1362,34.84
2101014,4,2,0,0,0,1,29.43,51.6,4.08,0.0,91.5,466,1335,44.33
2101020,3,0,1,0,0,1,34.33,67.87,3.21,0.0,146.7,472,1387,15.95
2101189,4,2,0,0,0,1,27.95,50.15,5.07,0.0,88.8,460,1370,51.77
2101127,5,2,0,1,1,1,30.95,53.14,3.39,1.63,82.2,450,1386,46.5
2101115,3,1,0,0,0,1,25.99,53.93,2.97,1.67,59.8,451,1371,30.94
2101154,3,0,0,0,0,1,26.84,50.04,3.25,0.0,76.7,440,1295,30.99
2101055,4,0,0,0,1,0,33.7,58.76,5.15,0.03,105.3,430,1413,22.81
2101073,3,1,1,0,0,1,27.02,54.76,2.17,0.79,81.0,423,1439,33.03
2101087,2,0,0,0,0,1,32.42,79.16,4.32,1.11,131.7,366,1358,31.95
2101131,2,0,0,0,0,0,26.97,39.02,3.29,0.29,70.3,412,1327,16.68
2101104,6,0,0,1,1,1,29.95,62.78,2.57,0.0,132.4,518,1439,27.62
2101055,0,2,0,0,0,1,30.34,68.57,3.56,8.59,125.2,453,1409,46.15
2101104,4,1,0,0,1,0,31.33,55.91,2.7,0.36,93.7,478,1439,34.88
2101075,4,1,0,0,0,0,32.53,62.47,4.15,0.0,95.2,476,1439,33.35
2101050,2,1,0,0,0,0,25.74,41.69,3.13,0.42,53.3,517,1413,35.37
2101039,5,2,0,1,1,1,31.01,57.29,2.42,1.8,79.6,450,1439,57.0
2101053,3,0,0,0,0,1,26.65,52.85,2.42,0.53,70.2,467,1364,11.05
2101108,3,0,0,0,0,1,33.94,64.87,3.7,1.13,119.1,383,1385,25.23
2101073,2,1,0,0,0,1,31.78,76.04,3.04,0.0,129.5,418,1415,34.04
2101085,0,2,0,0,0,1,31.67,75.69,1.61,1.76,130.5,414,1439,46.45
2101156,0,1,1,0,0,1,30.42,47.26,2.1,0.06,94.4,450,1366,33.23
2101139,3,2,1,0,0,1,34.74,67.53,3.64,0.18,116.5,375,1390,42.41
2101088,4,2,0,0,1,0,31.43,66.62,4.53,0.0,95.0,482,1417,44.6
2101115,6,1,0,1,1,1,29.12,67.1,1.77,0.0,120.7,496,1381,38.5
2101008,5,2,0,1,1,1,29.15,51.37,2.53,0.29,90.9,503,1391,56.65
2101082,5,2,0,1,0,1,29.13,56.19,3.56,0.17,103.7,377,1395,48.97
2101090,1,0,1,0,0,1,25.91,44.07,3.31,0.0,69.1,396,1412,26.32
2101060,1,1,1,0,1,1,32.25,73.9,2.59,2.7,126.0,428,1433,41.93
2101041,4,0,1,0,0,1,27.84,55.38,4.23,1.69,96.0,388,1364,23.16
2101148,2,1,0,0,0,0,26.87,49.43,2.79,0.74,91.5,478,1396,23.67
2101003,6,0,0,1,1,1,27.86,62.68,1.77,0.07,108.3,510,1403,31.32
2101195,0,2,0,0,0,1,28.73,45.27,2.1,0.52,95.6,502,1391,34.41
2101195,2,0,0,0,0,1,31.17,73.07,1.93,0.0,131.5,452,1381,13.23
2101125,1,2,0,0,0,1,27.31,49.58,3.25,1.01,103.5,465,1418,46.0
2101059,6,2,1,1,1,0,31.69,52.64,2.73,0.0,94.6,429,1439,44.37
2101059,2,1,1,0,0,0,25.11,43.83,2.97,2.03,69.6,365,1439,19.13
2101107,5,1,0,1,1,1,29.21,61.87,2.52,1.98,87.0,453,1360,38.64
2101134,4,2,0,0,0,0,33.13,62.17,4.32,0.0,113.9,394,1405,38.01
2101072,1,1,0,0,0,1,32.81,79.71,2.54,1.5,140.0,403,1315,36.53
2101088,0,0,0,0,0,1,31.18,70.91,2.7,8.63,109.8,480,1424,16.21
2101011,4,0,1,0,0,1,29.5,49.74,3.3,1.41,77.9,408,1338,21.31
2101177,6,1,0,1,1,0,31.63,52.43,2.48,1.15,116.2,503,1437,40.05
2101180,3,1,0,0,0,1,32.12,63.67,3.99,2.03,118.5,405,1340,38.17
2101053,2,2,1,0,0,0,26.17,46.98,2.99,0.0,62.1,444,1414,45.23
2101187,6,0,0,1,1,0,31.07,53.2,2.62,0.0,99.0,346,1367,25.56
2101169,2,0,0,0,0,0,25.36,45.28,2.49,0.78,59.8,393,1400,22.73
2101038,1,2,0,0,0,1,33.43,76.52,2.39,0.73,116.8,499,1413,42.24
2101031,2,2,1,0,0,1,32.46,85.57,3.15,0.0,123.1,495,1354,48.39
2101084,4,2,0,0,1,1,27.96,48.94,3.82,1.41,76.5,416,1311,41.78
2101138,0,0,1,0,0,1,31.09,77.62,1.14,1.6,153.1,397,1439,20.16
2101075,3,1,0,0,0,1,25.31,51.19,2.32,0.0,49.9,475,1413,43.25
2101146,6,2,1,1,1,0,30.22,51.66,3.45,0.5,107.4,454,1369,53.54
2101034,0,2,1,0,1,1,31.73,71.74,2.59,1.79,143.7,505,1439,50.85
2101185,4,1,1,0,0,1,26.81,53.66,4.54,0.0,99.0,418,1433,34.05
2101132,3,1,0,0,1,1,27.09,53.34,2.11,0.0,59.7,464,1378,36.24
2101050,5,1,0,1,1,1,27.75,57.69,3.78,0.0,92.2,576,1431,42.12
2101156,6,0,0,1,1,1,29.82,61.25,3.29,0.0,117.6,494,1401,26.64
2101082,3,2,0,0,0,1,24.95,52.59,2.88,0.0,66.3,356,1407,42.85
2101152,5,1,0,1,1,1,29.87,57.74,3.91,0.0,83.9,518,1439,37.55
2101140,1,1,1,0,1,1,33.64,76.18,3.84,0.94,130.0,459,1295,44.43
2101135,6,2,0,1,1,1,30.06,60.49,2.46,2.59,122.8,495,1396,51.24
2101025,6,2,0,1,1,1,29.46,68.75,2.97,0.0,125.6,432,1403,57.25
2101004,3,2,0,0,0,1,25.61,50.1,2.79,2.06,66.8,486,1427,49.38
2101140,5,0,0,1,0,1,29.44,60.09,3.09,1.66,86.4,460,1310,22.25
2101046,4,2,0,0,0,1,28.78,48.93,4.02,1.26,83.6,445,1359,47.15
2101014,6,1,1,1,1,1,28.95,69.19,1.93,1.88,113.1,512,1371,43.84
2101103,6,1,1,1,1,1,29.22,64.09,2.69,0.0,121.7,462,1439,39.96
2101186,0,1,0,0,0,1,29.97,43.89,1.79,1.41,85.1,445,1439,30.04
2101140,5,0,1,1,1,1,29.58,54.91,2.9,0.0,75.4,487,1266,32.63
2101060,6,2,1,1,1,1,29.98,60.42,2.63,0.0,118.1,491,1418,51.19
2101077,4,1,0,0,0,0,32.98,62.39,4.12,0.45,109.5,334,1354,31.34
2101139,0,0,1,0,0,1,31.3,68.0,1.22,0.98,142.4,370,1388,18.59
2101090,2,2,1,0,1,1,31.89,79.25,3.32,0.0,126.4,399,1409,57.4
2101112,0,1,0,0,0,1,31.48,66.97,1.24,0.0,136.8,438,1358,35.06
2101168,6,0,0,1,1,0,29.97,53.27,1.94,1.22,91.6,449,1430,31.67
2101012,0,1,1,0,0,1,30.92,63.68,2.47,0.4,146.2,441,1369,34.24
2101005,3,0,0,0,0,1,33.25,65.16,3.07,0.89,114.2,434,1386,19.85
2101178,3,1,1,0,0,1,34.09,66.13,3.89,0.0,113.2,447,1369,24.67
2101054,3,2,1,0,0,1,25.54,52.15,2.23,0.0,69.4,475,1374,41.23
2101164,3,0,0,0,0,1,36.18,68.82,2.29,1.41,116.1,485,1349,18.66
2101058,0,2,0,0,0,1,30.16,70.1,2.82,7.48,123.7,438,1321,45.89
2101169,2,1,0,0,0,1,32.43,77.3,3.53,0.74,129.6,383,1347,33.06
2101198,0,0,1,0,0,1,32.05,69.66,2.19,10.69,108.1,469,1310,16.66
2101184,1,0,0,0,0,1,25.74,44.44,2.94,0.34,71.0,409,1359,28.97
2101046,3,0,1,0,0,1,33.63,65.88,3.09,2.39,127.0,414,1364,21.67
2101103,0,0,1,0,0,1,33.11,72.94,1.82,0.17,136.1,438,1438,10.04
2101010,4,0,1,0,0,0,30.88,57.5,3.67,0.0,102.9,465,1432,33.32
2101054,1,2,1,0,1,1,28.19,47.43,2.55,0.0,91.6,520,1374,53.22
2101083,1,1,0,0,0,1,32.47,77.3,2.48,0.0,148.1,384,1320,38.15
2101008,2,0,1,0,0,1,30.81,75.09,2.28,0.0,125.9,435,1407,29.33
2101130,1,2,1,0,0,1,33.05,82.31,2.82,1.47,123.8,424,1394,39.1
2101039,3,1,0,0,0,1,24.71,48.76,2.83,0.0,77.8,408,1424,44.58
2101031,1,2,0,0,0,1,33.41,77.13,2.23,1.46,127.6,509,1329,39.24
2101130,0,2,0,0,0,1,31.23,72.94,0.82,0.0,132.2,400,1406,33.86
2101168,6,2,1,1,1,0,30.74,48.76,2.95,1.15,102.7,429,1439,54.57
2101199,4,2,0,0,0,0,32.98,63.72,3.3,0.51,92.1,421,1367,41.14
2101040,1,0,0,0,0,1,30.18,48.32,1.61,0.0,82.0,454,1333,19.34
2101155,0,1,0,0,0,1,30.53,73.04,4.22,8.13,131.4,468,1370,23.38
2101141,5,1,0,1,1,1,28.82,52.82,3.03,0.53,86.0,422,1347,35.88
2101162,1,2,1,0,1,1,27.39,50.0,2.51,1.14,77.6,496,1439,51.4
2101033,2,0,1,0,0,0,25.25,40.84,1.76,2.4,73.5,356,1364,25.51
2101096,5,1,0,1,1,1,29.21,52.26,2.46,0.0,94.2,418,1439,52.11
2101176,6,2,0,1,1,0,31.99,52.45,2.44,2.06,108.8,414,1434,47.41
2101115,2,1,0,0,0,0,25.77,41.92,3.12,0.0,78.3,430,1376,35.22
2101041,3,0,0,0,0,1,34.22,68.47,4.18,0.96,120.9,391,1377,23.91
2101001,2,2,0,0,0,0,25.94,41.11,2.88,1.38,68.6,480,1384,48.12
2101146,3,1,1,0,0,1,35.85,69.3,4.19,0.0,125.5,444,1343,49.6
2101014,2,2,0,0,0,1,30.34,73.55,3.55,0.24,134.0,472,1367,45.04
2101167,4,1,1,0,0,1,28.95,47.99,3.89,0.33,80.7,509,1362,43.39
2101131,1,1,1,0,0,1,27.92,44.74,1.42,0.75,91.1,424,1298,37.0
2101051,5,1,0,1,1,1,31.11,66.99,2.45,0.0,80.2,506,1420,38.31
2101043,0,1,0,0,0,1,30.78,67.49,1.87,0.0,156.5,482,1382,29.98
2101019,3,0,0,0,0,1,34.0,61.14,3.53,1.34,114.1,424,1407,26.17
2101068,5,1,0,1,1,1,28.85,57.65,2.52,1.01,89.9,480,1367,37.5
2101117,0,0,1,0,0,1,30.05,48.02,2.5,0.75,84.5,447,1311,22.26
2101062,0,1,1,0,0,1,30.39,65.55,2.96,8.35,122.9,445,1439,36.33
2101100,6,0,0,1,1,1,28.88,60.63,3.05,2.08,130.1,457,1439,33.55
2101126,5,2,0,1,1,1,29.36,51.21,2.79,1.15,92.4,460,1351,60.77
2101096,0,2,1,0,0,1,33.07,76.11,1.8,1.18,153.7,360,1419,57.73
2101050,0,1,0,0,0,1,31.19,73.21,1.57,0.0,154.4,484,1423,37.31
2101156,1,1,0,0,0,1,27.04,50.1,1.01,0.74,92.0,457,1347,32.99
2101143,5,1,0,1,1,1,30.73,57.57,1.57,0.0,84.1,524,1439,42.16
2101093,5,0,0,1,1,1,31.27,56.23,3.08,0.0,81.5,459,1348,29.18
2101036,4,2,1,0,0,0,32.76,60.45,2.93,0.0,100.6,482,1410,46.2
2101099,2,2,0,0,0,1,31.64,77.36,4.18,0.85,133.1,452,1390,41.62
2101072,1,1,1,0,0,1,34.57,73.32,2.41,0.1,133.4,404,1363,47.25
2101097,4,0,0,0,0,0,33.71,60.41,3.79,2.22,98.0,513,1432,10.0
2101025,2,1,0,0,0,0,26.54,41.72,2.26,0.89,72.3,389,1416,37.78
2101091,1,0,0,0,1,1,32.67,71.12,2.25,0.85,134.7,394,1356,20.78
2101011,4,2,0,0,0,1,28.57,51.04,3.41,0.21,101.5,410,1325,37.82
2101081,4,2,0,0,0,0,32.55,55.05,3.67,0.0,91.7,414,1327,41.87
2101140,4,1,0,0,1,0,31.72,60.78,3.28,0.14,97.5,461,1300,36.35
2101033,2,1,0,0,0,0,25.71,46.31,2.27,0.1,79.0,383,1369,30.91
2101026,5,2,0,1,1,1,29.21,60.94,1.81,2.58,87.3,453,1438,54.07
2101059,6,0,1,1,1,0,30.97,51.46,2.61,0.0,110.2,444,1439,16.94
2101181,4,2,1,0,0,1,28.07,45.41,2.94,0.17,86.6,496,1369,48.63
2101053,4,2,0,0,0,0,32.52,58.79,3.65,0.0,107.3,453,1431,26.97
2101188,1,1,0,0,0,1,32.24,77.11,2.25,0.3,138.3,472,1402,41.43
2101050,5,2,1,1,1,1,27.46,57.45,4.01,0.0,83.2,565,1412,60.18
2101012,4,2,0,0,0,1,27.72,50.48,4.51,0.43,92.6,469,1367,36.96
2101156,4,2,0,0,0,1,29.24,50.37,3.43,0.09,95.1,466,1339,40.06
2101024,6,0,0,1,1,1,29.18,63.48,1.74,0.62,123.1,580,1405,25.31
2101023,0,2,0,0,0,1,29.18,38.4,2.4,3.33,89.8,401,1393,38.53
2101107,2,1,0,0,0,1,29.78,71.36,3.08,0.0,129.7,423,1305,27.38
2101041,1,2,1,0,0,1,27.67,43.17,2.2,1.14,94.6,370,1364,52.38
2101121,1,2,1,0,0,1,27.49,49.75,2.65,0.14,100.1,481,1405,43.93
2101105,5,0,0,1,1,1,30.77,63.83,1.74,1.69,107.9,462,1400,26.56
2101143,2,1,0,0,0,0,25.26,41.1,2.53,3.21,72.2,480,1439,22.58
2101063,3,1,0,0,0,1,34.15,64.3,4.13,2.12,110.3,477,1380,44.76
2101056,2,1,0,0,0,0,25.41,48.96,3.05,0.48,64.4,397,1379,33.61
2101048,4,2,0,0,0,1,29.94,48.75,3.48,0.0,96.9,435,1350,47.51
2101150,1,1,1,0,0,1,34.18,71.07,2.74,0.6,128.1,487,1280,25.49
2101075,6,2,0,1,1,0,31.52,50.86,2.63,0.0,118.4,514,1436,52.24
2101170,2,2,1,0,1,0,25.64,43.28,2.57,0.0,63.3,414,1375,42.15
2101100,0,0,0,0,0,1,30.41,74.51,1.34,0.0,133.7,442,1425,15.37
2101158,2,1,1,0,0,0,25.68,42.61,3.01,0.0,66.7,449,1275,39.81
2101135,6,1,0,1,0,1,28.33,68.79,2.44,0.07,119.7,487,1377,32.59
2101138,5,1,0,1,1,1,29.22,51.56,2.99,0.0,85.0,386,1414,47.72
2101194,3,0,0,0,0,1,27.16,54.21,2.56,0.0,59.6,487,1256,20.0
2101091,5,0,1,1,1,1,29.82,56.27,3.36,1.16,86.2,462,1389,37.75
2101170,5,1,0,1,1,1,31.26,60.62,0.77,0.0,99.7,449,1399,37.25
2101165,4,0,0,0,0,0,33.39,58.5,3.14,1.62,97.0,451,1439,10.0
2101086,1,1,1,0,0,1,33.12,74.2,1.94,1.25,130.9,479,1347,40.16
2101139,3,0,1,0,1,1,25.49,52.49,3.35,0.0,64.0,385,1392,25.81
2101090,4,0,1,0,0,0,30.91,51.64,2.47,0.6,93.3,381,1423,29.04
2101133,6,1,0,1,1,1,29.6,66.21,2.92,0.24,129.0,475,1437,46.62
2101083,6,1,0,1,1,0,31.32,51.55,2.1,0.17,100.1,416,1358,39.8
2101099,6,2,0,1,1,1,28.96,64.05,1.14,1.66,113.7,489,1412,53.27
2101048,2,1,0,0,0,1,32.11,75.35,3.54,0.0,127.5,429,1354,40.39
2101127,2,1,0,0,0,1,31.17,78.4,3.75,0.63,135.4,384,1334,33.05
2101190,5,0,1,1,1,1,30.1,60.7,2.71,2.7,94.2,454,1366,27.51
2101071,0,1,0,0,0,1,31.78,68.61,2.53,0.0,142.5,502,1331,27.46
2101014,0,2,0,0,0,1,30.04,42.78,1.7,3.07,91.7,490,1350,47.19
2101141,2,1,0,0,0,0,26.15,41.31,2.8,0.0,87.7,382,1313,29.88
2101041,2,0,0,0,0,0,26.2,41.41,2.41,0.0,63.2,390,1350,19.31
2101139,3,1,0,0,0,1,34.69,60.75,3.08,0.0,118.1,392,1409,26.82
2101132,2,2,0,0,0,1,31.44,76.54,4.04,0.0,123.3,419,1393,47.12
2101189,1,2,0,0,0,1,27.11,42.22,3.02,0.17,76.5,455,1351,45.31
2101118,2,0,0,0,0,0,24.64,41.77,2.32,0.0,87.6,388,1337,18.2
2101024,0,2,0,0,0,1,31.53,72.5,3.24,6.37,118.8,548,1412,42.26
2101056,6,2,0,1,1,1,29.92,67.42,2.82,1.04,116.3,433,1360,44.17
2101054,5,1,0,1,1,1,31.16,56.13,2.0,0.0,89.8,538,1371,45.43
2101187,2,1,0,0,0,1,31.85,78.25,2.47,0.19,134.0,333,1350,31.7
2101172,3,0,1,0,1,1,33.27,64.93,3.96,1.11,119.8,536,1439,25.5
2101082,6,0,0,1,1,1,28.95,65.01,2.75,2.37,100.4,411,1404,37.14
2101175,6,2,0,1,1,0,30.16,51.87,3.48,0.0,97.5,477,1439,51.52
2101119,0,0,0,0,0,1,30.94,67.69,3.3,8.63,116.6,468,1350,19.28
2101063,2,1,0,0,0,0,25.58,35.65,3.47,0.67,63.7,418,1379,43.27
2101019,1,2,1,0,0,1,29.19,48.5,1.55,0.11,75.8,425,1383,51.71
2101182,1,2,1,0,0,1,33.46,71.74,2.49,0.0,126.9,480,1324,41.85
2101178,1,0,0,0,0,1,28.76,45.14,2.09,0.49,90.3,464,1412,17.32
2101149,5,0,1,1,1,1,30.47,64.6,2.84,1.71,109.0,492,1439,28.3
2101021,5,0,0,1,1,1,29.39,50.34,4.29,0.0,80.3,455,1439,19.33
2101111,2,2,0,0,0,1,32.34,73.12,2.51,0.31,131.7,443,1423,43.19
2101079,2,0,0,0,0,1,32.22,78.69,3.1,1.23,136.1,475,1351,15.59
2101136,2,0,0,0,0,0,25.24,44.77,2.16,0.41,77.5,442,1314,19.04
2101177,3,1,0,0,1,1,25.87,49.46,1.48,0.45,82.7,468,1437,39.95
2101107,5,1,1,1,1,1,29.53,55.9,2.3,2.04,94.9,440,1328,43.97
2101189,0,0,0,0,0,1,28.75,43.78,2.43,1.33,96.6,451,1343,23.61
2101039,5,0,1,1,1,1,30.44,58.38,2.39,0.0,91.7,435,1432,29.44
2101021,0,0,0,0,0,1,31.98,69.6,2.6,9.69,123.6,409,1393,10.0
2101024,2,1,0,0,0,0,25.82,49.56,2.75,0.0,71.3,497,1393,29.1
2101036,3,1,0,0,0,1,26.44,49.49,2.97,0.0,75.2,480,1365,27.81
2101066,6,1,0,1,1,1,27.85,63.7,2.58,1.36,123.3,518,1439,39.18
2101062,1,0,0,0,0,1,24.95,51.56,2.08,0.44,81.6,453,1433,22.2
2101156,4,0,0,0,0,1,27.56,52.23,3.96,0.0,93.4,469,1369,19.76
2101057,5,2,0,1,1,1,30.26,52.96,3.61,0.8,85.2,510,1424,56.61
2101177,3,0,0,0,1,1,33.82,66.16,2.82,0.86,112.7,464,1431,22.56
2101151,0,0,1,0,1,1,31.78,71.57,2.1,0.7,155.7,442,1419,32.9
2101188,4,0,0,0,0,0,32.81,57.66,4.52,0.0,92.3,470,1429,22.17
2101198,4,2,0,0,0,0,31.82,57.77,3.98,1.02,94.5,486,1360,37.33
2101015,6,1,0,1,1,1,30.05,67.47,3.23,0.0,133.7,445,1397,47.27
2101136,6,1,1,1,1,1,29.73,59.35,1.94,1.14,115.8,475,1331,47.32
2101173,0,0,0,0,0,1,31.42,74.07,0.95,0.0,143.2,475,1426,16.19
2101007,0,1,0,0,1,1,28.14,42.69,2.19,0.0,105.2,343,1397,30.65
2101033,5,2,0,1,1,1,27.51,56.22,3.53,0.0,72.2,408,1336,51.11
2101060,1,2,1,0,0,1,32.06,77.49,3.09,0.0,125.2,401,1387,54.65
2101042,4,1,0,0,0,1,28.72,47.75,3.74,2.1,93.3,394,1318,37.81
2101160,1,2,1,0,0,1,33.49,78.85,2.19,0.32,115.6,474,1402,47.45
2101027,0,0,0,0,0,1,29.54,47.16,2.6,0.0,97.5,436,1437,18.15
2101184,5,0,0,1,1,1,30.39,58.58,4.15,1.9,90.8,422,1348,35.02
2101072,4,0,0,0,0,0,32.13,60.75,3.94,0.29,107.3,399,1362,29.56
2101119,5,0,1,1,1,1,31.16,61.24,1.94,0.98,99.4,532,1396,24.49
2101082,4,2,0,0,0,0,32.63,63.42,4.01,1.44,99.8,369,1394,46.2
2101070,3,2,0,0,0,1,27.48,48.92,3.11,0.0,76.6,454,1439,37.19
2101173,3,0,0,0,0,1,33.3,68.5,3.57,0.2,115.5,433,1436,19.77
2101071,0,1,1,0,0,1,31.46,66.79,3.64,8.44,135.5,499,1319,39.45
2101195,6,0,0,1,1,0,30.96,48.99,2.82,2.52,100.3,476,1435,27.51
2101127,0,2,0,0,0,1,29.16,43.87,1.99,0.82,104.1,388,1331,42.58
2101072,0,0,0,0,0,1,30.04,41.82,2.62,1.86,109.1,423,1340,18.37
2101172,1,1,1,0,0,1,26.89,46.58,3.31,0.0,102.3,523,1425,35.8
2101056,1,0,1,0,0,1,27.19,44.69,2.52,0.0,91.8,400,1332,19.0
2101068,0,2,0,0,0,1,29.87,44.59,2.45,0.42,101.4,459,1378,37.96
2101177,0,2,0,0,1,1,30.79,67.79,3.62,7.72,136.9,464,1434,46.81
2101038,5,2,0,1,1,1,28.95,54.37,3.24,1.67,87.6,526,1425,53.41
2101176,4,0,1,0,0,1,27.65,55.8,3.67,0.0,83.3,393,1419,25.99
2101001,3,2,1,0,1,1,26.91,48.65,3.21,1.18,56.7,478,1381,59.81
2101002,2,0,0,0,0,0,25.46,39.56,3.07,0.0,64.2,378,1396,10.0
2101028,5,2,0,1,0,1,32.13,63.45,1.78,0.13,94.4,427,1412,61.11
2101123,0,2,0,0,1,1,31.14,67.4,3.58,8.01,131.9,425,1385,42.15
2101170,6,1,0,1,1,0,31.41,56.57,1.64,0.19,102.4,437,1415,34.18
2101169,3,1,0,0,0,1,34.54,64.3,3.51,0.57,115.4,364,1342,33.01
2101125,5,2,0,1,1,1,29.69,62.17,2.15,0.0,90.7,503,1432,64.05
2101128,2,0,0,0,0,1,31.28,81.18,2.8,0.22,121.0,446,1326,16.61
2101198,5,0,0,1,1,1,28.9,53.65,2.63,0.88,80.0,505,1357,29.46
2101189,2,1,0,0,0,0,26.02,43.52,2.79,3.42,72.7,414,1383,38.99
2101014,1,0,1,0,1,1,35.25,75.91,2.17,0.52,135.1,481,1350,26.87
2101112,0,2,0,0,0,1,31.54,69.21,1.23,1.13,134.4,447,1371,43.14
2101073,6,2,0,1,1,0,31.25,53.86,2.23,0.74,104.2,449,1437,38.82
2101027,0,1,1,0,0,1,32.61,68.67,1.56,2.07,154.7,400,1406,41.0
2101159,2,0,0,0,1,1,30.5,80.0,4.0,2.59,129.4,482,1421,24.35
2101108,0,2,0,0,0,1,28.93,45.04,2.27,0.0,94.8,399,1379,47.21
2101132,0,1,1,0,0,1,30.64,66.92,3.7,8.29,112.6,410,1396,36.1
2101103,6,0,1,1,1,0,30.36,52.82,3.47,0.73,100.7,457,1438,21.29
2101014,5,1,1,1,1,1,28.22,57.81,2.62,1.97,74.9,505,1327,52.08
2101173,6,2,0,1,1,1,28.22,64.82,2.43,0.0,119.4,485,1431,51.99
2101080,5,0,0,1,1,1,30.26,59.21,2.6,0.0,78.3,457,1391,25.56
2101044,2,2,1,0,1,0,26.78,43.38,2.39,0.0,77.7,429,1417,42.46
2101127,6,1,1,1,1,0,30.96,49.18,3.28,1.71,95.8,423,1375,34.73
2101061,0,2,1,0,0,1,29.23,37.26,1.53,0.61,100.7,410,1380,38.68
2101137,3,2,0,0,0,1,33.09,61.31,3.79,0.84,105.2,416,1439,43.11
2101102,0,2,1,0,0,1,30.99,43.91,1.79,0.53,88.1,489,1416,41.83
2101090,5,1,0,1,0,1,31.51,59.49,1.85,0.92,100.0,423,1430,45.02
2101020,3,1,1,0,0,1,33.42,69.38,4.17,0.53,107.3,500,1379,37.94
2101038,0,2,1,0,0,1,30.98,74.98,2.42,7.63,121.4,480,1409,47.67
2101173,0,0,0,0,0,1,30.37,67.19,0.56,0.0,137.0,463,1436,18.92
2101193,1,0,1,0,0,1,33.03,78.12,2.28,1.32,122.2,488,1378,23.09
2101110,2,1,0,0,0,1,30.78,83.46,2.79,0.75,126.9,503,1399,37.13
2101093,0,2,0,0,0,1,30.77,68.52,3.64,6.63,132.7,421,1327,48.29
2101036,3,2,0,0,0,1,25.45,51.46,1.53,0.0,72.3,494,1376,46.41
2101143,6,2,0,1,1,1,29.04,62.9,1.96,1.63,105.3,497,1439,41.19
2101129,3,0,1,0,0,1,34.21,63.6,3.17,0.0,122.9,367,1325,25.32
2101107,3,0,0,0,0,1,26.49,51.84,1.82,0.0,54.1,419,1323,10.8
2101054,5,0,0,1,1,1,30.97,61.8,1.6,0.84,100.2,538,1381,30.73
2101017,0,2,0,0,0,1,29.2,48.25,1.78,2.37,111.8,360,1439,45.82
2101193,0,1,1,0,0,1,32.43,71.87,2.16,0.0,143.2,495,1386,40.24
2101048,2,0,0,0,0,0,24.74,44.52,3.76,0.0,78.9,403,1353,20.23
2101130,5,2,0,1,1,1,30.44,53.49,2.46,0.0,91.4,468,1437,42.87
2101013,2,1,0,0,0,0,27.18,44.82,1.99,1.75,78.5,317,1396,39.08
2101136,2,2,1,0,0,1,32.09,77.27,4.0,0.75,141.1,421,1307,53.66
2101038,1,1,0,0,0,1,27.38,47.4,1.62,1.9,88.1,463,1434,31.34
2101140,4,0,0,0,1,0,32.72,63.29,2.73,0.0,75.8,445,1327,24.23
2101040,0,2,1,0,0,1,30.27,65.6,3.42,7.94,135.0,428,1314,47.88
2101099,6,0,0,1,1,1,28.72,61.09,2.27,0.0,125.7,478,1381,28.36
2101083,2,0,1,0,1,1,32.11,81.84,3.63,1.42,123.4,413,1311,32.78
2101102,0,2,0,0,0,1,28.31,38.73,2.15,0.61,94.1,481,1396,34.56
2101065,0,1,0,0,1,1,31.38,69.83,2.98,6.35,110.3,476,1309,36.53
2101068,5,1,0,1,1,1,30.15,59.44,3.63,0.0,89.4,502,1397,44.18
2101073,3,0,0,0,0,1,23.92,49.36,3.63,0.38,68.9,418,1433,24.66
2101127,2,2,0,0,0,0,25.13,44.99,2.64,0.5,84.4,377,1412,41.34
2101163,0,1,0,0,0,1,31.42,72.88,0.91,0.0,144.4,434,1398,35.94
2101073,4,2,0,0,0,1,27.65,44.25,2.63,2.74,82.4,389,1439,45.45
2101005,0,1,0,0,0,1,29.33,45.41,2.9,2.48,87.2,436,1383,31.91
2101039,1,2,0,0,0,1,32.84,74.57,2.07,0.0,136.2,443,1439,49.59
2101021,3,2,0,0,0,1,34.59,63.45,3.99,0.19,115.8,407,1437,38.1
2101126,1,2,0,0,0,1,28.24,46.7,2.0,0.0,96.9,448,1387,40.38
2101161,3,0,1,0,1,1,26.79,54.61,3.49,0.0,78.7,440,1376,33.08
2101043,0,2,0,0,0,1,29.81,40.72,1.55,0.0,95.1,489,1373,45.11
2101107,2,1,0,0,0,0,27.1,38.05,1.51,0.1,74.6,389,1318,24.96
2101096,6,1,0,1,1,1,27.93,62.33,1.79,0.34,95.5,415,1439,44.39
2101088,3,0,0,0,0,1,26.78,49.53,2.81,0.22,69.5,471,1397,21.28
2101177,5,1,0,1,1,1,31.23,53.32,2.78,0.0,103.3,493,1432,47.71
2101054,2,0,0,0,0,0,26.64,42.48,1.8,0.0,61.1,468,1374,15.64
2101125,1,0,1,0,0,1,29.68,41.53,2.72,0.0,70.2,453,1402,24.16
2101108,1,2,1,0,0,1,33.91,74.75,1.98,1.51,128.8,424,1398,54.78
2101175,0,2,1,0,0,1,30.8,78.81,1.8,0.0,138.7,483,1398,45.08
2101045,2,1,0,0,1,0,26.43,36.9,2.44,0.66,77.3,535,1386,25.6
2101186,5,2,0,1,1,1,31.06,62.33,2.96,1.79,83.7,486,1439,47.55
2101171,1,0,0,0,0,1,27.53,44.66,2.58,0.0,94.8,414,1439,16.79
2101090,4,2,1,0,0,0,32.83,59.9,4.1,0.65,107.3,404,1431,48.68
2101164,3,0,0,0,1,1,34.41,65.8,3.04,0.0,124.9,495,1366,23.2
2101129,2,1,0,0,0,1,29.87,80.08,3.49,0.24,113.1,353,1344,32.0
2101065,5,0,0,1,1,1,31.71,57.79,2.86,0.0,82.1,555,1312,21.83
2101170,5,1,0,1,1,1,28.54,55.59,4.42,0.0,75.7,438,1380,35.42
2101005,6,1,1,1,1,0,30.88,49.34,2.07,0.9,119.6,471,1401,38.96
2101028,5,1,0,1,1,1,32.29,60.85,1.72,0.78,85.3,453,1410,47.62
2101177,1,1,1,0,1,1,27.6,50.28,2.14,0.0,80.3,465,1436,43.29
2101158,0,0,1,0,0,1,28.98,63.7,2.98,6.45,132.4,450,1240,28.48
2101060,5,1,0,1,0,1,30.09,59.05,2.48,1.09,92.2,467,1369,42.06
2101197,1,2,0,0,0,1,27.45,50.75,1.49,0.25,85.0,408,1345,36.89
2101131,6,1,1,1,1,0,31.69,47.18,2.58,1.06,99.4,445,1351,40.47
2101049,2,1,1,0,1,0,26.96,42.98,2.59,1.36,61.2,489,1374,37.03
2101171,6,0,0,1,1,0,31.29,52.12,2.28,0.53,100.9,475,1438,24.51
2101198,2,1,1,0,0,0,25.8,47.63,2.39,0.0,69.6,462,1351,27.77
2101159,1,2,0,0,0,1,28.77,47.56,1.27,0.49,79.7,442,1436,47.38
2101125,3,1,1,0,0,1,25.89,46.76,2.37,0.0,66.5,455,1439,44.65
2101172,0,0,0,0,0,1,31.99,65.63,3.55,7.89,126.7,519,1392,13.12
2101161,2,2,1,0,1,1,31.74,74.6,3.8,0.41,125.0,438,1381,55.18
2101098,1,2,0,0,0,1,28.25,43.22,1.97,2.87,80.0,399,1340,47.46
2101151,6,1,1,1,1,0,31.06,53.08,2.04,2.77,96.4,487,1439,37.89
2101168,5,0,0,1,1,1,31.6,60.05,2.79,1.05,94.1,444,1426,33.12
2101007,3,2,0,0,0,1,33.74,66.37,2.47,1.34,106.5,350,1360,39.82
2101092,0,0,1,0,0,1,31.28,67.3,1.49,0.24,153.9,473,1348,19.38
2101187,6,2,1,1,1,0,31.36,52.71,2.21,1.05,108.5,390,1380,46.58
2101053,5,1,0,1,0,1,29.22,56.39,3.25,1.7,76.3,459,1377,33.08
2101123,1,1,0,0,1,1,33.72,73.39,2.2,0.0,138.7,402,1366,31.87
2101096,6,2,0,1,1,0,31.45,50.13,2.6,0.0,102.6,397,1439,60.45
2101117,0,0,0,0,0,1,30.56,68.93,3.3,6.76,114.5,461,1340,17.31
2101067,0,0,0,0,0,1,31.05,73.46,2.18,8.84,134.2,376,1428,29.66
2101127,3,2,0,0,0,1,33.87,58.59,3.58,1.21,96.6,391,1364,47.7
2101153,0,2,0,0,0,1,31.93,67.81,1.62,0.67,151.8,462,1318,38.85
2101147,3,2,0,0,0,1,26.74,56.27,2.31,0.0,78.4,400,1355,41.75
2101166,0,0,0,0,0,1,31.17,69.97,1.97,0.0,159.8,406,1312,30.77
2101051,4,0,0,0,0,0,31.73,61.22,3.07,0.0,116.1,430,1439,14.72
2101029,0,1,0,0,1,1,29.91,46.29,0.74,0.0,91.2,489,1419,38.25
2101108,6,2,0,1,1,1,28.53,70.29,1.37,0.0,102.7,463,1413,58.35
2101033,1,2,0,0,0,1,34.09,74.5,2.22,0.0,129.8,359,1304,55.25
2101125,2,2,0,0,0,0,26.16,42.35,3.01,2.71,70.3,441,1438,42.0
2101077,0,1,1,0,1,1,29.01,43.81,2.33,0.0,98.3,345,1322,44.23
2101143,1,2,0,0,0,1,33.85,76.57,1.45,0.0,131.1,491,1434,40.83
2101093,5,0,0,1,1,1,29.45,54.01,3.03,0.0,82.5,482,1366,28.14
2101112,5,0,1,1,1,1,28.92,56.67,2.99,0.1,91.0,508,1379,24.24
2101191,0,1,0,0,0,1,28.35,40.59,1.96,0.9,98.6,380,1339,29.95
2101126,0,0,1,0,0,1,27.95,70.59,2.28,6.78,127.6,417,1361,30.92
2101188,2,2,0,0,0,0,26.73,42.74,2.04,0.0,85.6,456,1413,47.62
2101049,6,2,0,1,1,1,29.67,63.71,2.28,0.0,123.7,509,1348,49.77
2101193,0,0,0,0,0,1,31.43,69.47,3.23,7.89,108.1,501,1343,24.57
2101043,1,0,0,0,0,1,26.87,44.28,2.13,0.0,93.6,504,1418,11.98
2101146,4,0,0,0,0,0,33.38,65.61,3.98,1.2,96.8,433,1376,29.35
2101010,2,0,1,0,0,1,32.41,74.76,2.91,0.0,128.8,479,1399,28.91
2101135,1,1,1,0,0,1,26.78,46.5,2.07,0.0,72.4,486,1411,41.55
2101176,2,1,1,0,0,1,31.16,75.53,2.74,0.0,129.9,396,1403,36.66
2101054,4,2,1,0,0,1,27.58,43.65,3.54,2.36,82.8,504,1331,53.31
2101032,6,1,1,1,1,1,29.56,62.27,3.45,1.08,128.9,432,1429,48.64
2101075,3,2,0,0,1,1,34.87,65.74,2.86,0.44,113.8,509,1418,53.48
2101014,1,2,1,0,0,1,28.71,47.72,2.39,0.0,74.9,488,1370,49.05
2101001,0,2,0,0,0,1,31.66,73.29,1.17,0.0,137.5,478,1366,59.85
2101086,2,0,0,0,0,1,32.23,82.07,3.02,0.0,136.6,448,1360,20.15
2101166,5,1,1,1,1,1,31.29,59.39,1.89,2.19,94.1,471,1334,54.93
2101081,6,2,0,1,1,1,28.77,67.77,0.9,2.15,112.2,476,1282,53.03
2101055,0,2,0,0,1,1,29.29,73.31,3.3,8.54,115.0,424,1417,51.72
2101045,2,0,1,0,0,0,24.91,41.05,2.24,0.0,71.2,525,1400,13.28
2101016,1,2,1,0,1,1,27.44,48.31,2.15,0.0,85.6,489,1363,49.68
2101079,1,2,0,0,0,1,27.27,46.74,1.9,0.0,86.1,477,1341,35.38
2101063,0,0,0,0,0,1,31.2,72.84,0.65,0.64,156.9,434,1380,24.1
2101090,5,0,0,1,1,1,31.34,59.47,1.24,0.69,92.1,434,1416,36.03
2101065,0,0,1,0,1,1,29.95,69.61,2.58,8.23,134.8,505,1301,17.95
2101118,6,1,0,1,1,0,30.84,53.37,2.88,0.0,96.8,415,1380,44.07
2101145,3,0,0,0,0,1,33.19,65.54,3.59,0.63,116.9,518,1439,18.58
2101003,3,0,0,0,1,1,34.45,69.44,3.83,0.0,113.2,474,1359,29.42
2101002,3,0,1,0,0,1,25.07,53.57,2.09,1.46,67.6,399,1381,19.94
2101056,0,0,0,0,0,1,32.04,70.35,1.59,0.44,140.4,400,1347,21.83
2101046,0,1,0,0,0,1,30.77,67.15,3.11,8.71,108.8,453,1357,37.27
2101018,6,0,0,1,1,1,28.68,60.55,2.54,0.6,113.9,529,1439,19.3
2101179,1,1,1,0,0,1,26.76,42.13,2.36,0.0,96.1,514,1439,35.45
2101018,0,2,1,0,0,1,29.53,45.79,1.88,1.45,91.8,469,1419,45.69
2101171,4,0,0,0,0,1,27.97,47.2,4.37,0.0,87.3,426,1424,24.25
2101014,1,1,0,0,0,1,27.8,46.1,2.77,1.08,89.1,460,1333,40.1
2101126,0,2,0,0,0,1,30.48,44.83,1.51,0.0,90.9,435,1361,47.59
2101077,4,0,0,0,0,0,32.58,59.62,4.04,0.0,102.3,300,1339,23.92
2101112,6,2,0,1,1,0,31.05,47.96,3.22,1.71,110.7,469,1427,40.54
2101104,4,2,1,0,0,1,28.5,52.69,2.86,0.0,92.7,473,1436,48.0
2101045,0,0,0,0,0,1,31.85,72.39,0.47,0.0,132.3,536,1341,19.11
2101021,0,2,1,0,0,1,30.58,73.82,1.22,0.0,142.2,412,1439,38.28
2101175,3,0,1,0,0,1,26.61,51.47,2.79,0.0,78.7,460,1419,28.49
2101146,5,2,0,1,1,1,31.67,57.26,2.85,0.11,83.4,463,1364,66.92
2101152,5,1,0,1,1,1,29.11,51.54,3.52,1.47,83.4,523,1439,42.24
2101123,0,0,0,0,0,1,32.04,75.07,1.67,0.46,135.8,412,1359,22.57
2101103,6,0,0,1,1,1,29.22,62.0,2.47,0.0,106.7,449,1437,22.6
2101170,1,1,0,0,0,1,33.04,75.43,2.43,0.53,128.5,408,1351,24.41
2101033,6,2,0,1,1,0,30.85,50.34,2.33,1.24,104.0,398,1372,49.15
2101121,0,0,0,0,0,1,29.57,65.35,2.92,6.77,141.1,486,1378,18.12
2101043,1,1,0,0,0,1,34.02,78.22,2.41,0.0,118.7,452,1388,37.46
2101130,2,0,0,0,0,0,25.75,43.27,2.05,1.13,67.7,418,1439,10.0
2101076,3,1,0,0,0,1,26.07,49.65,2.82,0.0,68.6,403,1340,36.98
2101086,6,0,1,1,0,0,29.81,57.86,2.15,1.87,117.6,494,1427,21.18
2101066,1,2,0,0,0,1,33.4,71.54,3.42,0.0,133.2,449,1415,45.83
2101119,0,1,0,0,1,1,29.55,43.34,2.31,0.0,77.1,514,1355,32.97
2101013,6,2,1,1,1,0,33.71,52.1,2.82,0.0,111.0,364,1412,59.25
2101154,6,0,0,1,0,1,28.21,64.52,1.69,0.66,110.4,500,1343,32.74
2101081,3,0,0,0,0,1,26.18,52.15,2.58,1.77,78.5,436,1324,19.43
2101196,5,0,1,1,1,1,31.97,62.45,3.2,0.0,93.2,542,1385,33.87
2101090,0,1,0,0,0,1,32.48,71.83,1.61,0.0,157.0,424,1402,40.78
2101025,1,2,0,0,0,1,26.51,42.22,3.12,2.5,71.9,400,1400,51.28
2101058,4,1,0,0,0,0,32.7,62.52,4.03,0.0,103.4,428,1364,40.41
2101092,3,1,1,0,0,1,27.78,51.26,2.75,1.94,64.5,456,1397,30.81
2101077,5,2,0,1,1,1,28.54,60.03,3.43,0.0,91.0,391,1337,54.65
2101053,5,0,0,1,1,1,31.33,66.74,2.63,0.29,89.7,466,1397,22.22
2101067,6,0,0,1,1,1,29.18,62.78,3.35,1.04,116.4,402,1414,32.56
2101146,0,2,0,0,1,1,28.66,42.88,2.0,1.89,91.4,426,1366,52.06
2101075,0,2,1,0,0,1,29.15,41.0,3.0,0.0,94.3,493,1437,48.53
2101031,4,0,0,0,1,1,26.83,52.05,3.25,0.0,103.1,539,1327,22.93
2101124,4,0,0,0,0,1,27.77,51.09,2.92,0.14,88.6,427,1314,18.81
2101148,6,1,1,1,0,1,30.92,63.28,1.13,0.0,120.8,512,1432,37.7
2101099,0,2,1,0,0,1,30.69,70.68,3.27,4.17,127.3,439,1387,46.66
2101145,2,0,1,0,0,1,31.63,74.55,4.28,0.0,113.7,500,1434,18.48
2101040,6,2,0,1,0,0,32.31,54.78,1.28,2.55,104.9,430,1376,43.72
2101029,0,1,0,0,0,1,30.62,70.04,2.92,7.7,140.2,463,1439,38.62
2101159,4,2,1,0,0,0,33.7,68.91,4.41,2.89,106.5,460,1434,49.73
2101158,0,1,0,0,0,1,31.05,66.94,0.79,1.82,150.1,441,1253,36.83
2101103,1,1,1,0,0,1,27.73,52.18,2.01,0.0,98.0,390,1425,27.48
2101097,4,1,0,0,0,1,28.83,58.11,3.71,0.0,99.8,506,1399,25.79
2101092,4,2,0,0,1,1,28.62,50.82,3.71,0.39,89.9,454,1361,46.7
2101044,5,1,1,1,0,1,28.61,53.62,2.67,0.0,70.1,459,1390,40.38
2101142,2,2,1,0,0,0,26.22,42.16,2.71,0.0,74.6,430,1438,45.21
2101076,2,2,0,0,1,1,32.85,82.44,3.58,0.0,134.4,421,1325,52.34
2101150,5,0,0,1,1,1,28.5,56.2,2.42,0.0,97.8,513,1328,25.35
2101088,6,2,0,1,1,0,30.83,53.31,3.39,0.0,102.6,473,1427,47.86
2101169,5,1,0,1,1,1,28.89,51.66,3.51,0.96,71.4,417,1387,47.32
2101169,5,0,1,1,1,1,29.07,58.05,1.69,0.0,87.6,393,1344,44.58
2101162,0,0,0,0,1,1,30.53,66.38,3.16,10.07,126.0,493,1439,18.55
2101054,0,0,0,0,1,1,32.9,70.83,2.61,2.02,157.9,514,1347,29.18
2101134,5,1,0,1,1,1,27.76,51.45,2.71,0.0,79.0,432,1388,44.58
2101150,2,0,1,0,1,0,26.41,43.22,3.34,1.28,66.3,496,1325,10.12
2101144,0,1,0,0,0,1,29.64,43.14,1.93,1.35,90.8,471,1407,23.35
2101175,4,2,0,0,0,1,28.4,52.23,3.45,0.68,96.8,485,1410,44.0
2101032,0,2,0,0,0,1,30.31,66.09,3.22,7.18,131.5,416,1402,53.77
2101131,0,2,1,0,0,1,28.02,42.35,1.38,2.61,90.8,402,1296,47.14
2101140,1,0,0,0,1,1,33.6,77.92,1.36,1.72,107.8,464,1284,26.71
2101072,3,0,1,0,0,1,26.63,51.31,3.49,0.25,86.0,429,1349,31.34
2101051,3,2,0,0,0,1,32.79,66.68,2.63,0.0,120.0,474,1408,43.86
2101113,3,2,0,0,1,1,33.51,68.88,3.11,0.38,120.5,542,1260,47.05
2101052,2,2,0,0,0,1,33.24,78.73,3.95,1.64,142.3,372,1264,45.35
2101118,2,0,1,0,1,1,31.93,76.2,2.97,0.84,118.9,408,1336,31.48
2101024,6,2,1,1,0,1,29.59,63.82,2.4,0.0,116.1,549,1370,48.13
2101079,5,1,0,1,1,1,30.92,60.28,1.24,0.24,93.7,514,1357,45.91
2101079,1,1,1,0,0,1,32.96,77.27,1.64,0.34,133.9,499,1329,33.8
2101146,2,1,1,0,0,1,31.16,77.79,2.42,0.45,128.2,383,1355,44.3
2101004,5,1,1,1,1,1,31.38,57.62,1.06,0.63,97.3,490,1439,50.22
2101073,5,2,0,1,0,1,31.73,58.96,2.64,0.0,81.2,421,1437,47.85
2101131,4,2,0,0,0,0,33.02,62.49,3.48,0.0,100.4,411,1312,37.07
2101099,0,0,0,0,0,1,30.14,71.06,2.67,7.44,126.1,439,1381,22.13
2101149,5,2,0,1,1,1,29.54,55.4,2.4,0.65,92.5,504,1414,48.3
2101173,1,0,1,0,0,1,27.62,45.18,2.41,0.0,101.9,457,1410,15.93
2101155,0,1,0,0,0,1,30.23,71.03,3.83,10.78,120.3,484,1408,33.27
2101067,5,1,0,1,1,1,31.46,61.1,1.48,0.03,96.1,385,1403,38.87
2101026,2,2,1,0,0,1,31.29,72.79,3.87,1.44,136.8,386,1367,48.18
2101018,4,0,0,0,0,0,30.74,59.23,4.03,0.35,93.4,470,1430,10.73
2101128,1,1,0,0,0,1,34.23,74.36,2.86,0.0,129.9,479,1321,37.37
2101026,0,0,0,0,0,1,29.59,67.96,2.88,9.48,133.8,390,1393,21.73
2101167,3,2,0,0,0,1,34.54,68.44,4.07,1.34,130.7,522,1338,48.91
2101116,6,1,0,1,0,0,30.41,50.67,2.44,0.86,112.1,422,1439,29.96
2101008,3,2,0,0,0,1,33.54,67.84,3.98,0.88,114.7,446,1335,45.49
2101158,0,2,0,0,0,1,29.95,67.16,3.18,11.44,126.3,458,1270,48.18
2101039,2,0,1,0,0,1,31.55,75.75,3.98,0.04,120.8,407,1418,29.3
2101198,0,2,1,0,0,1,28.19,48.77,1.78,0.0,96.7,492,1353,50.29
2101054,0,2,0,0,0,1,31.47,70.0,3.51,9.13,109.5,517,1351,50.14
2101110,0,2,0,0,0,1,29.73,48.98,1.61,0.02,93.3,515,1400,45.45
2101092,6,2,0,1,1,1,28.06,61.44,2.57,0.0,109.5,475,1399,56.93
2101071,6,2,1,1,1,1,29.3,63.27,3.02,0.0,114.2,523,1373,51.26
2101035,4,2,0,0,0,1,28.7,47.89,3.39,0.0,92.5,499,1380,45.73
2101013,4,2,0,0,1,1,27.25,50.11,3.78,0.0,94.8,378,1389,54.42
2101108,1,0,1,0,0,1,28.85,41.39,2.35,0.29,87.8,421,1394,30.45
2101196,1,2,0,0,0,1,26.97,45.22,2.1,2.92,83.8,498,1400,47.23
2101069,5,2,0,1,1,1,29.85,50.71,3.16,0.29,76.7,513,1425,48.16
2101060,6,2,1,1,1,0,31.71,50.1,2.94,0.0,85.0,474,1408,48.99
2101131,0,2,0,0,0,1,33.14,68.92,2.45,8.0,122.1,430,1284,50.09
2101199,6,2,1,1,1,1,29.77,67.14,2.33,1.5,121.6,440,1341,48.08
2101106,5,1,1,1,0,1,32.11,57.88,2.87,0.0,94.6,509,1418,41.96
2101193,6,0,0,1,1,0,31.61,51.16,2.11,0.0,99.7,519,1404,22.47
2101137,3,0,0,0,0,1,24.96,57.81,2.23,0.0,79.1,431,1439,16.4
2101159,6,0,1,1,1,1,30.34,65.85,1.67,0.82,118.7,475,1418,22.73
2101050,1,0,0,0,0,1,33.57,76.98,2.11,1.67,147.2,505,1377,28.55
2101110,1,2,0,0,0,1,33.13,70.51,3.11,0.0,119.7,513,1376,52.02
2101141,3,2,1,0,1,1,34.89,64.12,2.83,1.54,123.7,422,1337,46.7
2101073,6,0,0,1,0,0,31.27,53.67,2.34,0.0,107.9,402,1419,23.92
2101147,2,1,0,0,0,1,32.4,76.55,3.33,0.0,126.7,394,1354,36.94
2101077,0,2,0,0,0,1,29.13,41.15,2.61,0.45,101.0,330,1310,41.82
2101144,1,2,0,0,0,1,28.08,47.19,1.7,0.24,63.3,471,1386,49.26
2101091,0,1,0,0,0,1,30.53,70.51,3.0,10.27,131.7,382,1379,34.84
2101014,4,2,0,0,0,1,28.31,53.8,4.25,0.0,93.3,473,1352,44.33
2101020,3,0,1,0,0,1,33.15,64.74,3.71,0.7,126.6,457,1393,15.95
2101189,4,2,0,0,0,1,29.2,57.14,3.77,0.12,91.0,439,1366,51.77
2101127,5,2,0,1,1,1,29.74,56.41,3.69,1.44,99.0,421,1376,46.5
2101115,3,1,0,0,0,1,25.06,52.27,3.46,0.0,67.1,450,1377,30.94
2101154,3,0,0,0,0,1,25.49,56.94,3.46,0.0,92.2,442,1293,30.99
2101055,4,0,0,0,1,0,32.68,61.64,4.67,2.07,106.7,422,1417,22.81
2101073,3,1,1,0,0,1,26.97,53.53,1.15,1.97,70.9,411,1425,33.03
2101087,2,0,0,0,0,1,31.65,75.26,4.38,1.32,129.6,349,1348,31.95
2101131,2,0,0,0,0,0,26.28,41.76,3.33,0.0,72.1,415,1316,16.68
2101104,6,0,0,1,1,1,29.76,66.96,3.35,1.3,135.0,512,1427,27.62
2101055,0,2,0,0,0,1,30.95,67.94,3.29,8.89,145.4,444,1416,46.15
2101104,4,1,0,0,1,0,31.92,59.85,3.77,0.0,99.6,487,1439,34.88
2101075,4,1,0,0,0,0,33.12,64.2,5.46,0.0,91.3,470,1439,33.35
2101050,2,1,0,0,0,0,25.91,41.61,2.41,0.58,77.3,520,1405,35.37
2101039,5,2,0,1,1,1,31.61,58.06,2.62,0.0,73.3,451,1439,57.0
2101053,3,0,0,0,0,1,25.62,47.96,3.84,0.0,73.7,460,1345,11.05
2101108,3,0,0,0,0,1,33.97,66.03,3.79,0.0,122.6,379,1384,25.23
2101073,2,1,0,0,0,1,31.85,77.89,2.13,1.17,135.2,409,1411,34.04
2101085,0,2,0,0,0,1,32.88,74.35,1.62,1.91,142.8,410,1439,46.45
2101156,0,1,1,0,0,1,29.81,45.39,2.12,1.36,93.2,448,1376,33.23
2101139,3,2,1,0,0,1,33.9,65.71,2.76,1.8,126.9,373,1382,42.41
2101088,4,2,0,0,1,0,31.81,58.66,3.93,0.0,92.9,499,1416,44.6
2101115,6,1,0,1,1,1,29.43,64.17,1.67,1.37,111.7,498,1382,38.5
2101008,5,2,0,1,1,1,28.5,52.27,2.39,1.83,98.3,495,1388,56.65
2101082,5,2,0,1,0,1,28.24,60.33,3.47,0.52,93.4,383,1391,48.97
2101090,1,0,1,0,0,1,27.61,50.71,4.17,0.0,75.1,392,1439,26.32
2101060,1,1,1,0,1,1,33.77,81.16,3.37,0.0,122.4,420,1424,41.93
2101041,4,0,1,0,0,1,28.09,48.64,2.88,1.28,109.2,371,1343,23.16
2101148,2,1,0,0,0,0,25.84,42.42,1.99,0.0,81.4,482,1400,23.67
2101003,6,0,0,1,1,1,27.9,65.11,1.97,1.24,113.6,487,1414,31.32
2101195,0,2,0,0,0,1,28.85,41.89,2.0,0.0,89.5,504,1379,34.41
2101195,2,0,0,0,0,1,32.71,80.43,2.05,0.68,130.1,454,1395,13.23
2101125,1,2,0,0,0,1,28.22,47.29,2.4,0.04,90.0,447,1420,46.0
2101059,6,2,1,1,1,0,31.57,51.75,3.36,0.0,94.4,432,1431,44.37
2101059,2,1,1,0,0,0,26.39,44.47,2.25,0.0,82.0,363,1435,19.13
2101107,5,1,0,1,1,1,30.09,61.93,2.68,0.0,98.6,467,1374,38.64
2101134,4,2,0,0,0,0,32.9,59.82,4.1,1.93,117.6,378,1381,38.01
2101072,1,1,0,0,0,1,33.11,81.5,2.95,0.98,128.3,406,1305,36.53
2101088,0,0,0,0,0,1,32.34,65.48,3.0,8.77,122.7,479,1395,16.21
2101011,4,0,1,0,0,1,30.22,49.94,3.07,0.93,74.1,415,1326,21.31
2101177,6,1,0,1,1,0,31.23,48.71,1.85,0.0,114.7,500,1439,40.05
2101180,3,1,0,0,0,1,34.25,64.41,2.54,0.0,120.2,412,1334,38.17
2101053,2,2,1,0,0,0,25.54,45.36,2.56,0.46,59.9,436,1414,45.23
2101187,6,0,0,1,1,0,31.13,54.62,1.58,0.0,95.3,350,1379,25.56
2101169,2,0,0,0,0,0,26.44,45.05,1.9,0.0,72.3,395,1409,22.73
2101038,1,2,0,0,0,1,34.6,77.42,2.7,0.0,123.2,497,1423,42.24
2101031,2,2,1,0,0,1,32.27,77.81,3.07,0.93,128.6,494,1339,48.39
2101084,4,2,0,0,1,1,28.48,47.31,4.1,0.53,84.0,410,1290,41.78
2101138,0,0,1,0,0,1,32.95,72.34,1.54,2.71,148.6,392,1439,20.16
2101075,3,1,0,0,0,1,25.36,52.03,3.02,0.0,69.9,469,1423,43.25
2101146,6,2,1,1,1,0,31.61,50.43,3.6,1.27,85.1,461,1379,53.54
2101034,0,2,1,0,1,1,32.1,74.99,1.79,0.78,158.9,509,1430,50.85
2101185,4,1,1,0,0,1,27.49,53.14,3.83,0.7,79.4,414,1426,34.05
2101132,3,1,0,0,1,1,25.62,53.67,1.29,0.69,77.8,458,1366,36.24
2101050,5,1,0,1,1,1,29.22,55.46,2.47,1.34,90.6,568,1398,42.12
2101156,6,0,0,1,1,1,29.9,64.4,3.04,0.63,101.9,492,1378,26.64
2101082,3,2,0,0,0,1,26.41,53.6,2.8,0.0,59.8,345,1380,42.85
2101152,5,1,0,1,1,1,30.55,57.12,3.11,0.0,83.6,528,1430,37.55
2101140,1,1,1,0,1,1,32.42,72.45,3.45,0.37,134.8,441,1316,44.43
2101135,6,2,0,1,1,1,29.53,63.89,1.78,0.45,125.9,507,1395,51.24
2101025,6,2,0,1,1,1,29.35,62.93,2.86,0.29,107.2,430,1382,57.25
2101004,3,2,0,0,0,1,25.45,52.47,3.02,0.0,54.1,479,1422,49.38
2101140,5,0,0,1,0,1,29.19,57.06,2.92,0.0,91.8,476,1316,22.25
2101046,4,2,0,0,0,1,27.88,46.76,2.54,0.0,94.9,449,1376,47.15
2101014,6,1,1,1,1,1,29.1,64.14,2.64,0.0,104.4,517,1370,43.84
2101103,6,1,1,1,1,1,30.86,60.97,1.7,0.58,120.9,446,1439,39.96
2101186,0,1,0,0,0,1,28.29,41.05,1.1,0.46,96.1,457,1439,30.04
2101140,5,0,1,1,1,1,29.9,60.83,3.76,0.0,83.0,488,1271,32.63
2101060,6,2,1,1,1,1,29.82,62.84,1.25,0.0,125.2,479,1419,51.19
2101077,4,1,0,0,0,0,32.29,62.45,4.41,0.0,98.7,359,1348,31.34
2101139,0,0,1,0,0,1,30.59,71.58,1.33,0.0,119.5,384,1365,18.59
2101090,2,2,1,0,1,1,31.72,77.83,3.38,0.54,129.5,393,1433,57.4
2101112,0,1,0,0,0,1,31.26,69.28,0.65,1.2,137.2,441,1361,35.06
2101168,6,0,0,1,1,0,31.01,54.97,2.04,1.25,118.5,455,1430,31.67
2101012,0,1,1,0,0,1,31.6,68.02,2.15,1.14,136.9,442,1351,34.24
2101005,3,0,0,0,0,1,33.48,63.86,2.72,0.0,122.0,424,1392,19.85
2101178,3,1,1,0,0,1,34.11,63.34,3.78,1.04,102.9,472,1359,24.67
2101054,3,2,1,0,0,1,26.59,47.97,2.75,0.85,56.7,476,1358,41.23
2101164,3,0,0,0,0,1,33.14,72.15,3.03,0.0,117.5,465,1362,18.66
2101058,0,2,0,0,0,1,31.26,72.96,3.35,6.6,146.8,439,1329,45.89
2101169,2,1,0,0,0,1,32.39,74.97,3.67,0.0,124.3,393,1337,33.06
2101198,0,0,1,0,0,1,30.87,63.12,3.0,6.4,110.2,469,1325,16.66
2101184,1,0,0,0,0,1,28.74,43.66,2.91,1.22,95.3,399,1350,28.97
2101046,3,0,1,0,0,1,34.16,62.58,3.41,1.77,125.2,438,1368,21.67
2101103,0,0,1,0,0,1,32.2,69.66,1.51,0.0,137.2,439,1439,10.04
2101010,4,0,1,0,0,0,33.92,54.33,3.37,0.0,103.3,472,1436,33.32
2101054,1,2,1,0,1,1,25.98,44.79,1.26,0.0,85.1,502,1372,53.22
2101083,1,1,0,0,0,1,32.05,76.9,2.98,1.4,129.1,380,1315,38.15
2101008,2,0,1,0,0,1,31.66,77.26,3.27,0.42,134.5,434,1371,29.33
2101130,1,2,1,0,0,1,32.76,71.55,2.04,2.3,115.0,429,1406,39.1
2101039,3,1,0,0,0,1,25.4,49.77,2.28,1.53,74.9,401,1435,44.58
2101031,1,2,0,0,0,1,34.33,70.54,1.41,2.98,135.5,524,1327,39.24
2101130,0,2,0,0,0,1,32.05,67.77,1.32,1.01,132.7,411,1439,33.86
2101168,6,2,1,1,1,0,30.42,52.86,3.09,0.0,101.7,445,1439,54.57
2101199,4,2,0,0,0,0,32.08,61.4,3.52,0.0,110.2,424,1376,41.14
2101040,1,0,0,0,0,1,28.33,47.5,1.85,1.46,80.0,450,1329,19.34
2101155,0,1,0,0,0,1,31.54,72.75,3.46,5.67,142.7,444,1390,23.38
2101141,5,1,0,1,1,1,27.1,54.22,3.45,1.21,86.9,432,1357,35.88
2101162,1,2,1,0,1,1,27.63,47.76,1.98,0.0,78.0,485,1422,51.4
2101033,2,0,1,0,0,0,25.54,48.09,2.15,1.55,81.6,369,1381,25.51
2101096,5,1,0,1,1,1,27.88,59.32,3.03,0.0,91.5,398,1428,52.11
2101176,6,2,0,1,1,0,30.85,53.94,2.65,0.0,93.0,432,1438,47.41
2101115,2,1,0,0,0,0,24.58,41.05,3.37,1.15,71.9,421,1364,35.22
2101041,3,0,0,0,0,1,33.27,67.02,3.02,0.0,112.4,395,1358,23.91
2101001,2,2,0,0,0,0,27.24,43.77,1.62,2.37,69.6,466,1376,48.12
2101146,3,1,1,0,0,1,34.48,65.41,4.29,0.35,128.9,444,1334,49.6
2101014,2,2,0,0,0,1,32.06,80.85,5.13,0.0,145.2,475,1367,45.04
2101167,4,1,1,0,0,1,28.99,50.36,4.08,1.61,87.6,497,1346,43.39
2101131,1,1,1,0,0,1,27.82,48.56,1.96,0.0,77.6,397,1312,37.0
2101051,5,1,0,1,1,1,31.62,61.44,2.71,0.75,85.1,512,1439,38.31
2101043,0,1,0,0,0,1,30.81,70.86,1.43,0.11,146.9,473,1401,29.98
2101019,3,0,0,0,0,1,34.6,63.82,2.52,1.14,122.7,431,1407,26.17
2101068,5,1,0,1,1,1,29.64,57.86,2.4,0.0,115.9,465,1376,37.5
2101117,0,0,1,0,0,1,29.52,47.61,2.83,0.0,78.9,456,1317,22.26
2101062,0,1,1,0,0,1,30.98,67.26,2.37,9.82,128.8,441,1406,36.33
2101100,6,0,0,1,1,1,30.5,60.47,1.7,1.12,126.2,467,1422,33.55
2101126,5,2,0,1,1,1,30.06,55.81,3.48,0.29,79.4,461,1364,60.77
2101096,0,2,1,0,0,1,31.98,71.42,2.11,0.0,145.9,360,1410,57.73
2101050,0,1,0,0,0,1,31.08,76.51,2.31,0.0,131.7,492,1424,37.31
2101156,1,1,0,0,0,1,27.97,45.8,0.97,0.33,72.8,460,1346,32.99
2101143,5,1,0,1,1,1,31.47,63.91,1.62,0.0,102.4,493,1437,42.16
2101093,5,0,0,1,1,1,29.13,55.14,3.03,0.0,70.7,472,1335,29.18
2101036,4,2,1,0,0,0,32.87,62.49,3.5,0.0,111.8,483,1393,46.2
2101099,2,2,0,0,0,1,32.11,82.88,3.05,0.0,124.6,440,1401,41.62
2101072,1,1,1,0,0,1,33.97,76.75,2.11,0.01,138.4,422,1365,47.25
2101097,4,0,0,0,0,0,34.16,59.6,4.06,1.47,110.2,518,1420,10.0
2101025,2,1,0,0,0,0,26.69,40.83,2.63,0.0,74.0,415,1430,37.78
2101091,1,0,0,0,1,1,34.27,73.2,1.94,0.0,126.1,406,1360,20.78
2101011,4,2,0,0,0,1,29.38,50.28,3.64,0.31,102.7,427,1315,37.82
2101081,4,2,0,0,0,0,34.91,62.55,4.15,0.0,100.3,417,1339,41.87
2101140,4,1,0,0,1,0,32.77,62.15,4.51,0.0,94.7,453,1283,36.35
2101033,2,1,0,0,0,0,26.13,48.63,2.45,0.03,83.0,358,1371,30.91
2101026,5,2,0,1,1,1,29.76,55.61,2.53,0.0,82.1,443,1439,54.07
2101059,6,0,1,1,1,0,31.84,54.5,2.45,0.0,112.2,425,1436,16.94
2101181,4,2,1,0,0,1,27.5,44.72,2.71,1.91,70.4,484,1362,48.63
2101053,4,2,0,0,0,0,32.72,61.37,3.96,0.13,89.7,465,1435,26.97
2101188,1,1,0,0,0,1,33.46,71.69,2.38,0.0,138.6,470,1427,41.43
2101050,5,2,1,1,1,1,28.67,53.76,4.4,0.0,87.6,567,1402,60.18
2101012,4,2,0,0,0,1,27.78,53.73,4.0,1.91,89.4,463,1356,36.96
2101156,4,2,0,0,0,1,29.41,51.69,3.77,0.97,89.7,457,1343,40.06
2101024,6,0,0,1,1,1,27.8,66.06,2.9,0.0,123.5,583,1392,25.31
2101023,0,2,0,0,0,1,29.84,35.01,0.72,0.8,92.6,392,1407,38.53
2101107,2,1,0,0,0,1,32.16,72.11,3.44,0.0,136.7,426,1299,27.38
2101041,1,2,1,0,0,1,28.26,44.35,2.34,0.0,98.0,375,1367,52.38
2101121,1,2,1,0,0,1,26.44,45.63,2.8,1.44,82.1,456,1413,43.93
2101105,5,0,0,1,1,1,32.21,60.46,1.52,1.16,96.7,461,1398,26.56
2101143,2,1,0,0,0,0,24.99,39.83,2.28,0.0,72.1,485,1429,22.58
2101063,3,1,0,0,0,1,33.92,64.69,4.36,0.0,113.8,463,1388,44.76
2101056,2,1,0,0,0,0,26.37,42.8,2.75,0.76,68.4,395,1367,33.61
2101048,4,2,0,0,0,1,27.67,52.33,3.95,0.02,96.3,420,1353,47.51
2101150,1,1,1,0,0,1,33.46,73.12,1.74,0.49,120.9,472,1308,25.49
2101075,6,2,0,1,1,0,30.18,48.22,3.26,0.0,109.0,512,1437,52.24
2101170,2,2,1,0,1,0,25.43,43.25,2.32,2.19,74.1,410,1372,42.15
2101100,0,0,0,0,0,1,30.7,71.89,0.24,2.23,139.4,446,1426,15.37
2101158,2,1,1,0,0,0,26.07,44.31,2.86,0.0,79.1,450,1264,39.81
2101135,6,1,0,1,0,1,28.47,68.01,2.35,0.0,120.0,485,1396,32.59
2101138,5,1,0,1,1,1,29.44,51.37,2.74,0.0,95.2,405,1422,47.72
2101194,3,0,0,0,0,1,26.8,51.09,2.46,1.04,82.0,470,1279,20.0
2101091,5,0,1,1,1,1,28.83,50.14,2.93,0.88,80.4,443,1404,37.75
2101170,5,1,0,1,1,1,30.59,56.1,2.0,0.0,113.8,446,1386,37.25
2101165,4,0,0,0,0,0,33.85,57.82,2.0,0.21,107.2,453,1418,10.0
2101086,1,1,1,0,0,1,32.44,75.66,2.84,0.0,130.3,486,1357,40.16
2101139,3,0,1,0,1,1,27.09,56.28,3.43,0.0,70.5,386,1395,25.81
2101090,4,0,1,0,0,0,32.24,59.97,3.71,0.0,90.6,377,1424,29.04
2101133,6,1,0,1,1,1,31.16,63.44,2.45,0.23,123.6,473,1439,46.62
2101083,6,1,0,1,1,0,30.98,54.35,2.18,1.81,91.7,408,1345,39.8
2101099,6,2,0,1,1,1,29.1,63.63,1.35,0.0,114.9,481,1395,53.27
2101048,2,1,0,0,0,1,31.64,77.83,3.63,0.0,129.2,410,1344,40.39
2101127,2,1,0,0,0,1,31.48,79.38,3.78,0.84,131.4,373,1334,33.05
2101190,5,0,1,1,1,1,30.93,56.8,2.03,1.07,104.8,450,1372,27.51
2101071,0,1,0,0,0,1,30.77,72.56,0.74,0.09,151.1,513,1339,27.46
2101014,0,2,0,0,0,1,29.22,42.96,1.61,0.37,97.1,493,1349,47.19
2101141,2,1,0,0,0,0,26.27,38.16,3.22,0.47,81.9,374,1327,29.88
2101041,2,0,0,0,0,0,26.54,38.75,2.17,0.4,70.2,370,1351,19.31
2101139,3,1,0,0,0,1,33.72,61.18,4.81,0.0,129.6,390,1419,26.82
2101132,2,2,0,0,0,1,30.32,80.27,3.56,1.16,124.7,419,1398,47.12
2101189,1,2,0,0,0,1,26.96,50.57,2.69,3.25,74.9,456,1344,45.31
2101118,2,0,0,0,0,0,26.09,42.66,2.89,0.65,83.0,391,1362,18.2
2101024,0,2,0,0,0,1,30.04,73.18,2.9,6.24,141.8,546,1397,42.26
2101056,6,2,0,1,1,1,30.44,61.93,2.73,1.41,106.9,430,1334,44.17
2101054,5,1,0,1,1,1,31.41,60.44,1.24,0.75,100.6,535,1357,45.43
2101187,2,1,0,0,0,1,32.81,84.46,3.22,0.0,126.5,314,1356,31.7
2101172,3,0,1,0,1,1,33.68,70.31,3.22,0.19,116.2,540,1430,25.5
2101082,6,0,0,1,1,1,28.81,61.81,1.84,0.0,116.1,390,1388,37.14
2101175,6,2,0,1,1,0,30.98,56.17,2.89,1.23,96.3,482,1439,51.52
2101119,0,0,0,0,0,1,29.25,68.69,2.78,6.13,116.8,454,1353,19.28
2101063,2,1,0,0,0,0,26.74,44.41,1.84,1.51,67.1,422,1378,43.27
2101019,1,2,1,0,0,1,28.3,48.96,2.44,0.0,72.0,412,1366,51.71
2101182,1,2,1,0,0,1,33.15,73.67,2.15,0.36,122.2,480,1316,41.85
2101178,1,0,0,0,0,1,28.04,45.02,2.7,0.0,100.0,471,1413,17.32
2101149,5,0,1,1,1,1,30.47,62.82,2.81,1.28,94.6,506,1429,28.3
2101021,5,0,0,1,1,1,29.36,53.37,3.59,1.4,104.9,453,1436,19.33
2101111,2,2,0,0,0,1,30.71,79.1,3.19,1.48,128.4,458,1436,43.19
2101079,2,0,0,0,0,1,31.33,79.27,2.12,0.0,129.8,482,1351,15.59
2101136,2,0,0,0,0,0,27.29,48.18,2.59,0.0,77.3,428,1314,19.04
2101177,3,1,0,0,1,1,25.68,49.75,2.69,0.16,90.4,463,1408,39.95
2101107,5,1,1,1,1,1,27.76,54.71,2.29,2.27,92.2,440,1300,43.97
2101189,0,0,0,0,0,1,30.46,43.75,2.7,0.0,93.6,460,1345,23.61
2101039,5,0,1,1,1,1,30.98,62.12,2.28,0.0,100.9,450,1439,29.44
2101021,0,0,0,0,0,1,29.45,67.68,2.67,6.78,124.0,394,1381,10.0
2101024,2,1,0,0,0,0,26.5,46.63,2.63,0.63,81.7,506,1398,29.1
2101036,3,1,0,0,0,1,26.66,51.82,4.01,1.56,77.5,475,1363,27.81
2101066,6,1,0,1,1,1,28.97,64.17,2.11,0.0,117.4,528,1430,39.18
2101062,1,0,0,0,0,1,27.48,47.61,2.49,2.49,84.5,449,1404,22.2
2101156,4,0,0,0,0,1,28.08,48.05,3.93,1.75,87.1,461,1347,19.76
2101057,5,2,0,1,1,1,29.68,56.81,3.25,0.97,92.1,510,1413,56.61
2101177,3,0,0,0,1,1,33.79,68.59,2.64,1.02,102.3,486,1434,22.56
2101151,0,0,1,0,1,1,31.95,67.12,1.65,2.95,138.4,458,1429,32.9
2101188,4,0,0,0,0,0,33.75,64.83,4.25,0.0,97.4,477,1430,22.17
2101198,4,2,0,0,0,0,32.89,54.24,4.75,0.0,84.8,482,1362,37.33
2101015,6,1,0,1,1,1,29.45,69.02,1.9,2.97,121.2,456,1391,47.27
2101136,6,1,1,1,1,1,28.3,61.56,1.7,0.0,103.8,476,1331,47.32
2101173,0,0,0,0,0,1,30.91,73.47,1.74,0.38,139.9,475,1417,16.19
2101007,0,1,0,0,1,1,28.5,43.89,1.98,0.37,84.1,351,1380,30.65
2101033,5,2,0,1,1,1,29.33,56.08,3.87,0.0,73.3,406,1342,51.11
2101060,1,2,1,0,0,1,33.54,75.28,1.96,0.0,119.9,411,1391,54.65
2101042,4,1,0,0,0,1,29.16,48.73,3.8,0.5,88.3,401,1327,37.81
2101160,1,2,1,0,0,1,33.02,73.63,1.99,0.33,112.4,468,1387,47.45
2101027,0,0,0,0,0,1,30.39,46.21,2.76,0.59,82.3,431,1434,18.15
2101184,5,0,0,1,1,1,28.61,60.13,2.89,0.91,75.7,411,1375,35.02
2101072,4,0,0,0,0,0,32.46,65.0,5.04,0.08,97.1,404,1359,29.56
2101119,5,0,1,1,1,1,33.22,58.96,2.51,0.04,89.9,521,1396,24.49
2101082,4,2,0,0,0,0,32.52,63.33,3.55,1.73,109.3,375,1413,46.2
2101070,3,2,0,0,0,1,25.86,53.44,1.99,0.0,69.6,455,1439,37.19
2101173,3,0,0,0,0,1,34.36,69.68,3.57,0.0,114.4,440,1421,19.77
2101071,0,1,1,0,0,1,31.77,66.79,2.7,8.88,131.5,507,1342,39.45
2101195,6,0,0,1,1,0,31.79,53.26,2.25,0.0,102.5,489,1430,27.51
2101127,0,2,0,0,0,1,28.1,43.59,2.77,0.72,81.3,386,1355,42.58
2101072,0,0,0,0,0,1,29.67,41.39,2.85,2.28,96.0,428,1339,18.37
2101172,1,1,1,0,0,1,26.04,43.17,1.78,0.0,87.0,509,1439,35.8
2101056,1,0,1,0,0,1,29.31,48.44,2.91,0.0,93.6,407,1329,19.0
2101068,0,2,0,0,0,1,29.51,44.72,1.77,0.0,93.1,473,1390,37.96
2101177,0,2,0,0,1,1,30.55,65.28,3.72,7.87,126.0,448,1428,46.81
2101038,5,2,0,1,1,1,29.66,54.69,2.82,0.0,82.8,521,1427,53.41
2101176,4,0,1,0,0,1,28.14,56.13,4.7,1.24,88.6,390,1411,25.99
2101001,3,2,1,0,1,1,25.81,46.82,2.83,1.75,66.1,480,1366,59.81
2101002,2,0,0,0,0,0,26.89,45.59,3.75,0.0,85.7,374,1401,10.0
2101028,5,2,0,1,0,1,31.49,60.71,1.35,0.92,83.5,418,1405,61.11
2101123,0,2,0,0,1,1,29.7,63.94,3.92,6.34,138.7,410,1379,42.15
2101170,6,1,0,1,1,0,31.4,55.95,2.0,0.0,116.7,439,1415,34.18
2101169,3,1,0,0,0,1,34.77,59.24,4.66,0.44,110.9,363,1343,33.01
2101125,5,2,0,1,1,1,30.01,57.27,2.54,1.6,100.3,500,1434,64.05
2101128,2,0,0,0,0,1,31.86,82.38,2.43,1.17,128.1,459,1311,16.61
2101198,5,0,0,1,1,1,28.26,61.46,2.19,1.81,87.3,485,1349,29.46
2101189,2,1,0,0,0,0,27.14,44.01,2.65,0.0,85.6,410,1378,38.99
2101014,1,0,1,0,1,1,34.6,76.71,2.2,3.88,131.0,473,1356,26.87
2101112,0,2,0,0,0,1,32.32,67.59,1.88,0.0,118.0,462,1378,43.14
2101073,6,2,0,1,1,0,32.03,50.51,2.4,0.33,101.5,451,1421,38.82
2101027,0,1,1,0,0,1,31.18,70.37,1.66,1.89,146.3,409,1417,41.0
2101159,2,0,0,0,1,1,32.22,76.45,3.98,0.62,120.8,464,1420,24.35
2101108,0,2,0,0,0,1,30.21,42.91,1.73,2.05,104.9,413,1370,47.21
2101132,0,1,1,0,0,1,29.94,65.74,3.6,5.93,116.9,409,1400,36.1
2101103,6,0,1,1,1,0,29.99,54.79,3.94,0.0,97.9,446,1439,21.29
2101014,5,1,1,1,1,1,28.67,58.32,2.81,0.0,96.7,506,1343,52.08
2101173,6,2,0,1,1,1,28.7,62.07,2.02,0.0,125.7,472,1439,51.99
2101080,5,0,0,1,1,1,29.73,58.22,3.31,0.9,97.6,441,1395,25.56
2101044,2,2,1,0,1,0,26.18,46.63,2.69,0.0,88.6,421,1422,42.46
2101127,6,1,1,1,1,0,30.95,49.73,2.81,0.0,89.6,428,1400,34.73
2101061,0,2,1,0,0,1,29.19,43.07,2.11,0.5,108.0,404,1376,38.68
2101137,3,2,0,0,0,1,34.38,60.92,4.32,0.0,105.4,430,1439,43.11
2101102,0,2,1,0,0,1,30.97,37.16,2.31,0.0,80.2,483,1413,41.83
2101090,5,1,0,1,0,1,31.61,55.5,1.56,0.93,97.4,432,1428,45.02
2101020,3,1,1,0,0,1,34.2,59.34,3.04,0.0,115.8,474,1377,37.94
2101038,0,2,1,0,0,1,31.08,70.56,2.26,8.08,130.9,504,1418,47.67
2101173,0,0,0,0,0,1,30.25,71.03,1.48,0.79,138.3,450,1427,18.92
2101193,1,0,1,0,0,1,34.01,75.17,1.86,2.68,132.9,477,1359,23.09
2101110,2,1,0,0,0,1,31.18,77.54,2.72,2.25,137.1,506,1395,37.13
2101093,0,2,0,0,0,1,32.45,71.51,4.1,8.37,127.2,425,1339,48.29
2101036,3,2,0,0,0,1,26.15,50.29,1.92,0.6,74.6,494,1384,46.41
2101143,6,2,0,1,1,1,28.97,59.76,2.23,0.0,105.0,488,1437,41.19
2101129,3,0,1,0,0,1,33.49,67.77,3.78,0.0,119.1,377,1335,25.32
2101107,3,0,0,0,0,1,26.09,55.93,3.17,0.0,73.9,412,1323,10.8
2101054,5,0,0,1,1,1,31.27,60.37,2.15,0.0,100.2,522,1380,30.73
2101017,0,2,0,0,0,1,29.56,51.22,2.51,0.38,94.6,356,1427,45.82
2101193,0,1,1,0,0,1,30.63,73.91,2.19,0.0,145.9,491,1392,40.24
2101048,2,0,0,0,0,0,25.3,41.31,2.97,0.0,93.1,410,1373,20.23
2101130,5,2,0,1,1,1,29.69,54.15,2.14,1.34,95.8,476,1439,42.87
2101013,2,1,0,0,0,0,27.09,38.89,2.21,0.72,91.8,315,1394,39.08
2101136,2,2,1,0,0,1,32.48,75.6,3.46,0.0,125.5,436,1322,53.66
2101038,1,1,0,0,0,1,28.66,45.26,3.24,0.0,96.2,499,1431,31.34
2101140,4,0,0,0,1,0,32.71,65.75,3.94,0.0,101.1,464,1333,24.23
2101040,0,2,1,0,0,1,29.77,68.15,3.04,7.77,141.3,437,1310,47.88
2101099,6,0,0,1,1,1,29.65,59.64,2.02,2.58,131.9,500,1369,28.36
2101083,2,0,1,0,1,1,30.96,80.42,3.87,1.13,124.7,430,1309,32.78
2101102,0,2,0,0,0,1,28.63,38.82,2.06,3.36,94.7,501,1398,34.56
2101065,0,1,0,0,1,1,31.56,68.83,3.48,6.59,122.9,494,1314,36.53
2101068,5,1,0,1,1,1,29.82,58.89,2.84,0.92,87.7,525,1398,44.18
2101073,3,0,0,0,0,1,25.94,50.93,2.39,0.69,63.7,419,1436,24.66
2101127,2,2,0,0,0,0,25.84,39.51,3.22,0.0,74.4,382,1414,41.34
2101163,0,1,0,0,0,1,31.23,70.36,1.64,0.0,140.2,434,1401,35.94
2101073,4,2,0,0,0,1,26.34,46.9,2.53,0.82,98.8,396,1439,45.45
2101005,0,1,0,0,0,1,29.64,44.26,1.64,0.0,101.9,458,1375,31.91
2101039,1,2,0,0,0,1,32.36,77.11,1.95,1.36,134.1,419,1439,49.59
2101021,3,2,0,0,0,1,35.41,69.44,2.13,3.36,115.1,388,1439,38.1
2101126,1,2,0,0,0,1,26.95,49.22,2.55,1.97,97.1,461,1382,40.38
2101161,3,0,1,0,1,1,26.3,51.18,2.17,0.0,62.8,435,1368,33.08
2101043,0,2,0,0,0,1,29.37,40.56,2.38,1.08,78.7,502,1370,45.11
2101107,2,1,0,0,0,0,27.26,42.9,2.17,0.0,71.5,391,1319,24.96
2101096,6,1,0,1,1,1,28.45,62.41,2.29,0.0,108.2,406,1439,44.39
2101088,3,0,0,0,0,1,27.44,46.16,2.98,0.0,57.8,470,1395,21.28
2101177,5,1,0,1,1,1,31.83,55.93,2.19,1.83,88.1,468,1430,47.71
2101054,2,0,0,0,0,0,25.14,47.86,1.73,1.31,73.2,484,1390,15.64
2101125,1,0,1,0,0,1,27.99,44.17,2.71,0.0,86.3,436,1400,24.16
2101108,1,2,1,0,0,1,33.92,73.69,1.5,0.65,130.2,452,1398,54.78
2101175,0,2,1,0,0,1,32.05,73.37,2.76,0.16,147.6,475,1386,45.08
2101045,2,1,0,0,1,0,27.67,45.0,2.29,3.0,62.1,526,1382,25.6
2101186,5,2,0,1,1,1,31.67,61.03,1.9,0.0,97.2,462,1439,47.55
2101171,1,0,0,0,0,1,25.61,46.06,2.7,0.0,95.2,414,1431,16.79
2101090,4,2,1,0,0,0,31.85,57.07,4.17,0.0,99.9,398,1420,48.68
2101164,3,0,0,0,1,1,32.41,69.5,4.04,0.66,122.3,476,1368,23.2
2101129,2,1,0,0,0,1,31.51,78.5,2.69,0.0,115.4,374,1350,32.0
2101065,5,0,0,1,1,1,31.24,56.11,2.29,0.0,89.9,541,1297,21.83
2101170,5,1,0,1,1,1,28.01,57.51,3.8,0.0,79.1,425,1379,35.42
2101005,6,1,1,1,1,0,30.51,54.45,2.69,0.23,93.3,471,1419,38.96
2101028,5,1,0,1,1,1,31.46,58.15,2.02,0.0,101.5,425,1417,47.62
2101177,1,1,1,0,1,1,27.64,43.57,3.25,0.0,90.5,454,1439,43.29
2101158,0,0,1,0,0,1,31.1,64.06,3.22,6.02,132.3,435,1247,28.48
2101060,5,1,0,1,0,1,31.29,55.82,2.63,0.0,101.2,460,1369,42.06
2101197,1,2,0,0,0,1,27.84,42.27,2.43,0.02,80.6,395,1369,36.89
2101131,6,1,1,1,1,0,32.33,50.49,2.13,0.0,108.5,439,1348,40.47
2101049,2,1,1,0,1,0,25.62,43.05,2.48,0.9,77.4,489,1349,37.03
2101171,6,0,0,1,1,0,31.47,51.35,3.11,0.0,92.3,459,1439,24.51
2101198,2,1,1,0,0,0,25.49,44.71,2.94,0.0,62.4,466,1362,27.77
2101159,1,2,0,0,0,1,27.87,36.1,2.26,1.77,86.6,464,1438,47.38
2101125,3,1,1,0,0,1,26.99,47.04,2.66,0.0,72.2,444,1439,44.65
2101172,0,0,0,0,0,1,31.98,69.43,3.23,7.19,139.4,527,1400,13.12
2101161,2,2,1,0,1,1,31.6,80.93,4.18,0.0,135.2,448,1357,55.18
2101098,1,2,0,0,0,1,27.64,45.27,2.32,2.67,79.9,389,1329,47.46
2101151,6,1,1,1,1,0,30.75,49.04,2.34,1.44,101.2,466,1423,37.89
2101168,5,0,0,1,1,1,30.48,61.58,1.9,0.28,89.1,448,1423,33.12
2101007,3,2,0,0,0,1,34.21,64.26,3.28,0.0,109.6,350,1364,39.82
2101092,0,0,1,0,0,1,32.76,66.76,0.36,0.0,145.8,463,1344,19.38
2101187,6,2,1,1,1,0,29.86,46.83,2.77,0.0,102.4,393,1368,46.58
2101053,5,1,0,1,0,1,28.21,54.26,3.62,0.0,91.9,468,1383,33.08
2101123,1,1,0,0,1,1,34.54,73.35,2.2,0.33,130.3,405,1393,31.87
2101096,6,2,0,1,1,0,30.33,54.64,2.92,2.43,97.8,399,1439,60.45
2101117,0,0,0,0,0,1,31.03,69.53,3.83,10.67,131.0,462,1343,17.31
2101067,0,0,0,0,0,1,30.37,66.72,3.15,7.94,132.2,388,1419,29.66
2101127,3,2,0,0,0,1,34.64,63.38,3.91,0.74,103.8,385,1363,47.7
2101153,0,2,0,0,0,1,31.32,67.36,2.15,0.0,146.4,454,1338,38.85
2101147,3,2,0,0,0,1,26.92,55.16,3.06,0.42,74.7,406,1348,41.75
2101166,0,0,0,0,0,1,32.22,69.02,2.13,0.0,143.7,421,1318,30.77
2101051,4,0,0,0,0,0,32.03,59.22,4.28,2.17,108.6,431,1427,14.72
2101029,0,1,0,0,1,1,29.9,45.38,2.33,0.0,101.5,482,1421,38.25
2101108,6,2,0,1,1,1,30.01,60.4,2.03,0.75,113.3,477,1434,58.35
2101033,1,2,0,0,0,1,35.02,77.22,2.58,0.0,121.0,351,1326,55.25
2101125,2,2,0,0,0,0,25.94,42.65,3.77,1.86,84.3,436,1436,42.0
2101077,0,1,1,0,1,1,28.39,41.34,2.41,2.13,101.5,367,1336,44.23
2101143,1,2,0,0,0,1,33.47,78.91,2.41,0.77,136.6,491,1439,40.83
2101093,5,0,0,1,1,1,29.04,51.7,3.35,0.21,87.3,473,1390,28.14
2101112,5,0,1,1,1,1,30.18,60.62,3.01,0.04,86.4,501,1406,24.24
2101191,0,1,0,0,0,1,28.73,44.31,1.8,0.67,77.6,397,1325,29.95
2101126,0,0,1,0,0,1,30.31,72.55,3.02,7.18,134.3,429,1362,30.92
2101188,2,2,0,0,0,0,26.26,44.62,2.81,1.96,88.0,468,1397,47.62
2101049,6,2,0,1,1,1,29.21,66.82,2.75,2.41,137.4,514,1341,49.77
2101193,0,0,0,0,0,1,30.59,67.94,3.03,8.58,123.1,492,1353,24.57
2101043,1,0,0,0,0,1,27.27,44.73,2.52,0.96,85.5,514,1409,11.98
2101146,4,0,0,0,0,0,31.8,57.91,3.76,0.0,106.4,428,1382,29.35
2101010,2,0,1,0,0,1,33.6,75.34,3.75,2.21,125.5,494,1405,28.91
2101135,1,1,1,0,0,1,27.17,41.99,1.77,0.0,55.8,467,1401,41.55
2101176,2,1,1,0,0,1,32.61,79.79,2.87,0.0,138.8,390,1409,36.66
2101054,4,2,1,0,0,1,28.62,49.88,3.99,2.53,78.5,496,1344,53.31
2101032,6,1,1,1,1,1,30.8,60.43,2.27,0.0,138.3,439,1439,48.64
2101075,3,2,0,0,1,1,34.8,67.81,3.12,0.0,127.7,511,1413,53.48
2101014,1,2,1,0,0,1,27.79,46.38,2.72,0.0,71.1,499,1382,49.05
2101001,0,2,0,0,0,1,31.92,71.14,1.65,1.24,138.4,455,1372,59.85
2101086,2,0,0,0,0,1,30.89,80.17,2.77,1.71,137.0,449,1362,20.15
2101166,5,1,1,1,1,1,31.31,55.49,2.34,0.48,94.8,469,1333,54.93
2101081,6,2,0,1,1,1,29.16,65.95,1.75,0.0,107.9,472,1289,53.03
2101055,0,2,0,0,1,1,30.34,75.62,2.44,8.27,106.5,430,1433,51.72
2101045,2,0,1,0,0,0,27.18,40.37,3.45,0.0,83.9,529,1398,13.28
2101016,1,2,1,0,1,1,27.21,43.56,2.4,1.09,75.0,484,1351,49.68
2101079,1,2,0,0,0,1,27.6,46.0,2.89,1.76,80.0,476,1340,35.38
2101063,0,0,0,0,0,1,32.22,77.34,1.17,0.54,148.5,451,1372,24.1
2101090,5,0,0,1,1,1,32.2,57.16,2.34,0.53,99.4,449,1439,36.03
2101065,0,0,1,0,1,1,31.01,73.81,2.84,9.6,134.4,514,1296,17.95
2101118,6,1,0,1,1,0,29.69,43.49,3.04,2.18,117.8,395,1376,44.07
2101145,3,0,0,0,0,1,33.24,65.44,4.24,0.0,135.4,507,1439,18.58
2101003,3,0,0,0,1,1,34.34,65.39,3.85,0.56,116.3,463,1363,29.42
2101002,3,0,1,0,0,1,26.11,53.31,1.69,0.0,68.6,398,1374,19.94
2101056,0,0,0,0,0,1,33.26,74.05,1.0,0.0,137.7,420,1340,21.83
2101046,0,1,0,0,0,1,30.73,68.47,3.9,9.15,115.9,448,1337,37.27
2101018,6,0,0,1,1,1,29.44,60.58,2.88,0.0,127.5,525,1439,19.3
2101179,1,1,1,0,0,1,28.25,47.51,1.97,0.0,93.5,523,1431,35.45
2101018,0,2,1,0,0,1,28.96,46.17,1.3,1.51,95.1,454,1429,45.69
2101171,4,0,0,0,0,1,28.6,44.22,3.44,0.87,76.7,442,1427,24.25
2101014,1,1,0,0,0,1,26.85,45.94,3.44,0.0,68.3,460,1348,40.1
2101126,0,2,0,0,0,1,29.99,46.11,2.33,0.0,83.8,437,1349,47.59
2101077,4,0,0,0,0,0,32.32,58.88,3.81,0.0,92.9,290,1354,23.92
2101112,6,2,0,1,1,0,31.31,47.87,1.64,0.33,106.8,458,1432,40.54
2101104,4,2,1,0,0,1,26.9,53.58,2.97,2.47,84.8,453,1439,48.0
2101045,0,0,0,0,0,1,30.62,70.18,1.31,0.11,146.4,546,1333,19.11
2101021,0,2,1,0,0,1,31.63,71.75,0.88,0.27,148.2,403,1427,38.28
2101175,3,0,1,0,0,1,26.73,48.48,2.64,1.27,77.7,447,1410,28.49
2101146,5,2,0,1,1,1,30.68,61.27,1.88,0.31,92.4,463,1344,66.92
2101152,5,1,0,1,1,1,28.89,54.18,3.45,0.0,85.6,513,1439,42.24
2101123,0,0,0,0,0,1,31.25,70.64,1.6,0.62,137.0,413,1342,22.57
2101103,6,0,0,1,1,1,30.83,62.94,1.75,0.94,102.0,442,1439,22.6
2101170,1,1,0,0,0,1,32.11,79.72,2.43,0.61,134.7,397,1355,24.41
2101033,6,2,0,1,1,0,32.78,49.39,2.79,1.39,90.2,377,1394,49.15
2101121,0,0,0,0,0,1,30.07,69.56,2.92,9.26,127.5,489,1372,18.12
2101043,1,1,0,0,0,1,33.6,77.99,1.74,0.68,129.4,479,1375,37.46
2101130,2,0,0,0,0,0,26.09,37.44,2.36,0.0,77.6,428,1432,10.0
2101076,3,1,0,0,0,1,25.72,50.14,2.2,0.18,80.4,377,1344,36.98
2101086,6,0,1,1,0,0,31.6,56.15,1.61,2.91,119.1,475,1411,21.18
2101066,1,2,0,0,0,1,33.94,73.32,2.39,0.0,129.1,463,1405,45.83
2101119,0,1,0,0,1,1,30.01,45.86,2.08,1.81,104.0,513,1360,32.97
2101013,6,2,1,1,1,0,31.08,45.5,3.3,0.61,104.4,377,1435,59.25
2101154,6,0,0,1,0,1,30.45,64.66,2.09,0.0,106.1,481,1333,32.74
2101081,3,0,0,0,0,1,27.91,51.27,2.13,1.46,61.0,457,1326,19.43
2101196,5,0,1,1,1,1,31.49,55.56,2.39,1.6,80.2,532,1382,33.87
2101090,0,1,0,0,0,1,31.56,74.84,1.14,0.0,156.5,412,1406,40.78
2101025,1,2,0,0,0,1,28.27,45.78,2.55,0.28,72.2,411,1427,51.28
2101058,4,1,0,0,0,0,32.66,62.16,4.01,0.94,92.0,447,1381,40.41
2101092,3,1,1,0,0,1,28.09,51.15,2.77,0.0,68.0,464,1401,30.81
2101077,5,2,0,1,1,1,28.8,59.18,3.31,0.68,69.8,412,1346,54.65
2101053,5,0,0,1,1,1,30.95,61.79,2.75,1.74,89.3,497,1393,22.22
2101067,6,0,0,1,1,1,29.08,61.8,2.85,0.9,122.7,409,1426,32.56
2101146,0,2,0,0,1,1,30.35,42.63,1.62,0.0,104.2,422,1358,52.06
2101075,0,2,1,0,0,1,30.73,45.22,2.61,0.0,92.2,499,1419,48.53
2101031,4,0,0,0,1,1,27.17,44.07,3.14,0.0,87.9,507,1331,22.93
2101124,4,0,0,0,0,1,29.2,50.26,3.55,1.25,76.7,430,1326,18.81
2101148,6,1,1,1,0,1,30.43,61.11,2.28,0.0,124.5,495,1427,37.7
2101099,0,2,1,0,0,1,30.88,65.6,3.71,7.18,139.3,425,1399,46.66
2101145,2,0,1,0,0,1,31.58,80.53,3.53,0.0,120.2,507,1439,18.48
2101040,6,2,0,1,0,0,32.53,55.73,1.84,0.0,110.3,438,1363,43.72
2101029,0,1,0,0,0,1,31.11,66.26,2.96,8.83,135.5,477,1439,38.62
2101159,4,2,1,0,0,0,32.71,62.14,4.98,1.54,95.6,453,1419,49.73
2101158,0,1,0,0,0,1,32.35,73.36,1.72,3.06,161.8,423,1255,36.83
2101103,1,1,1,0,0,1,27.74,50.77,1.87,0.0,77.7,391,1432,27.48
2101097,4,1,0,0,0,1,27.61,51.85,4.0,1.13,94.4,526,1409,25.79
2101092,4,2,0,0,1,1,28.83,46.82,5.02,0.87,88.3,448,1369,46.7
2101044,5,1,1,1,0,1,28.8,54.29,3.99,0.0,75.6,441,1376,40.38
2101142,2,2,1,0,0,0,27.69,40.56,3.41,0.0,65.9,425,1438,45.21
2101076,2,2,0,0,1,1,31.75,75.06,3.05,0.0,138.5,420,1320,52.34
2101150,5,0,0,1,1,1,28.91,55.55,3.08,1.73,77.2,506,1335,25.35
2101088,6,2,0,1,1,0,31.6,59.36,3.54,1.89,99.2,468,1439,47.86
2101169,5,1,0,1,1,1,29.39,55.24,2.42,0.0,63.4,410,1376,47.32
2101169,5,0,1,1,1,1,27.77,62.52,3.93,1.17,77.8,399,1336,44.58
2101162,0,0,0,0,1,1,30.42,69.96,2.31,7.83,116.7,506,1430,18.55
2101054,0,0,0,0,1,1,32.1,75.75,1.99,0.24,146.1,512,1346,29.18
2101134,5,1,0,1,1,1,29.76,46.79,2.75,0.0,90.0,441,1396,44.58
2101150,2,0,1,0,1,0,27.99,41.0,2.78,0.0,71.3,479,1308,10.12
2101144,0,1,0,0,0,1,29.06,37.76,2.5,1.21,92.9,486,1412,23.35
2101175,4,2,0,0,0,1,28.01,57.65,3.43,0.57,83.9,471,1425,44.0
2101032,0,2,0,0,0,1,29.69,69.45,2.9,4.78,122.9,414,1395,53.77
2101131,0,2,1,0,0,1,29.01,40.16,1.64,0.91,106.4,404,1300,47.14
2101140,1,0,0,0,1,1,33.01,75.36,2.67,2.77,125.6,465,1305,26.71
2101072,3,0,1,0,0,1,26.65,50.13,2.32,0.0,81.7,430,1352,31.34
2101051,3,2,0,0,0,1,34.63,60.27,3.36,1.16,128.5,480,1422,43.86
2101113,3,2,0,0,1,1,32.75,73.63,3.72,0.73,126.5,538,1258,47.05
2101052,2,2,0,0,0,1,31.17,78.26,2.03,0.0,138.0,380,1285,45.35
2101118,2,0,1,0,1,1,31.0,76.61,2.97,0.06,131.5,404,1354,31.48
2101024,6,2,1,1,0,1,30.04,58.35,2.95,0.0,119.6,555,1389,48.13
2101079,5,1,0,1,1,1,32.09,57.45,3.12,0.0,93.3,517,1351,45.91
2101079,1,1,1,0,0,1,32.53,78.92,2.3,0.67,143.0,493,1322,33.8
2101146,2,1,1,0,0,1,30.74,77.57,2.73,1.36,145.3,394,1338,44.3
2101004,5,1,1,1,1,1,31.84,61.82,2.43,0.0,94.0,485,1439,50.22
2101073,5,2,0,1,0,1,31.68,57.21,3.4,0.0,89.9,434,1431,47.85
2101131,4,2,0,0,0,0,33.25,62.06,2.78,0.19,119.9,407,1317,37.07
2101099,0,0,0,0,0,1,30.85,71.11,2.71,5.31,135.4,439,1398,22.13
2101149,5,2,0,1,1,1,29.41,56.32,2.67,1.71,89.5,498,1423,48.3
2101173,1,0,1,0,0,1,28.02,46.29,2.02,0.0,96.8,460,1416,15.93
2101155,0,1,0,0,0,1,30.41,72.46,2.42,8.69,120.7,458,1408,33.27
2101067,5,1,0,1,1,1,32.58,58.03,0.85,1.08,89.3,397,1395,38.87
2101026,2,2,1,0,0,1,32.0,76.78,2.68,0.0,144.1,409,1376,48.18
2101018,4,0,0,0,0,0,31.14,57.87,3.28,0.49,87.8,476,1429,10.73
2101128,1,1,0,0,0,1,33.09,71.88,3.1,0.22,128.2,464,1317,37.37
2101026,0,0,0,0,0,1,29.87,72.03,3.18,9.2,145.2,421,1388,21.73
2101167,3,2,0,0,0,1,34.26,63.55,3.9,0.0,120.2,529,1337,48.91
2101116,6,1,0,1,0,0,32.32,49.73,2.79,2.06,93.5,406,1439,29.96
2101008,3,2,0,0,0,1,32.76,68.24,4.61,1.19,136.6,446,1350,45.49
2101158,0,2,0,0,0,1,30.97,70.65,3.92,9.89,121.5,463,1278,48.18
2101039,2,0,1,0,0,1,33.4,73.56,2.74,2.45,119.5,405,1439,29.3
2101198,0,2,1,0,0,1,30.05,45.03,2.46,0.0,100.8,495,1359,50.29
2101054,0,2,0,0,0,1,30.82,70.86,3.27,7.84,117.8,529,1349,50.14
2101110,0,2,0,0,0,1,29.25,46.81,1.85,0.59,75.1,505,1396,45.45
2101092,6,2,0,1,1,1,28.53,61.02,3.03,1.79,115.7,496,1407,56.93
2101071,6,2,1,1,1,1,28.54,65.16,2.7,0.0,108.8,521,1373,51.26
2101035,4,2,0,0,0,1,27.22,52.86,3.1,0.1,84.4,496,1380,45.73
2101013,4,2,0,0,1,1,27.65,50.68,2.83,0.46,84.3,344,1378,54.42
2101108,1,0,1,0,0,1,28.63,46.88,2.63,0.17,83.6,432,1403,30.45
2101196,1,2,0,0,0,1,28.27,45.65,2.48,2.26,79.8,487,1390,47.23
2101069,5,2,0,1,1,1,28.83,54.55,4.57,0.0,63.1,498,1439,48.16
2101060,6,2,1,1,1,0,32.67,52.56,3.16,0.72,100.9,485,1428,48.99
2101131,0,2,0,0,0,1,32.25,73.51,3.26,6.3,124.2,439,1286,50.09
2101199,6,2,1,1,1,1,29.85,64.33,2.23,1.29,122.6,440,1352,48.08
2101106,5,1,1,1,0,1,31.44,61.22,2.04,0.0,94.9,497,1414,41.96
2101193,6,0,0,1,1,0,31.93,50.11,1.07,0.02,104.6,495,1395,22.47
2101137,3,0,0,0,0,1,25.5,52.35,2.4,1.18,79.9,417,1436,16.4
2101159,6,0,1,1,1,1,30.96,60.7,1.97,0.0,127.1,468,1433,22.73
2101050,1,0,0,0,0,1,34.78,77.65,2.38,0.78,118.9,510,1382,28.55
2101110,1,2,0,0,0,1,33.02,79.1,1.83,0.84,132.7,522,1374,52.02
2101141,3,2,1,0,1,1,33.9,64.38,3.07,0.0,129.6,409,1324,46.7
2101073,6,0,0,1,0,0,32.51,50.22,2.22,0.0,84.9,395,1438,23.92
2101147,2,1,0,0,0,1,32.27,72.19,3.36,0.28,132.5,397,1341,36.94
2101077,0,2,0,0,0,1,30.11,40.09,2.27,0.0,95.7,345,1324,41.82
2101144,1,2,0,0,0,1,28.12,41.98,2.3,0.98,77.8,470,1412,49.26
2101091,0,1,0,0,0,1,31.12,68.65,2.9,9.19,127.2,372,1385,34.84
2101014,4,2,0,0,0,1,28.04,50.61,2.73,2.13,97.5,472,1337,44.33
2101020,3,0,1,0,0,1,34.41,67.35,3.34,0.42,136.8,443,1381,15.95
2101189,4,2,0,0,0,1,28.17,53.05,4.27,1.37,87.8,464,1385,51.77
2101127,5,2,0,1,1,1,29.38,61.07,2.96,0.0,92.7,422,1383,46.5
2101115,3,1,0,0,0,1,26.15,48.48,2.61,0.66,67.9,444,1368,30.94
2101154,3,0,0,0,0,1,25.83,51.18,2.75,0.0,84.1,426,1298,30.99
2101055,4,0,0,0,1,0,33.87,60.73,4.41,0.37,110.3,426,1396,22.81
2101073,3,1,1,0,0,1,26.16,48.46,1.93,0.14,59.5,408,1419,33.03
2101087,2,0,0,0,0,1,32.33,75.38,4.07,1.21,125.4,345,1363,31.95
2101131,2,0,0,0,0,0,27.21,41.55,2.57,0.0,62.4,410,1330,16.68
2101104,6,0,0,1,1,1,30.37,68.65,2.05,0.0,124.3,523,1439,27.62
2101055,0,2,0,0,0,1,31.47,73.61,2.7,8.58,144.8,426,1407,46.15
2101104,4,1,0,0,1,0,32.33,59.6,3.71,0.87,100.2,471,1437,34.88
2101075,4,1,0,0,0,0,32.56,65.07,4.2,0.0,104.7,488,1439,33.35
2101050,2,1,0,0,0,0,26.16,41.36,2.84,0.46,80.0,537,1430,35.37
2101039,5,2,0,1,1,1,30.46,59.29,2.27,1.86,71.7,464,1439,57.0
2101053,3,0,0,0,0,1,26.34,48.06,2.97,0.0,72.6,440,1382,11.05
2101108,3,0,0,0,0,1,34.53,60.51,3.76,0.0,117.2,380,1398,25.23
2101073,2,1,0,0,0,1,32.13,76.32,3.35,1.94,134.5,428,1406,34.04
2101085,0,2,0,0,0,1,33.2,73.92,1.51,0.0,139.6,427,1439,46.45
2101156,0,1,1,0,0,1,29.18,47.42,1.55,0.56,103.3,457,1380,33.23
2101139,3,2,1,0,0,1,35.38,62.64,3.11,0.95,117.0,367,1392,42.41
2101088,4,2,0,0,1,0,31.72,61.68,3.51,0.54,87.1,488,1403,44.6
2101115,6,1,0,1,1,1,29.13,62.34,0.99,0.0,109.9,501,1381,38.5
2101008,5,2,0,1,1,1,28.94,53.7,2.75,0.0,83.6,485,1405,56.65
2101082,5,2,0,1,0,1,29.82,52.62,2.83,0.0,91.7,369,1390,48.97
2101090,1,0,1,0,0,1,27.01,47.34,2.38,0.0,77.4,379,1424,26.32
2101060,1,1,1,0,1,1,32.48,76.74,2.75,1.11,129.2,427,1431,41.93
2101041,4,0,1,0,0,1,27.02,52.25,3.82,0.64,92.7,365,1346,23.16
2101148,2,1,0,0,0,0,25.61,47.99,3.09,2.16,85.5,466,1404,23.67
2101003,6,0,0,1,1,1,27.71,60.79,1.56,0.2,111.2,510,1410,31.32
2101195,0,2,0,0,0,1,29.43,43.49,1.5,2.24,100.1,491,1397,34.41
2101195,2,0,0,0,0,1,33.04,80.7,2.84,0.0,136.0,459,1397,13.23
2101125,1,2,0,0,0,1,26.18,47.02,2.55,0.0,86.2,459,1404,46.0
2101059,6,2,1,1,1,0,30.63,55.31,2.54,0.59,106.3,426,1435,44.37
2101059,2,1,1,0,0,0,26.86,45.52,1.98,1.14,72.5,378,1439,19.13
2101107,5,1,0,1,1,1,32.14,57.57,1.39,0.0,84.8,465,1358,38.64
2101134,4,2,0,0,0,0,32.97,62.79,4.74,2.5,117.8,383,1399,38.01
2101072,1,1,0,0,0,1,33.09,82.9,1.74,0.0,122.0,418,1307,36.53
2101088,0,0,0,0,0,1,32.04,71.9,2.5,9.18,122.0,464,1412,16.21
2101011,4,0,1,0,0,1,29.31,54.03,3.73,0.0,76.8,419,1332,21.31
2101177,6,1,0,1,1,0,32.19,47.52,1.79,0.0,96.6,486,1439,40.05
2101180,3,1,0,0,0,1,34.1,65.68,4.02,0.85,124.1,413,1345,38.17
2101053,2,2,1,0,0,0,25.51,41.51,2.93,0.25,61.3,429,1397,45.23
2101187,6,0,0,1,1,0,30.04,51.32,2.44,0.0,114.5,355,1362,25.56
2101169,2,0,0,0,0,0,26.06,42.82,1.96,0.84,76.6,394,1415,22.73
2101038,1,2,0,0,0,1,33.17,80.44,1.94,1.82,127.2,487,1414,42.24
2101031,2,2,1,0,0,1,31.69,81.81,2.41,0.0,118.4,490,1329,48.39
2101084,4,2,0,0,1,1,27.87,52.39,3.96,1.36,82.2,402,1287,41.78
2101138,0,0,1,0,0,1,31.51,71.82,1.69,0.0,140.0,403,1435,20.16
2101075,3,1,0,0,0,1,26.36,54.66,2.46,0.0,75.6,478,1426,43.25
2101146,6,2,1,1,1,0,30.96,53.24,2.47,1.59,91.0,475,1371,53.54
2101034,0,2,1,0,1,1,30.66,72.32,1.45,0.02,148.0,512,1434,50.85
2101185,4,1,1,0,0,1,27.59,47.83,3.79,0.0,88.4,415,1423,34.05
2101132,3,1,0,0,1,1,26.5,55.72,2.72,1.57,69.9,464,1361,36.24
2101050,5,1,0,1,1,1,30.47,57.43,3.46,0.0,94.1,586,1407,42.12
2101156,6,0,0,1,1,1,30.06,66.92,2.32,0.0,104.1,494,1378,26.64
2101082,3,2,0,0,0,1,27.1,53.58,3.94,0.0,67.2,356,1399,42.85
2101152,5,1,0,1,1,1,30.52,56.51,4.0,0.19,80.6,529,1431,37.55
2101140,1,1,1,0,1,1,31.49,77.35,3.7,1.81,139.7,438,1294,44.43
2101135,6,2,0,1,1,1,29.62,66.08,1.97,0.21,124.5,483,1398,51.24
2101025,6,2,0,1,1,1,28.04,69.21,2.65,0.0,115.1,420,1388,57.25
2101004,3,2,0,0,0,1,24.8,57.09,3.61,0.0,74.1,479,1412,49.38
2101140,5,0,0,1,0,1,28.69,53.84,2.38,0.17,77.6,453,1311,22.25
2101046,4,2,0,0,0,1,29.96,54.34,4.02,0.0,80.0,439,1357,47.15
2101014,6,1,1,1,1,1,27.49,56.32,2.19,1.62,116.6,502,1363,43.84
2101103,6,1,1,1,1,1,29.15,64.84,3.06,0.0,114.1,453,1438,39.96
2101186,0,1,0,0,0,1,30.1,40.69,1.8,0.0,85.1,434,1439,30.04
2101140,5,0,1,1,1,1,29.9,61.01,3.94,0.0,74.5,481,1256,32.63
2101060,6,2,1,1,1,1,28.06,58.43,1.68,0.62,124.4,493,1420,51.19
2101077,4,1,0,0,0,0,32.65,63.89,3.92,0.59,108.0,343,1350,31.34
2101139,0,0,1,0,0,1,30.54,70.15,1.71,1.97,132.9,391,1393,18.59
2101090,2,2,1,0,1,1,32.35,73.98,3.87,0.0,114.3,401,1404,57.4
2101112,0,1,0,0,0,1,32.38,71.74,0.54,0.26,147.0,424,1374,35.06
2101168,6,0,0,1,1,0,30.55,56.0,2.96,0.02,96.7,450,1438,31.67
2101012,0,1,1,0,0,1,30.99,68.46,2.59,1.97,148.2,436,1352,34.24
2101005,3,0,0,0,0,1,34.48,70.01,3.72,0.48,127.6,430,1384,19.85
2101178,3,1,1,0,0,1,32.29,63.48,3.13,1.85,103.8,473,1361,24.67
2101054,3,2,1,0,0,1,26.24,55.31,3.25,0.04,82.5,469,1354,41.23
2101164,3,0,0,0,0,1,34.33,65.46,3.02,1.33,118.9,470,1353,18.66
2101058,0,2,0,0,0,1,29.45,68.54,3.7,6.98,131.2,438,1342,45.89
2101169,2,1,0,0,0,1,31.19,77.11,3.38,0.0,123.0,385,1321,33.06
2101198,0,0,1,0,0,1,30.48,64.17,2.61,9.18,126.5,459,1331,16.66
2101184,1,0,0,0,0,1,27.69,46.55,2.17,0.0,93.5,399,1357,28.97
2101046,3,0,1,0,0,1,33.46,59.26,2.93,0.0,119.1,442,1364,21.67
2101103,0,0,1,0,0,1,32.72,71.58,1.8,0.23,137.6,445,1439,10.04
2101010,4,0,1,0,0,0,33.38,56.61,3.47,0.0,100.0,470,1430,33.32
2101054,1,2,1,0,1,1,27.77,44.41,1.83,1.13,73.9,511,1388,53.22
2101083,1,1,0,0,0,1,32.93,77.25,3.13,1.87,127.0,394,1317,38.15
2101008,2,0,1,0,0,1,31.41,75.68,2.67,0.42,134.7,429,1389,29.33
2101130,1,2,1,0,0,1,33.01,75.26,1.52,0.72,125.6,436,1416,39.1
2101039,3,1,0,0,0,1,25.24,51.77,2.76,0.0,68.1,386,1424,44.58
2101031,1,2,0,0,0,1,34.11,73.68,1.52,0.0,129.8,512,1320,39.24
2101130,0,2,0,0,0,1,31.92,71.25,1.93,0.0,133.1,407,1414,33.86
2101168,6,2,1,1,1,0,31.9,56.94,3.0,2.37,96.4,434,1419,54.57
2101199,4,2,0,0,0,0,31.61,62.88,3.21,0.0,104.9,413,1338,41.14
2101040,1,0,0,0,0,1,28.42,47.86,1.92,0.51,82.6,446,1349,19.34
2101155,0,1,0,0,0,1,31.86,69.97,3.28,5.29,139.4,452,1373,23.38
2101141,5,1,0,1,1,1,28.95,56.47,3.23,0.0,79.6,439,1325,35.88
2101162,1,2,1,0,1,1,26.48,50.64,1.64,0.21,80.3,494,1430,51.4
2101033,2,0,1,0,0,0,25.87,42.32,1.87,0.0,63.5,365,1361,25.51
2101096,5,1,0,1,1,1,29.07,50.95,2.61,0.0,101.4,419,1439,52.11
2101176,6,2,0,1,1,0,31.17,49.78,2.39,0.59,92.9,423,1424,47.41
2101115,2,1,0,0,0,0,25.56,39.07,3.15,0.64,70.6,428,1372,35.22
2101041,3,0,0,0,0,1,34.03,65.92,2.24,0.0,106.5,405,1364,23.91
2101001,2,2,0,0,0,0,25.85,39.86,2.05,0.0,72.2,470,1384,48.12
2101146,3,1,1,0,0,1,34.33,65.94,4.1,0.72,129.4,435,1346,49.6
2101014,2,2,0,0,0,1,31.09,77.59,3.81,1.03,138.5,468,1350,45.04
2101167,4,1,1,0,0,1,28.69,52.55,3.89,0.0,80.0,501,1338,43.39
2101131,1,1,1,0,0,1,28.32,49.34,1.95,0.85,86.8,439,1300,37.0
2101051,5,1,0,1,1,1,30.66,61.21,2.21,0.0,83.9,501,1432,38.31
2101043,0,1,0,0,0,1,32.11,72.05,1.55,0.0,138.5,469,1391,29.98
2101019,3,0,0,0,0,1,34.26,66.68,3.38,1.79,113.9,434,1406,26.17
2101068,5,1,0,1,1,1,28.84,55.42,3.65,0.0,91.2,490,1346,37.5
2101117,0,0,1,0,0,1,29.89,45.4,2.67,0.05,96.9,455,1309,22.26
2101062,0,1,1,0,0,1,32.2,67.17,3.67,7.4,138.6,460,1417,36.33
2101100,6,0,0,1,1,1,29.17,60.63,2.11,0.0,123.5,458,1425,33.55
2101126,5,2,0,1,1,1,29.91,55.5,2.85,1.46,67.5,442,1337,60.77
2101096,0,2,1,0,0,1,31.4,68.32,2.56,0.0,143.7,362,1415,57.73
2101050,0,1,0,0,0,1,31.56,69.31,1.21,0.0,147.1,499,1416,37.31
2101156,1,1,0,0,0,1,28.26,47.39,2.0,0.0,71.5,455,1331,32.99
2101143,5,1,0,1,1,1,31.81,57.87,1.35,0.98,104.1,521,1432,42.16
2101093,5,0,0,1,1,1,28.91,54.92,4.24,0.71,69.8,463,1336,29.18
2101036,4,2,1,0,0,0,31.64,61.0,4.73,1.65,106.0,467,1408,46.2
2101099,2,2,0,0,0,1,32.39,76.75,2.91,0.0,129.3,445,1386,41.62
2101072,1,1,1,0,0,1,33.06,74.14,1.99,0.0,135.1,415,1356,47.25
2101097,4,0,0,0,0,0,32.6,64.57,2.65,1.81,101.5,490,1422,10.0
2101025,2,1,0,0,0,0,25.43,42.44,2.66,0.0,82.5,410,1430,37.78
2101091,1,0,0,0,1,1,33.74,73.39,2.73,1.11,139.3,413,1351,20.78
2101011,4,2,0,0,0,1,30.35,48.78,3.7,1.95,105.1,421,1344,37.82
2101081,4,2,0,0,0,0,34.02,62.61,3.48,0.98,109.3,405,1326,41.87
2101140,4,1,0,0,1,0,32.64,62.78,4.99,0.0,96.4,451,1300,36.35
2101033,2,1,0,0,0,0,25.68,44.05,2.59,0.0,62.4,362,1374,30.91
2101026,5,2,0,1,1,1,29.8,56.14,2.93,0.0,80.9,442,1437,54.07
2101059,6,0,1,1,1,0,31.86,49.45,2.56,1.03,108.8,421,1439,16.94
2101181,4,2,1,0,0,1,27.85,53.33,3.65,0.0,83.4,471,1360,48.63
2101053,4,2,0,0,0,0,33.51,58.77,5.21,0.95,106.9,461,1412,26.97
2101188,1,1,0,0,0,1,32.1,71.04,2.62,0.33,131.1,466,1406,41.43
2101050,5,2,1,1,1,1,28.96,58.82,2.78,0.23,74.2,561,1418,60.18
2101012,4,2,0,0,0,1,28.23,54.06,4.01,0.01,88.5,459,1340,36.96
2101156,4,2,0,0,0,1,28.34,48.68,4.34,0.0,101.1,462,1364,40.06
2101024,6,0,0,1,1,1,30.14,63.3,2.84,1.98,129.0,584,1389,25.31
2101023,0,2,0,0,0,1,28.41,35.35,1.41,0.26,95.4,397,1409,38.53
2101107,2,1,0,0,0,1,32.2,73.39,3.94,1.81,135.2,417,1294,27.38
2101041,1,2,1,0,0,1,28.15,48.63,1.76,0.0,72.4,378,1363,52.38
2101121,1,2,1,0,0,1,26.55,47.68,3.06,0.0,84.6,509,1395,43.93
2101105,5,0,0,1,1,1,30.08,59.63,1.68,1.99,73.5,457,1401,26.56
2101143,2,1,0,0,0,0,25.51,41.54,1.6,0.0,73.1,489,1439,22.58
2101063,3,1,0,0,0,1,35.1,66.23,3.65,0.16,132.9,462,1388,44.76
2101056,2,1,0,0,0,0,26.63,45.37,2.16,0.0,79.2,401,1371,33.61
2101048,4,2,0,0,0,1,28.54,46.19,4.44,0.0,95.2,398,1358,47.51
2101150,1,1,1,0,0,1,33.94,70.97,3.01,0.0,144.7,475,1293,25.49
2101075,6,2,0,1,1,0,30.18,56.13,2.56,0.0,103.6,490,1439,52.24
2101170,2,2,1,0,1,0,25.91,39.66,2.69,0.0,74.3,427,1378,42.15
2101100,0,0,0,0,0,1,30.21,73.66,2.0,0.75,136.9,433,1420,15.37
2101158,2,1,1,0,0,0,26.47,41.98,2.67,0.0,66.7,430,1283,39.81
2101135,6,1,0,1,0,1,29.65,70.68,1.93,2.05,114.5,479,1379,32.59
2101138,5,1,0,1,1,1,30.9,54.07,2.68,0.1,92.0,413,1420,47.72
2101194,3,0,0,0,0,1,27.03,50.88,4.05,1.67,74.8,475,1267,20.0
2101091,5,0,1,1,1,1,29.89,60.61,3.59,0.08,77.1,450,1403,37.75
2101170,5,1,0,1,1,1,30.4,57.63,2.09,0.95,99.0,438,1398,37.25
2101165,4,0,0,0,0,0,32.59,60.28,3.08,0.0,101.1,452,1420,10.0
2101086,1,1,1,0,0,1,32.17,72.81,1.9,0.0,130.7,472,1357,40.16
2101139,3,0,1,0,1,1,26.9,51.32,3.4,0.0,66.1,392,1405,25.81
2101090,4,0,1,0,0,0,31.37,59.46,3.44,0.0,96.4,386,1413,29.04
2101133,6,1,0,1,1,1,30.02,61.72,1.68,4.08,123.3,484,1432,46.62
2101083,6,1,0,1,1,0,30.86,50.74,1.46,0.0,90.0,410,1358,39.8
2101099,6,2,0,1,1,1,28.43,68.45,1.4,0.0,104.6,472,1401,53.27
2101048,2,1,0,0,0,1,31.76,71.88,3.08,0.97,131.5,405,1362,40.39
2101127,2,1,0,0,0,1,31.25,75.19,3.27,0.0,125.2,369,1338,33.05
2101190,5,0,1,1,1,1,30.9,57.72,1.77,0.47,86.1,436,1361,27.51
2101071,0,1,0,0,0,1,30.61,70.61,1.15,0.92,155.5,500,1332,27.46
2101014,0,2,0,0,0,1,30.28,44.96,2.04,0.0,93.3,490,1362,47.19
2101141,2,1,0,0,0,0,26.11,42.8,1.38,0.0,85.8,401,1326,29.88
2101041,2,0,0,0,0,0,26.76,42.5,2.61,0.0,78.2,390,1347,19.31
2101139,3,1,0,0,0,1,35.32,64.84,3.28,0.0,127.7,386,1423,26.82
2101132,2,2,0,0,0,1,29.56,82.81,3.25,0.8,131.4,437,1388,47.12
2101189,1,2,0,0,0,1,26.53,42.52,2.26,1.07,75.3,438,1338,45.31
2101118,2,0,0,0,0,0,26.04,38.04,2.95,1.57,78.1,382,1357,18.2
2101024,0,2,0,0,0,1,31.51,69.21,3.01,6.05,126.1,563,1385,42.26
2101056,6,2,0,1,1,1,29.21,65.79,2.34,0.32,115.5,444,1367,44.17
2101054,5,1,0,1,1,1,31.42,56.35,1.68,0.0,91.8,545,1384,45.43
2101187,2,1,0,0,0,1,31.73,77.46,3.57,0.0,141.5,337,1366,31.7
2101172,3,0,1,0,1,1,34.62,63.04,3.16,0.98,102.7,549,1428,25.5
2101082,6,0,0,1,1,1,28.24,63.45,2.65,0.0,120.9,418,1399,37.14
2101175,6,2,0,1,1,0,30.91,51.71,3.05,0.75,103.2,476,1439,51.52
2101119,0,0,0,0,0,1,28.13,67.77,3.37,6.96,116.1,467,1359,19.28
2101063,2,1,0,0,0,0,25.17,39.04,1.98,0.0,94.4,441,1386,43.27
2101019,1,2,1,0,0,1,29.56,53.87,2.02,0.0,79.8,410,1372,51.71
2101182,1,2,1,0,0,1,33.63,74.75,1.9,0.0,133.1,482,1307,41.85
2101178,1,0,0,0,0,1,27.36,51.03,2.52,0.0,92.5,461,1422,17.32
2101149,5,0,1,1,1,1,32.8,60.35,1.15,0.46,98.9,487,1433,28.3
2101021,5,0,0,1,1,1,29.97,53.76,2.72,0.63,97.6,435,1439,19.33
2101111,2,2,0,0,0,1,32.36,75.71,2.26,0.68,130.4,466,1434,43.19
2101079,2,0,0,0,0,1,31.92,77.26,2.66,1.3,134.7,479,1373,15.59
2101136,2,0,0,0,0,0,26.79,46.5,3.37,0.0,86.1,418,1314,19.04
2101177,3,1,0,0,1,1,26.54,49.43,2.75,0.0,86.7,452,1415,39.95
2101107,5,1,1,1,1,1,28.05,50.56,3.4,0.0,114.5,434,1309,43.97
2101189,0,0,0,0,0,1,30.23,43.05,2.38,0.0,95.8,473,1329,23.61
2101039,5,0,1,1,1,1,31.4,61.96,2.89,1.03,81.5,444,1439,29.44
2101021,0,0,0,0,0,1,32.81,62.51,2.95,8.99,117.4,383,1380,10.0
2101024,2,1,0,0,0,0,27.49,45.03,2.62,0.0,81.9,507,1401,29.1
2101036,3,1,0,0,0,1,25.58,53.33,3.33,0.0,71.6,488,1368,27.81
2101066,6,1,0,1,1,1,28.32,67.49,1.84,0.0,108.8,521,1436,39.18
2101062,1,0,0,0,0,1,26.46,49.05,1.6,1.17,93.5,450,1408,22.2
2101156,4,0,0,0,0,1,28.65,53.85,3.3,0.31,77.4,508,1358,19.76
2101057,5,2,0,1,1,1,29.0,59.73,4.02,0.0,75.5,507,1415,56.61
2101177,3,0,0,0,1,1,34.42,70.41,3.99,0.17,114.3,458,1425,22.56
2101151,0,0,1,0,1,1,32.3,68.41,1.42,0.0,155.6,457,1425,32.9
2101188,4,0,0,0,0,0,33.01,58.56,3.68,0.0,106.4,466,1422,22.17
2101198,4,2,0,0,0,0,33.39,59.67,3.81,0.0,87.4,467,1354,37.33
2101015,6,1,0,1,1,1,29.53,67.08,2.37,0.91,133.2,439,1390,47.27
2101136,6,1,1,1,1,1,29.05,59.57,1.91,0.0,105.1,470,1321,47.32
2101173,0,0,0,0,0,1,29.93,72.1,1.78,0.0,143.1,496,1393,16.19
2101007,0,1,0,0,1,1,29.98,41.83,2.02,0.79,74.4,344,1397,30.65
2101033,5,2,0,1,1,1,28.57,53.28,4.52,4.0,66.6,434,1347,51.11
2101060,1,2,1,0,0,1,33.82,74.58,2.0,0.0,127.2,414,1401,54.65
2101042,4,1,0,0,0,1,28.72,50.77,3.25,3.15,80.3,378,1323,37.81
2101160,1,2,1,0,0,1,32.6,72.95,2.07,0.0,126.5,471,1397,47.45
2101027,0,0,0,0,0,1,28.83,50.04,1.96,0.03,66.6,452,1439,18.15
2101184,5,0,0,1,1,1,27.57,59.22,3.28,0.0,96.5,401,1372,35.02
2101072,4,0,0,0,0,0,32.09,66.56,2.97,1.59,111.3,413,1367,29.56
2101119,5,0,1,1,1,1,30.79,58.69,1.88,0.13,111.2,532,1384,24.49
2101082,4,2,0,0,0,0,33.7,62.81,3.9,1.2,101.7,384,1409,46.2
2101070,3,2,0,0,0,1,26.8,53.15,2.65,1.19,82.2,451,1420,37.19
2101173,3,0,0,0,0,1,33.79,67.42,3.47,1.52,120.6,447,1427,19.77
2101071,0,1,1,0,0,1,31.21,64.13,3.52,7.06,131.5,499,1350,39.45
2101195,6,0,0,1,1,0,31.73,52.32,1.84,1.37,102.8,481,1439,27.51
2101127,0,2,0,0,0,1,28.93,40.41,1.96,0.0,92.2,393,1366,42.58
2101072,0,0,0,0,0,1,29.37,43.09,2.12,2.1,107.1,435,1342,18.37
2101172,1,1,1,0,0,1,27.26,44.04,2.31,0.0,86.5,524,1439,35.8
2101056,1,0,1,0,0,1,29.8,49.5,2.5,2.58,85.4,423,1326,19.0
2101068,0,2,0,0,0,1,29.53,45.22,2.43,0.0,93.0,478,1385,37.96
2101177,0,2,0,0,1,1,29.47,65.72,3.33,5.01,128.8,466,1430,46.81
2101038,5,2,0,1,1,1,29.78,57.89,2.7,1.41,79.9,532,1424,53.41
2101176,4,0,1,0,0,1,29.67,53.49,4.84,0.0,90.9,390,1427,25.99
2101001,3,2,1,0,1,1,25.95,44.77,2.81,1.0,69.5,483,1386,59.81
2101002,2,0,0,0,0,0,28.28,41.11,2.67,0.13,80.2,375,1388,10.0
2101028,5,2,0,1,0,1,31.62,60.44,2.01,1.25,83.9,419,1396,61.11
2101123,0,2,0,0,1,1,31.64,66.0,2.95,5.89,128.8,413,1388,42.15
2101170,6,1,0,1,1,0,30.04,58.3,1.94,0.83,92.5,425,1418,34.18
2101169,3,1,0,0,0,1,33.53,61.28,4.24,1.53,123.7,370,1329,33.01
2101125,5,2,0,1,1,1,28.27,57.97,2.05,0.0,98.8,485,1434,64.05
2101128,2,0,0,0,0,1,30.74,81.82,2.74,1.09,126.2,452,1311,16.61
2101198,5,0,0,1,1,1,27.34,57.9,3.17,0.95,90.0,490,1357,29.46
2101189,2,1,0,0,0,0,27.33,44.77,3.83,0.88,70.6,418,1383,38.99
2101014,1,0,1,0,1,1,32.5,76.53,1.85,0.0,130.8,475,1374,26.87
2101112,0,2,0,0,0,1,32.03,66.61,1.64,0.28,145.6,455,1366,43.14
2101073,6,2,0,1,1,0,31.17,50.22,2.87,0.0,102.3,459,1432,38.82
2101027,0,1,1,0,0,1,31.26,65.32,0.4,1.84,137.8,394,1405,41.0
2101159,2,0,0,0,1,1,31.56,78.84,2.82,0.0,133.3,473,1429,24.35
2101108,0,2,0,0,0,1,29.51,45.37,1.84,1.41,100.4,417,1383,47.21
2101132,0,1,1,0,0,1,30.63,65.66,2.09,7.82,127.2,420,1395,36.1
2101103,6,0,1,1,1,0,31.16,48.43,1.37,0.55,116.0,456,1424,21.29
2101014,5,1,1,1,1,1,29.21,56.73,2.91,0.0,82.4,514,1331,52.08
2101173,6,2,0,1,1,1,27.92,61.59,2.74,0.0,121.7,485,1435,51.99
2101080,5,0,0,1,1,1,28.49,58.43,3.42,0.88,94.4,444,1407,25.56
2101044,2,2,1,0,1,0,25.73,41.34,3.18,0.0,70.7,406,1404,42.46
2101127,6,1,1,1,1,0,31.09,46.07,1.74,0.0,97.4,446,1392,34.73
2101061,0,2,1,0,0,1,30.27,46.35,2.07,1.14,83.9,400,1366,38.68
2101137,3,2,0,0,0,1,35.38,62.47,4.16,0.04,114.7,419,1439,43.11
2101102,0,2,1,0,0,1,30.8,41.3,1.42,0.84,92.8,504,1423,41.83
2101090,5,1,0,1,0,1,31.96,63.56,1.32,0.64,97.9,417,1421,45.02
2101020,3,1,1,0,0,1,34.33,60.4,4.06,0.44,121.7,465,1369,37.94
2101038,0,2,1,0,0,1,31.7,72.31,2.81,7.47,114.1,505,1410,47.67
2101173,0,0,0,0,0,1,30.66,70.36,1.69,0.0,135.3,454,1420,18.92
2101193,1,0,1,0,0,1,33.75,76.97,2.24,1.89,137.9,483,1372,23.09
2101110,2,1,0,0,0,1,31.33,77.1,3.73,1.81,142.2,498,1387,37.13
2101093,0,2,0,0,0,1,31.31,67.45,4.07,8.06,130.2,424,1341,48.29
2101036,3,2,0,0,0,1,27.54,44.96,2.18,0.0,81.1,482,1375,46.41
2101143,6,2,0,1,1,1,27.92,68.1,2.22,1.3,103.0,495,1436,41.19
2101129,3,0,1,0,0,1,34.02,63.44,4.01,0.22,111.4,376,1331,25.32
2101107,3,0,0,0,0,1,25.9,54.69,2.11,0.88,77.7,414,1327,10.8
2101054,5,0,0,1,1,1,31.85,64.54,2.45,0.0,94.0,536,1373,30.73
2101017,0,2,0,0,0,1,30.86,47.07,2.72,0.0,99.0,351,1435,45.82
2101193,0,1,1,0,0,1,30.84,74.91,2.6,0.0,161.0,505,1389,40.24
2101048,2,0,0,0,0,0,24.11,45.02,1.57,0.42,85.1,408,1369,20.23
2101130,5,2,0,1,1,1,30.11,59.07,2.96,0.0,94.0,472,1435,42.87
2101013,2,1,0,0,0,0,27.44,44.73,2.94,1.21,87.5,304,1402,39.08
2101136,2,2,1,0,0,1,30.88,79.58,4.13,0.0,119.4,415,1321,53.66
2101038,1,1,0,0,0,1,27.63,48.52,1.46,0.0,93.3,478,1423,31.34
2101140,4,0,0,0,1,0,32.88,61.86,2.87,0.05,93.8,446,1332,24.23
2101040,0,2,1,0,0,1,29.49,67.55,3.54,8.36,133.0,431,1300,47.88
2101099,6,0,0,1,1,1,30.24,64.09,2.92,0.07,143.0,506,1376,28.36
2101083,2,0,1,0,1,1,32.57,80.3,3.3,0.0,111.5,413,1306,32.78
2101102,0,2,0,0,0,1,29.7,47.92,2.46,2.54,105.3,486,1396,34.56
2101065,0,1,0,0,1,1,30.08,70.51,3.1,7.33,116.5,482,1293,36.53
2101068,5,1,0,1,1,1,28.91,57.84,4.02,0.0,76.7,509,1394,44.18
2101073,3,0,0,0,0,1,25.93,55.67,3.37,2.66,73.4,429,1434,24.66
2101127,2,2,0,0,0,0,26.63,43.13,2.11,0.02,82.4,381,1396,41.34
2101163,0,1,0,0,0,1,30.58,71.52,0.87,0.87,146.2,434,1403,35.94
2101073,4,2,0,0,0,1,28.62,48.57,3.42,0.72,81.4,399,1439,45.45
2101005,0,1,0,0,0,1,29.58,43.28,3.19,0.0,105.1,451,1376,31.91
2101039,1,2,0,0,0,1,31.02,70.7,2.49,1.63,118.3,436,1434,49.59
2101021,3,2,0,0,0,1,35.35,65.53,2.91,0.0,121.4,387,1439,38.1
2101126,1,2,0,0,0,1,27.8,44.5,1.71,1.46,115.2,444,1371,40.38
2101161,3,0,1,0,1,1,25.2,50.62,2.76,0.0,59.5,450,1370,33.08
2101043,0,2,0,0,0,1,29.92,42.72,1.94,0.0,94.3,495,1377,45.11
2101107,2,1,0,0,0,0,25.22,42.35,2.98,0.0,74.5,396,1340,24.96
2101096,6,1,0,1,1,1,29.26,59.85,2.67,0.0,101.1,422,1427,44.39
2101088,3,0,0,0,0,1,25.14,46.9,1.96,0.0,62.5,484,1386,21.28
2101177,5,1,0,1,1,1,31.39,57.04,1.15,0.45,105.0,483,1436,47.71
2101054,2,0,0,0,0,0,26.7,47.72,2.03,0.0,76.2,469,1389,15.64
2101125,1,0,1,0,0,1,29.01,49.46,2.37,0.83,86.2,447,1381,24.16
2101108,1,2,1,0,0,1,33.34,78.21,1.76,0.0,122.9,441,1409,54.78
2101175,0,2,1,0,0,1,31.06,75.08,1.8,0.0,139.8,478,1394,45.08
2101045,2,1,0,0,1,0,27.24,46.39,3.16,2.9,61.9,533,1394,25.6
2101186,5,2,0,1,1,1,31.06,59.52,2.51,0.92,101.9,456,1439,47.55
2101171,1,0,0,0,0,1,27.6,45.74,1.65,0.0,90.8,421,1439,16.79
2101090,4,2,1,0,0,0,32.58,62.15,4.12,0.55,96.0,389,1439,48.68
2101164,3,0,0,0,1,1,33.01,64.45,3.86,0.0,118.6,464,1364,23.2
2101129,2,1,0,0,0,1,32.35,78.64,3.31,0.0,134.4,372,1352,32.0
2101065,5,0,0,1,1,1,29.26,58.52,3.0,0.0,81.3,542,1309,21.83
2101170,5,1,0,1,1,1,30.0,61.62,3.91,0.0,86.0,464,1363,35.42
2101005,6,1,1,1,1,0,30.18,50.75,3.71,0.0,111.3,475,1403,38.96
2101028,5,1,0,1,1,1,30.9,62.89,2.18,1.38,87.8,423,1409,47.62
2101177,1,1,1,0,1,1,27.35,45.84,2.24,0.0,85.8,471,1439,43.29
2101158,0,0,1,0,0,1,30.52,65.27,3.06,5.76,116.8,447,1249,28.48
2101060,5,1,0,1,0,1,31.6,51.34,2.5,0.0,92.7,487,1380,42.06
2101197,1,2,0,0,0,1,27.72,47.58,2.83,0.0,79.8,417,1350,36.89
2101131,6,1,1,1,1,0,31.5,54.85,2.25,0.91,99.5,435,1338,40.47
2101049,2,1,1,0,1,0,26.3,41.55,2.84,0.86,67.9,493,1368,37.03
2101171,6,0,0,1,1,0,31.41,52.57,2.86,0.0,96.4,458,1439,24.51
2101198,2,1,1,0,0,0,24.78,48.26,2.5,1.74,76.1,459,1357,27.77
2101159,1,2,0,0,0,1,26.0,44.64,1.98,1.64,85.6,446,1426,47.38
2101125,3,1,1,0,0,1,24.58,44.27,2.49,0.0,82.0,460,1429,44.65
2101172,0,0,0,0,0,1,30.98,65.47,3.36,5.88,132.1,523,1411,13.12
2101161,2,2,1,0,1,1,31.45,76.87,3.61,0.0,135.5,442,1358,55.18
2101098,1,2,0,0,0,1,28.03,50.5,2.54,0.7,91.5,397,1356,47.46
2101151,6,1,1,1,1,0,31.43,48.89,1.84,0.59,114.0,472,1430,37.89
2101168,5,0,0,1,1,1,31.27,61.68,1.89,0.0,98.0,452,1431,33.12
2101007,3,2,0,0,0,1,33.38,69.74,2.55,2.11,106.5,361,1356,39.82
2101092,0,0,1,0,0,1,30.7,65.68,1.53,0.0,142.9,461,1337,19.38
2101187,6,2,1,1,1,0,30.11,51.24,1.82,0.0,96.7,401,1370,46.58
2101053,5,1,0,1,0,1,30.6,49.09,3.53,0.31,67.3,460,1372,33.08
2101123,1,1,0,0,1,1,34.21,73.6,2.76,0.0,121.4,416,1373,31.87
2101096,6,2,0,1,1,0,30.45,45.13,3.4,0.09,105.0,393,1439,60.45
2101117,0,0,0,0,0,1,30.59,67.69,2.75,7.03,145.1,447,1358,17.31
2101067,0,0,0,0,0,1,31.56,72.63,2.79,9.84,143.1,380,1413,29.66
2101127,3,2,0,0,0,1,35.24,64.63,3.03,0.39,103.1,377,1372,47.7
2101153,0,2,0,0,0,1,30.32,70.73,2.16,0.79,154.0,460,1344,38.85
2101147,3,2,0,0,0,1,26.91,55.46,2.55,0.0,85.5,404,1358,41.75
2101166,0,0,0,0,0,1,32.47,74.9,2.42,0.0,146.4,412,1310,30.77
2101051,4,0,0,0,0,0,30.71,59.55,3.29,0.0,116.9,436,1435,14.72
2101029,0,1,0,0,1,1,28.95,45.63,2.54,2.36,102.1,495,1418,38.25
2101108,6,2,0,1,1,1,28.69,64.34,2.06,2.23,116.8,453,1422,58.35
2101033,1,2,0,0,0,1,33.71,75.34,2.08,2.42,127.6,352,1314,55.25
2101125,2,2,0,0,0,0,27.93,38.23,2.81,2.52,84.3,429,1425,42.0
2101077,0,1,1,0,1,1,29.57,43.92,2.6,1.72,97.9,348,1335,44.23
2101143,1,2,0,0,0,1,33.76,72.44,2.11,0.0,123.3,488,1439,40.83
2101093,5,0,0,1,1,1,28.48,55.95,3.45,0.0,80.3,482,1388,28.14
2101112,5,0,1,1,1,1,30.74,56.05,3.14,1.51,93.6,513,1385,24.24
2101191,0,1,0,0,0,1,29.6,42.07,2.42,0.0,89.9,377,1324,29.95
2101126,0,0,1,0,0,1,29.46,68.8,2.78,8.36,133.2,428,1355,30.92
2101188,2,2,0,0,0,0,25.89,36.8,0.92,0.0,79.6,453,1398,47.62
2101049,6,2,0,1,1,1,27.86,62.84,2.45,0.0,126.7,505,1345,49.77
2101193,0,0,0,0,0,1,30.51,71.3,1.94,7.43,127.4,506,1348,24.57
2101043,1,0,0,0,0,1,27.45,48.4,2.45,0.0,93.7,513,1396,11.98
2101146,4,0,0,0,0,0,33.34,55.21,4.02,0.0,96.1,416,1369,29.35
2101010,2,0,1,0,0,1,32.9,68.06,2.38,1.03,136.3,479,1411,28.91
2101135,1,1,1,0,0,1,27.5,44.17,2.84,0.0,74.6,480,1412,41.55
2101176,2,1,1,0,0,1,31.84,75.37,2.48,1.15,116.6,376,1395,36.66
2101054,4,2,1,0,0,1,27.82,47.86,4.11,0.0,83.6,500,1335,53.31
2101032,6,1,1,1,1,1,30.89,62.63,2.51,0.49,131.2,443,1432,48.64
2101075,3,2,0,0,1,1,34.59,67.51,3.07,0.0,122.0,515,1418,53.48
2101014,1,2,1,0,0,1,27.01,41.15,2.16,1.52,85.8,474,1371,49.05
2101001,0,2,0,0,0,1,32.39,69.24,1.74,0.0,135.3,462,1361,59.85
2101086,2,0,0,0,0,1,32.62,81.36,2.4,0.59,148.6,445,1368,20.15
2101166,5,1,1,1,1,1,31.65,56.08,3.28,0.85,85.7,457,1340,54.93
2101081,6,2,0,1,1,1,29.43,63.88,2.25,0.0,122.3,463,1296,53.03
2101055,0,2,0,0,1,1,30.15,74.11,3.71,6.41,123.7,419,1426,51.72
2101045,2,0,1,0,0,0,25.76,43.58,2.44,0.0,85.5,525,1406,13.28
2101016,1,2,1,0,1,1,29.72,44.39,2.55,0.0,105.0,477,1364,49.68
2101079,1,2,0,0,0,1,27.64,49.63,2.31,0.0,75.3,490,1337,35.38
2101063,0,0,0,0,0,1,30.85,76.43,0.82,0.0,141.9,446,1352,24.1
2101090,5,0,0,1,1,1,31.75,57.66,2.11,0.69,98.0,425,1439,36.03
2101065,0,0,1,0,1,1,29.21,71.35,3.26,10.38,136.7,493,1295,17.95
2101118,6,1,0,1,1,0,30.71,48.33,2.88,0.0,107.0,416,1372,44.07
2101145,3,0,0,0,0,1,33.66,69.13,3.21,0.39,123.3,540,1439,18.58
2101003,3,0,0,0,1,1,34.57,66.05,3.78,0.02,115.6,471,1368,29.42
2101002,3,0,1,0,0,1,26.35,50.33,2.13,1.63,81.6,408,1370,19.94
2101056,0,0,0,0,0,1,32.79,69.24,0.01,0.0,148.5,425,1343,21.83
2101046,0,1,0,0,0,1,32.22,71.84,3.24,5.83,120.3,462,1335,37.27
2101018,6,0,0,1,1,1,29.11,61.77,1.48,0.0,119.9,515,1439,19.3
2101179,1,1,1,0,0,1,27.3,44.57,1.77,0.0,102.4,499,1429,35.45
2101018,0,2,1,0,0,1,29.45,40.69,2.1,0.25,95.7,448,1416,45.69
2101171,4,0,0,0,0,1,28.41,48.68,3.58,0.0,88.1,423,1429,24.25
2101014,1,1,0,0,0,1,27.39,46.88,2.27,0.0,75.2,472,1346,40.1
2101126,0,2,0,0,0,1,29.54,50.85,2.49,0.0,82.9,438,1361,47.59
2101077,4,0,0,0,0,0,33.02,64.29,3.67,0.0,101.4,319,1348,23.92
2101112,6,2,0,1,1,0,31.14,50.33,3.17,0.44,109.7,447,1432,40.54
2101104,4,2,1,0,0,1,26.27,54.74,3.73,0.0,88.3,469,1439,48.0
2101045,0,0,0,0,0,1,31.45,69.27,1.7,0.0,132.6,554,1334,19.11
2101021,0,2,1,0,0,1,31.51,71.16,2.4,1.55,144.8,411,1439,38.28
2101175,3,0,1,0,0,1,27.39,48.52,2.27,2.61,68.0,458,1413,28.49
2101146,5,2,0,1,1,1,30.9,64.13,2.57,0.62,83.6,472,1375,66.92
2101152,5,1,0,1,1,1,28.42,55.03,3.27,0.0,88.7,520,1439,42.24
2101123,0,0,0,0,0,1,32.78,68.67,1.84,2.2,141.5,421,1338,22.57
2101103,6,0,0,1,1,1,28.91,62.85,2.31,2.8,118.4,458,1434,22.6
2101170,1,1,0,0,0,1,33.23,79.71,2.16,0.1,133.6,396,1371,24.41
2101033,6,2,0,1,1,0,31.88,46.18,2.96,0.47,97.3,392,1382,49.15
2101121,0,0,0,0,0,1,31.14,69.03,2.44,9.41,130.5,480,1395,18.12
2101043,1,1,0,0,0,1,33.27,76.77,2.15,0.19,123.7,464,1373,37.46
2101130,2,0,0,0,0,0,25.42,44.24,1.87,1.43,79.9,436,1439,10.0
2101076,3,1,0,0,0,1,26.68,45.93,3.66,0.67,85.0,392,1341,36.98
2101086,6,0,1,1,0,0,30.58,56.18,3.05,0.0,99.2,478,1420,21.18
2101066,1,2,0,0,0,1,32.95,73.19,2.62,0.0,126.3,469,1419,45.83
2101119,0,1,0,0,1,1,31.63,45.24,1.75,0.06,101.7,495,1355,32.97
2101013,6,2,1,1,1,0,32.31,56.53,2.4,0.0,117.3,372,1422,59.25
2101154,6,0,0,1,0,1,28.18,66.03,2.16,2.22,119.4,486,1343,32.74
2101081,3,0,0,0,0,1,26.53,51.36,1.87,1.74,55.0,429,1313,19.43
2101196,5,0,1,1,1,1,31.17,62.48,2.13,0.53,98.9,534,1398,33.87
2101090,0,1,0,0,0,1,31.18,73.55,2.21,0.91,160.2,410,1409,40.78
2101025,1,2,0,0,0,1,26.62,50.15,2.45,0.05,83.7,409,1417,51.28
2101058,4,1,0,0,0,0,33.14,60.29,3.42,1.35,108.7,437,1364,40.41
2101092,3,1,1,0,0,1,27.77,52.99,1.69,1.86,66.1,467,1410,30.81
2101077,5,2,0,1,1,1,29.6,57.49,2.95,0.6,87.0,411,1329,54.65
2101053,5,0,0,1,1,1,30.59,61.63,1.37,0.0,87.9,492,1380,22.22
2101067,6,0,0,1,1,1,29.74,62.17,2.56,0.0,116.3,417,1422,32.56
2101146,0,2,0,0,1,1,29.85,39.89,2.13,2.85,99.6,422,1365,52.06
2101075,0,2,1,0,0,1,28.67,43.42,3.08,0.41,89.1,496,1434,48.53
2101031,4,0,0,0,1,1,26.94,52.2,3.01,0.0,89.9,533,1335,22.93
2101124,4,0,0,0,0,1,28.37,48.72,3.65,0.0,75.4,438,1324,18.81
2101148,6,1,1,1,0,1,29.9,61.68,1.64,0.0,117.3,508,1439,37.7
2101099,0,2,1,0,0,1,31.23,69.31,2.36,8.74,123.1,427,1379,46.66
2101145,2,0,1,0,0,1,31.24,75.43,3.46,0.32,117.6,521,1431,18.48
2101040,6,2,0,1,0,0,31.31,55.51,1.46,0.15,100.1,452,1381,43.72
2101029,0,1,0,0,0,1,31.99,70.63,3.96,4.9,135.8,481,1439,38.62
2101159,4,2,1,0,0,0,32.1,59.31,4.51,3.07,83.7,460,1439,49.73
2101158,0,1,0,0,0,1,31.38,69.73,1.18,1.31,137.7,433,1253,36.83
2101103,1,1,1,0,0,1,27.07,49.71,3.1,0.0,85.8,414,1423,27.48
2101097,4,1,0,0,0,1,29.71,54.74,3.18,0.0,89.3,508,1414,25.79
2101092,4,2,0,0,1,1,28.49,54.11,3.77,0.0,95.1,463,1383,46.7
2101044,5,1,1,1,0,1,28.48,51.71,3.06,0.13,74.9,446,1372,40.38
2101142,2,2,1,0,0,0,25.47,36.06,2.27,0.0,59.9,411,1439,45.21
2101076,2,2,0,0,1,1,31.53,76.05,3.58,1.54,130.2,427,1305,52.34
2101150,5,0,0,1,1,1,29.6,54.97,3.68,1.08,85.3,507,1338,25.35
2101088,6,2,0,1,1,0,31.73,56.81,2.81,1.55,108.1,482,1432,47.86
2101169,5,1,0,1,1,1,28.2,55.5,3.0,0.0,76.0,420,1385,47.32
2101169,5,0,1,1,1,1,29.83,60.45,2.87,0.0,95.0,405,1340,44.58
2101162,0,0,0,0,1,1,30.1,71.12,2.31,7.93,115.9,507,1439,18.55
2101054,0,0,0,0,1,1,31.52,75.09,1.12,0.0,154.8,499,1331,29.18
2101134,5,1,0,1,1,1,28.81,50.82,3.15,0.0,82.2,431,1397,44.58
2101150,2,0,1,0,1,0,25.81,42.02,2.25,0.3,58.6,482,1331,10.12
2101144,0,1,0,0,0,1,29.37,40.12,2.21,0.89,80.6,471,1405,23.35
2101175,4,2,0,0,0,1,28.17,54.16,3.54,0.0,87.2,470,1414,44.0
2101032,0,2,0,0,0,1,30.16,71.23,3.38,6.87,123.1,405,1412,53.77
2101131,0,2,1,0,0,1,29.06,43.02,2.07,0.97,87.2,393,1295,47.14
2101140,1,0,0,0,1,1,32.2,76.49,1.73,2.81,128.4,478,1293,26.71
2101072,3,0,1,0,0,1,26.94,51.75,2.02,2.09,77.8,426,1359,31.34
2101051,3,2,0,0,0,1,33.43,67.98,3.45,0.0,113.7,480,1427,43.86
2101113,3,2,0,0,1,1,34.48,71.16,3.5,0.0,116.2,544,1264,47.05
2101052,2,2,0,0,0,1,32.58,79.4,3.19,3.44,136.1,380,1245,45.35
2101118,2,0,1,0,1,1,32.68,77.05,3.07,0.0,124.1,416,1357,31.48
2101024,6,2,1,1,0,1,29.34,59.88,2.17,2.22,108.5,532,1385,48.13
2101079,5,1,0,1,1,1,32.05,58.74,1.64,0.97,87.2,509,1359,45.91
2101079,1,1,1,0,0,1,33.31,79.35,2.07,1.57,130.4,503,1328,33.8
2101146,2,1,1,0,0,1,31.11,75.48,2.85,0.48,140.5,400,1342,44.3
2101004,5,1,1,1,1,1,31.94,64.65,1.09,0.79,73.1,495,1432,50.22
2101073,5,2,0,1,0,1,28.89,57.1,2.85,0.6,87.0,439,1439,47.85
2101131,4,2,0,0,0,0,32.21,63.59,3.24,0.01,103.3,398,1329,37.07
2101099,0,0,0,0,0,1,30.81,68.42,3.38,6.97,126.0,417,1387,22.13
2101149,5,2,0,1,1,1,28.58,55.37,2.48,1.98,100.6,492,1407,48.3
2101173,1,0,1,0,0,1,28.65,43.44,2.9,0.0,94.1,444,1408,15.93
2101155,0,1,0,0,0,1,31.25,71.38,3.62,9.65,107.5,465,1410,33.27
2101067,5,1,0,1,1,1,31.27,62.28,2.45,0.0,92.9,403,1410,38.87
2101026,2,2,1,0,0,1,31.66,74.97,2.97,0.17,129.6,400,1381,48.18
2101018,4,0,0,0,0,0,32.65,58.06,3.4,0.81,102.9,473,1437,10.73
2101128,1,1,0,0,0,1,32.87,76.48,3.46,0.56,120.3,489,1306,37.37
2101026,0,0,0,0,0,1,30.59,71.93,3.39,9.74,142.4,401,1374,21.73
2101167,3,2,0,0,0,1,34.73,68.03,3.79,0.01,114.3,522,1358,48.91
2101116,6,1,0,1,0,0,31.93,51.76,2.8,0.76,98.1,432,1439,29.96
2101008,3,2,0,0,0,1,35.06,70.59,3.66,0.0,133.7,443,1331,45.49
2101158,0,2,0,0,0,1,29.96,67.92,3.57,6.1,120.1,448,1261,48.18
2101039,2,0,1,0,0,1,30.52,75.51,4.1,0.58,115.4,389,1431,29.3
2101198,0,2,1,0,0,1,30.2,45.97,1.22,1.38,91.0,511,1359,50.29
2101054,0,2,0,0,0,1,32.48,66.11,3.2,8.3,126.2,521,1336,50.14
2101110,0,2,0,0,0,1,29.67,42.28,1.38,0.2,86.2,508,1410,45.45
2101092,6,2,0,1,1,1,29.83,63.32,3.23,1.95,118.0,492,1395,56.93
2101071,6,2,1,1,1,1,30.66,66.26,3.05,0.0,119.7,496,1374,51.26
2101035,4,2,0,0,0,1,27.55,53.0,3.48,0.37,83.2,503,1380,45.73
2101013,4,2,0,0,1,1,27.43,49.16,3.43,0.0,77.7,364,1364,54.42
2101108,1,0,1,0,0,1,27.79,42.53,2.92,1.5,80.8,432,1396,30.45
2101196,1,2,0,0,0,1,28.18,46.94,2.35,0.0,69.8,470,1413,47.23
2101069,5,2,0,1,1,1,30.12,55.02,3.63,0.0,72.7,514,1434,48.16
2101060,6,2,1,1,1,0,31.73,48.24,3.31,0.0,92.8,472,1421,48.99
2101131,0,2,0,0,0,1,30.55,70.39,4.34,6.72,113.6,437,1291,50.09
2101199,6,2,1,1,1,1,28.61,66.76,2.5,0.01,124.6,446,1329,48.08
2101106,5,1,1,1,0,1,30.8,62.87,1.83,2.16,95.7,477,1419,41.96
2101193,6,0,0,1,1,0,29.49,54.73,1.63,0.0,86.6,511,1392,22.47
2101137,3,0,0,0,0,1,24.7,54.79,2.99,0.0,73.7,429,1439,16.4
2101159,6,0,1,1,1,1,28.48,65.29,2.03,0.0,99.0,494,1428,22.73
2101050,1,0,0,0,0,1,33.83,76.16,2.64,0.0,136.9,513,1384,28.55
2101110,1,2,0,0,0,1,33.89,72.05,2.53,0.0,123.6,492,1394,52.02
2101141,3,2,1,0,1,1,34.6,67.1,3.47,0.0,124.8,418,1342,46.7
2101073,6,0,0,1,0,0,31.12,52.03,2.56,0.56,113.6,413,1439,23.92
2101147,2,1,0,0,0,1,31.02,79.21,3.57,0.0,131.8,407,1354,36.94
2101077,0,2,0,0,0,1,30.15,43.18,1.96,0.0,95.1,330,1310,41.82
2101144,1,2,0,0,0,1,28.32,46.01,1.97,0.0,79.4,481,1389,49.26
2101091,0,1,0,0,0,1,30.7,73.64,2.45,7.15,122.6,370,1378,34.84
2101014,4,2,0,0,0,1,28.55,51.53,4.16,0.0,93.1,472,1343,44.33
2101020,3,0,1,0,0,1,34.26,69.02,3.12,0.0,150.2,443,1367,15.95
2101189,4,2,0,0,0,1,28.19,48.93,4.17,0.2,87.4,454,1363,51.77
2101127,5,2,0,1,1,1,29.64,56.37,3.48,0.0,83.7,441,1393,46.5
2101115,3,1,0,0,0,1,24.96,54.37,2.36,0.0,68.0,438,1386,30.94
2101154,3,0,0,0,0,1,27.19,55.87,3.57,1.82,79.3,434,1298,30.99
2101055,4,0,0,0,1,0,32.16,58.35,4.82,0.4,95.3,432,1408,22.81
2101073,3,1,1,0,0,1,26.35,53.12,1.88,1.18,59.4,398,1425,33.03
2101087,2,0,0,0,0,1,30.75,82.53,4.34,1.76,126.6,350,1371,31.95
2101131,2,0,0,0,0,0,27.61,37.76,2.21,0.0,65.2,417,1329,16.68
2101104,6,0,0,1,1,1,30.06,64.59,2.39,1.08,125.5,517,1436,27.62
2101055,0,2,0,0,0,1,30.38,70.78,2.87,9.11,136.0,431,1413,46.15
2101104,4,1,0,0,1,0,31.45,62.86,2.74,0.31,98.5,470,1436,34.88
2101075,4,1,0,0,0,0,31.81,69.69,4.13,0.0,96.1,487,1433,33.35
2101050,2,1,0,0,0,0,25.65,45.36,3.32,0.0,59.0,523,1411,35.37
2101039,5,2,0,1,1,1,31.32,59.68,2.08,0.26,76.2,444,1434,57.0
2101053,3,0,0,0,0,1,28.29,48.95,3.48,0.0,65.4,460,1377,11.05
2101108,3,0,0,0,0,1,32.96,64.84,3.93,1.77,126.2,390,1384,25.23
2101073,2,1,0,0,0,1,32.99,77.2,3.5,0.05,140.9,433,1418,34.04
2101085,0,2,0,0,0,1,32.4,72.12,1.8,0.97,139.4,430,1427,46.45
2101156,0,1,1,0,0,1,30.05,43.36,2.14,0.0,80.9,467,1373,33.23
2101139,3,2,1,0,0,1,34.98,71.11,2.98,0.0,116.5,368,1389,42.41
2101088,4,2,0,0,1,0,32.45,60.43,4.16,0.0,92.5,463,1418,44.6
2101115,6,1,0,1,1,1,29.09,65.64,1.69,0.75,112.0,474,1405,38.5
2101008,5,2,0,1,1,1,28.75,53.56,3.64,2.82,89.6,488,1389,56.65
2101082,5,2,0,1,0,1,29.09,52.71,3.35,1.41,95.1,373,1384,48.97
2101090,1,0,1,0,0,1,27.32,45.26,2.97,0.0,82.5,395,1425,26.32
2101060,1,1,1,0,1,1,33.97,77.35,2.47,0.0,122.4,425,1436,41.93
2101041,4,0,1,0,0,1,27.22,50.39,3.71,1.01,85.7,371,1353,23.16
2101148,2,1,0,0,0,0,25.41,47.83,3.13,0.0,79.8,483,1380,23.67
2101003,6,0,0,1,1,1,27.58,64.52,1.01,2.97,115.6,502,1388,31.32
2101195,0,2,0,0,0,1,28.3,50.35,1.23,2.4,79.3,488,1393,34.41
2101195,2,0,0,0,0,1,31.39,79.74,1.91,0.0,140.0,478,1383,13.23
2101125,1,2,0,0,0,1,28.46,44.75,2.5,0.0,89.7,444,1410,46.0
2101059,6,2,1,1,1,0,33.01,46.61,2.35,0.0,106.5,444,1439,44.37
2101059,2,1,1,0,0,0,27.56,47.6,2.21,0.0,70.5,365,1430,19.13
2101107,5,1,0,1,1,1,30.36,59.48,2.01,0.0,84.1,467,1353,38.64
2101134,4,2,0,0,0,0,32.74,62.33,4.73,0.44,100.9,380,1403,38.01
2101072,1,1,0,0,0,1,31.98,77.9,2.13,0.0,130.9,406,1312,36.53
2101088,0,0,0,0,0,1,31.94,65.16,2.91,9.01,126.2,468,1409,16.21
2101011,4,0,1,0,0,1,29.76,45.85,2.92,0.0,84.6,411,1334,21.31
2101177,6,1,0,1,1,0,31.39,56.66,2.16,1.32,106.2,496,1434,40.05
2101180,3,1,0,0,0,1,34.23,67.6,3.55,0.0,123.7,408,1344,38.17
2101053,2,2,1,0,0,0,26.2,43.62,2.51,1.13,61.0,432,1421,45.23
2101187,6,0,0,1,1,0,28.89,56.32,1.8,0.0,107.8,369,1367,25.56
2101169,2,0,0,0,0,0,24.42,38.8,1.47,0.46,54.2,383,1399,22.73
2101038,1,2,0,0,0,1,33.6,80.63,2.7,1.58,120.2,484,1420,42.24
2101031,2,2,1,0,0,1,32.22,82.79,2.71,2.95,124.1,480,1339,48.39
2101084,4,2,0,0,1,1,29.08,47.18,3.42,0.0,79.2,404,1302,41.78
2101138,0,0,1,0,0,1,31.69,72.26,1.59,0.16,141.6,399,1439,20.16
2101075,3,1,0,0,0,1,25.86,50.02,3.19,0.0,55.6,486,1435,43.25
2101146,6,2,1,1,1,0,31.35,52.39,3.98,0.0,100.8,462,1394,53.54
2101034,0,2,1,0,1,1,32.12,75.59,2.62,0.47,147.4,528,1426,50.85
2101185,4,1,1,0,0,1,27.98,53.32,3.38,0.12,76.7,418,1420,34.05
2101132,3,1,0,0,1,1,25.62,55.36,2.27,0.18,69.6,462,1390,36.24
2101050,5,1,0,1,1,1,29.7,59.43,2.07,0.0,79.3,579,1412,42.12
2101156,6,0,0,1,1,1,30.11,60.56,1.54,0.29,99.7,507,1387,26.64
2101082,3,2,0,0,0,1,26.26,58.71,2.34,0.0,52.6,355,1397,42.85
2101152,5,1,0,1,1,1,29.2,57.05,4.06,0.0,88.7,528,1436,37.55
2101140,1,1,1,0,1,1,32.93,73.15,2.88,1.79,125.0,450,1311,44.43
2101135,6,2,0,1,1,1,28.05,64.0,1.68,0.0,124.6,465,1397,51.24
2101025,6,2,0,1,1,1,27.13,65.91,2.03,0.0,120.2,458,1391,57.25
2101004,3,2,0,0,0,1,25.52,52.62,2.82,0.3,62.5,476,1418,49.38
2101140,5,0,0,1,0,1,29.07,56.18,2.9,0.39,84.9,471,1307,22.25
2101046,4,2,0,0,0,1,29.05,43.57,4.24,0.0,102.5,440,1365,47.15
2101014,6,1,1,1,1,1,29.58,66.86,1.05,0.25,100.2,509,1371,43.84
2101103,6,1,1,1,1,1,29.49,66.75,2.37,0.86,100.2,449,1439,39.96
2101186,0,1,0,0,0,1,30.51,40.19,1.81,0.0,98.3,437,1439,30.04
2101140,5,0,1,1,1,1,28.95,59.68,3.58,0.0,71.8,494,1283,32.63
2101060,6,2,1,1,1,1,29.75,63.78,0.82,1.64,139.6,491,1418,51.19
2101077,4,1,0,0,0,0,31.75,63.78,4.23,0.0,106.5,348,1343,31.34
2101139,0,0,1,0,0,1,30.93,76.69,0.74,0.0,122.1,391,1379,18.59
2101090,2,2,1,0,1,1,32.19,73.37,3.22,0.88,128.8,392,1405,57.4
2101112,0,1,0,0,0,1,31.64,71.55,0.41,0.79,140.1,444,1365,35.06
2101168,6,0,0,1,1,0,31.31,51.34,2.72,1.77,103.7,450,1434,31.67
2101012,0,1,1,0,0,1,29.79,76.1,3.48,0.0,143.8,441,1371,34.24
2101005,3,0,0,0,0,1,33.47,61.62,3.68,0.0,112.3,418,1390,19.85
2101178,3,1,1,0,0,1,32.94,61.26,3.31,1.75,104.4,471,1360,24.67
2101054,3,2,1,0,0,1,26.52,54.22,1.78,1.43,66.1,461,1363,41.23
2101164,3,0,0,0,0,1,34.21,69.55,3.16,0.92,107.6,484,1360,18.66
2101058,0,2,0,0,0,1,29.99,71.03,3.8,5.91,128.6,435,1330,45.89
2101169,2,1,0,0,0,1,31.3,77.24,2.85,0.61,124.3,379,1345,33.06
2101198,0,0,1,0,0,1,30.51,68.23,3.24,6.99,122.4,462,1339,16.66
2101184,1,0,0,0,0,1,27.91,49.72,1.63,0.0,87.5,395,1364,28.97
2101046,3,0,1,0,0,1,33.35,62.86,2.6,0.61,115.4,433,1357,21.67
2101103,0,0,1,0,0,1,32.42,69.75,1.41,0.65,127.7,420,1439,10.04
2101010,4,0,1,0,0,0,31.58,56.59,3.15,0.64,94.9,476,1428,33.32
2101054,1,2,1,0,1,1,28.65,46.63,2.47,0.56,70.1,512,1358,53.22
2101083,1,1,0,0,0,1,32.4,76.77,3.63,2.36,135.2,371,1310,38.15
2101008,2,0,1,0,0,1,31.99,73.04,2.81,0.0,139.0,436,1414,29.33
2101130,1,2,1,0,0,1,32.59,77.15,2.72,1.52,125.6,425,1409,39.1
2101039,3,1,0,0,0,1,26.42,46.62,3.82,0.0,56.9,400,1435,44.58
2101031,1,2,0,0,0,1,33.19,72.18,1.92,1.61,124.5,504,1333,39.24
2101130,0,2,0,0,0,1,32.19,69.7,1.75,0.0,142.7,395,1424,33.86
2101168,6,2,1,1,1,0,31.28,53.03,3.34,2.54,99.0,415,1439,54.57
2101199,4,2,0,0,0,0,33.42,66.77,3.17,1.66,108.7,409,1358,41.14
2101040,1,0,0,0,0,1,28.22,49.87,3.48,0.0,80.4,431,1320,19.34
2101155,0,1,0,0,0,1,30.8,73.71,4.05,8.9,123.9,438,1381,23.38
2101141,5,1,0,1,1,1,29.65,58.91,3.18,0.74,87.3,435,1334,35.88
2101162,1,2,1,0,1,1,26.94,48.62,2.4,1.06,84.2,505,1439,51.4
2101033,2,0,1,0,0,0,26.71,47.21,1.8,0.01,67.8,373,1359,25.51
2101096,5,1,0,1,1,1,29.1,54.6,3.39,0.0,82.5,407,1439,52.11
2101176,6,2,0,1,1,0,29.89,53.55,1.75,0.0,105.9,424,1429,47.41
2101115,2,1,0,0,0,0,26.0,42.1,2.37,0.0,83.6,419,1364,35.22
2101041,3,0,0,0,0,1,33.47,61.21,3.36,0.15,123.8,404,1375,23.91
2101001,2,2,0,0,0,0,27.33,38.68,2.57,0.0,71.2,466,1371,48.12
2101146,3,1,1,0,0,1,33.76,66.3,4.2,0.0,127.5,435,1337,49.6
2101014,2,2,0,0,0,1,31.55,77.33,3.78,0.05,122.4,483,1356,45.04
2101167,4,1,1,0,0,1,28.73,50.43,3.78,1.35,83.8,503,1382,43.39
2101131,1,1,1,0,0,1,26.19,43.75,2.57,0.0,88.1,416,1306,37.0
2101051,5,1,0,1,1,1,31.3,59.81,0.9,1.64,85.2,500,1439,38.31
2101043,0,1,0,0,0,1,30.87,70.72,1.06,0.0,148.1,466,1394,29.98
2101019,3,0,0,0,0,1,35.83,61.98,3.79,0.97,128.4,408,1402,26.17
2101068,5,1,0,1,1,1,30.24,54.85,2.69,1.84,93.8,484,1362,37.5
2101117,0,0,1,0,0,1,29.99,44.84,2.47,0.0,73.9,462,1315,22.26
2101062,0,1,1,0,0,1,30.12,69.91,3.97,8.97,131.0,456,1413,36.33
2101100,6,0,0,1,1,1,29.78,59.13,2.8,0.62,117.4,463,1434,33.55
2101126,5,2,0,1,1,1,29.12,50.01,2.37,0.0,99.5,466,1340,60.77
2101096,0,2,1,0,0,1,32.89,73.28,1.94,1.9,143.0,364,1411,57.73
2101050,0,1,0,0,0,1,31.4,73.53,1.17,1.93,141.2,482,1410,37.31
2101156,1,1,0,0,0,1,26.7,48.38,1.73,0.0,90.1,433,1344,32.99
2101143,5,1,0,1,1,1,31.16,56.71,2.49,1.7,91.5,525,1439,42.16
2101093,5,0,0,1,1,1,28.9,50.96,3.09,1.19,74.4,483,1357,29.18
2101036,4,2,1,0,0,0,33.71,62.34,4.37,0.02,104.4,494,1388,46.2
2101099,2,2,0,0,0,1,31.2,76.15,3.08,2.59,125.6,428,1407,41.62
2101072,1,1,1,0,0,1,33.42,77.23,3.12,0.0,137.8,424,1348,47.25
2101097,4,0,0,0,0,0,32.1,61.6,3.7,0.0,102.1,492,1419,10.0
2101025,2,1,0,0,0,0,24.85,41.3,2.79,0.08,62.3,418,1428,37.78
2101091,1,0,0,0,1,1,33.37,72.55,2.42,0.18,138.2,393,1360,20.78
2101011,4,2,0,0,0,1,28.55,44.39,3.9,0.0,90.6,415,1319,37.82
2101081,4,2,0,0,0,0,32.51,66.99,3.94,0.0,103.9,418,1348,41.87
2101140,4,1,0,0,1,0,31.81,55.46,3.98,0.0,95.3,455,1288,36.35
2101033,2,1,0,0,0,0,27.48,45.26,2.34,0.76,79.9,383,1383,30.91
2101026,5,2,0,1,1,1,29.82,55.92,2.97,0.0,97.1,470,1437,54.07
2101059,6,0,1,1,1,0,30.8,51.45,2.98,1.33,110.1,416,1439,16.94
2101181,4,2,1,0,0,1,27.55,52.46,3.19,1.11,75.2,488,1353,48.63
2101053,4,2,0,0,0,0,33.05,56.34,3.66,0.0,100.6,444,1428,26.97
2101188,1,1,0,0,0,1,32.79,73.97,2.29,0.0,132.4,487,1422,41.43
2101050,5,2,1,1,1,1,28.74,59.39,3.81,0.0,90.5,555,1405,60.18
2101012,4,2,0,0,0,1,28.06,51.75,3.69,0.06,85.7,452,1364,36.96
2101156,4,2,0,0,0,1,29.19,52.75,2.9,2.1,95.0,458,1330,40.06
2101024,6,0,0,1,1,1,28.73,61.74,2.1,0.77,137.3,604,1387,25.31
2101023,0,2,0,0,0,1,29.15,34.82,1.43,0.0,84.7,411,1391,38.53
2101107,2,1,0,0,0,1,31.5,71.84,4.06,2.1,141.5,415,1302,27.38
2101041,1,2,1,0,0,1,28.3,43.57,2.23,0.08,84.9,382,1343,52.38
2101121,1,2,1,0,0,1,27.37,49.13,2.56,0.0,91.6,475,1405,43.93
2101105,5,0,0,1,1,1,32.27,60.48,2.99,2.86,104.7,469,1396,26.56
2101143,2,1,0,0,0,0,26.13,45.38,2.07,1.27,83.3,481,1413,22.58
2101063,3,1,0,0,0,1,34.32,65.78,3.48,1.46,110.9,452,1393,44.76
2101056,2,1,0,0,0,0,26.47,46.11,3.08,0.79,74.0,392,1378,33.61
2101048,4,2,0,0,0,1,28.0,49.65,3.45,0.86,100.5,426,1366,47.51
2101150,1,1,1,0,0,1,33.77,69.58,1.91,0.86,129.6,478,1303,25.49
2101075,6,2,0,1,1,0,31.64,52.58,3.01,1.17,123.4,501,1435,52.24
2101170,2,2,1,0,1,0,25.18,38.78,1.97,3.27,81.9,406,1378,42.15
2101100,0,0,0,0,0,1,29.86,69.74,1.16,0.0,144.7,455,1422,15.37
2101158,2,1,1,0,0,0,25.08,49.63,3.08,0.0,71.3,444,1280,39.81
2101135,6,1,0,1,0,1,29.45,64.36,2.51,0.0,121.0,490,1393,32.59
2101138,5,1,0,1,1,1,28.81,52.64,2.84,0.0,78.4,394,1439,47.72
2101194,3,0,0,0,0,1,26.18,52.14,3.06,0.25,66.5,469,1277,20.0
2101091,5,0,1,1,1,1,28.94,55.94,3.47,0.0,84.8,443,1400,37.75
2101170,5,1,0,1,1,1,31.57,59.97,2.67,0.11,94.6,429,1377,37.25
2101165,4,0,0,0,0,0,33.9,59.47,2.43,1.35,96.4,433,1408,10.0
2101086,1,1,1,0,0,1,32.33,79.93,2.73,0.0,124.4,478,1357,40.16
2101139,3,0,1,0,1,1,26.6,48.23,3.08,0.0,66.0,378,1389,25.81
2101090,4,0,1,0,0,0,32.25,57.8,4.46,0.99,85.0,382,1439,29.04
2101133,6,1,0,1,1,1,29.9,67.81,1.4,0.19,126.0,475,1435,46.62
2101083,6,1,0,1,1,0,31.75,52.92,2.82,0.83,83.7,420,1356,39.8
2101099,6,2,0,1,1,1,27.8,62.62,1.52,0.25,113.5,486,1403,53.27
2101048,2,1,0,0,0,1,31.98,73.95,3.47,0.0,135.6,415,1349,40.39
2101127,2,1,0,0,0,1,31.76,77.69,3.33,1.16,125.1,378,1332,33.05
2101190,5,0,1,1,1,1,29.98,66.69,1.34,0.0,96.1,454,1378,27.51
2101071,0,1,0,0,0,1,32.41,73.0,1.42,1.12,160.4,512,1352,27.46
2101014,0,2,0,0,0,1,29.85,39.87,2.3,0.61,95.9,495,1376,47.19
2101141,2,1,0,0,0,0,27.34,41.61,3.06,0.0,94.8,393,1347,29.88
2101041,2,0,0,0,0,0,24.95,39.75,2.03,0.0,82.3,373,1368,19.31
2101139,3,1,0,0,0,1,33.56,68.09,2.87,1.06,123.8,380,1400,26.82
2101132,2,2,0,0,0,1,30.87,77.59,4.24,0.0,127.7,427,1393,47.12
2101189,1,2,0,0,0,1,27.63,48.47,2.23,3.46,68.5,450,1335,45.31
2101118,2,0,0,0,0,0,27.1,41.3,3.24,0.0,79.7,386,1355,18.2
2101024,0,2,0,0,0,1,29.26,74.38,3.7,8.01,123.1,552,1409,42.26
2101056,6,2,0,1,1,1,29.51,66.31,2.21,0.0,107.6,436,1350,44.17
2101054,5,1,0,1,1,1,31.01,57.64,1.6,0.0,88.3,526,1378,45.43
2101187,2,1,0,0,0,1,32.92,77.0,2.92,1.23,140.9,336,1359,31.7
2101172,3,0,1,0,1,1,34.14,65.24,2.86,0.0,114.0,552,1436,25.5
2101082,6,0,0,1,1,1,28.14,65.12,2.94,0.59,120.3,413,1411,37.14
2101175,6,2,0,1,1,0,30.12,52.23,3.22,0.0,105.7,476,1427,51.52
2101119,0,0,0,0,0,1,29.46,75.19,3.87,6.22,128.4,456,1349,19.28
2101063,2,1,0,0,0,0,25.9,41.7,2.49,0.0,66.5,443,1386,43.27
2101019,1,2,1,0,0,1,28.24,48.65,3.04,0.0,72.7,424,1382,51.71
2101182,1,2,1,0,0,1,33.12,76.1,2.0,0.0,125.0,466,1301,41.85
2101178,1,0,0,0,0,1,28.15,45.11,2.51,0.0,99.9,467,1393,17.32
2101149,5,0,1,1,1,1,30.09,62.65,1.71,0.0,95.7,489,1436,28.3
2101021,5,0,0,1,1,1,30.83,53.39,3.31,0.0,85.9,442,1436,19.33
2101111,2,2,0,0,0,1,32.41,74.53,2.84,2.34,126.0,448,1439,43.19
2101079,2,0,0,0,0,1,32.68,80.68,2.41,3.28,131.0,483,1361,15.59
2101136,2,0,0,0,0,0,25.37,47.37,1.99,0.58,72.5,431,1322,19.04
2101177,3,1,0,0,1,1,24.58,52.56,2.42,0.0,71.0,452,1426,39.95
2101107,5,1,1,1,1,1,28.56,54.61,2.88,0.0,108.1,454,1313,43.97
2101189,0,0,0,0,0,1,29.59,40.16,1.89,0.37,94.6,469,1347,23.61
2101039,5,0,1,1,1,1,33.08,57.14,2.38,0.73,82.1,451,1439,29.44
2101021,0,0,0,0,0,1,32.78,66.05,2.41,6.7,128.4,402,1373,10.0
2101024,2,1,0,0,0,0,26.13,45.44,2.82,0.53,81.5,511,1405,29.1
2101036,3,1,0,0,0,1,26.85,52.05,2.85,1.68,84.2,492,1368,27.81
2101066,6,1,0,1,1,1,29.58,65.63,1.53,0.39,111.4,522,1436,39.18
2101062,1,0,0,0,0,1,26.28,46.15,2.18,0.78,72.1,454,1426,22.2
2101156,4,0,0,0,0,1,29.0,53.29,4.35,0.42,104.5,469,1357,19.76
2101057,5,2,0,1,1,1,29.48,52.33,3.05,0.0,77.6,510,1414,56.61
2101177,3,0,0,0,1,1,33.98,65.48,3.26,0.25,102.9,440,1436,22.56
2101151,0,0,1,0,1,1,30.97,75.94,1.14,0.13,148.2,450,1411,32.9
2101188,4,0,0,0,0,0,32.57,63.24,3.86,0.0,108.1,459,1420,22.17
2101198,4,2,0,0,0,0,33.22,56.23,4.18,0.0,102.1,461,1353,37.33
2101015,6,1,0,1,1,1,28.34,71.01,2.06,1.48,121.7,447,1380,47.27
2101136,6,1,1,1,1,1,28.48,64.47,3.15,1.26,112.1,481,1337,47.32
2101173,0,0,0,0,0,1,31.53,74.9,1.16,0.0,135.4,485,1419,16.19
2101007,0,1,0,0,1,1,27.41,44.72,2.29,0.0,95.6,342,1383,30.65
2101033,5,2,0,1,1,1,30.06,53.16,3.8,2.06,70.4,420,1337,51.11
2101060,1,2,1,0,0,1,33.71,74.9,2.26,1.0,141.8,439,1380,54.65
2101042,4,1,0,0,0,1,29.4,49.21,4.41,1.32,89.4,396,1317,37.81
2101160,1,2,1,0,0,1,35.01,78.12,3.34,0.0,122.0,462,1388,47.45
2101027,0,0,0,0,0,1,28.02,42.6,2.27,0.12,92.6,443,1439,18.15
2101184,5,0,0,1,1,1,28.63,54.93,3.29,0.91,96.2,401,1355,35.02
2101072,4,0,0,0,0,0,33.93,63.95,4.17,0.54,100.0,393,1360,29.56
2101119,5,0,1,1,1,1,31.18,57.77,2.08,0.0,94.3,517,1403,24.49
2101082,4,2,0,0,0,0,32.25,63.37,4.29,0.36,102.0,382,1407,46.2
2101070,3,2,0,0,0,1,26.59,56.28,1.98,0.4,75.4,438,1439,37.19
2101173,3,0,0,0,0,1,34.66,62.93,4.08,0.26,127.9,448,1438,19.77
2101071,0,1,1,0,0,1,32.0,72.18,1.91,9.43,128.0,504,1342,39.45
2101195,6,0,0,1,1,0,31.24,49.73,2.93,0.0,90.1,490,1439,27.51
2101127,0,2,0,0,0,1,29.18,40.55,2.41,0.0,83.2,400,1349,42.58
2101072,0,0,0,0,0,1,29.46,43.83,3.56,2.23,97.5,440,1355,18.37
2101172,1,1,1,0,0,1,27.69,48.26,1.9,0.0,77.6,508,1439,35.8
2101056,1,0,1,0,0,1,28.91,43.49,2.98,0.16,75.7,413,1328,19.0
2101068,0,2,0,0,0,1,29.53,42.07,2.09,1.72,92.0,463,1384,37.96
2101177,0,2,0,0,1,1,32.13,64.69,2.9,6.35,134.8,466,1434,46.81
2101038,5,2,0,1,1,1,28.55,52.63,3.29,1.53,79.8,521,1425,53.41
2101176,4,0,1,0,0,1,28.15,54.14,3.24,2.29,85.7,382,1426,25.99
2101001,3,2,1,0,1,1,27.85,44.79,2.25,0.0,68.9,484,1380,59.81
2101002,2,0,0,0,0,0,26.66,40.93,2.05,0.0,73.7,381,1402,10.0
2101028,5,2,0,1,0,1,31.86,62.24,1.49,1.28,87.9,441,1397,61.11
2101123,0,2,0,0,1,1,30.25,64.84,2.75,7.55,127.5,401,1370,42.15
2101170,6,1,0,1,1,0,29.89,59.11,1.07,0.36,109.4,433,1414,34.18
2101169,3,1,0,0,0,1,33.57,59.88,3.97,0.29,113.9,361,1335,33.01
2101125,5,2,0,1,1,1,29.33,56.2,1.83,1.49,83.3,499,1417,64.05
2101128,2,0,0,0,0,1,31.27,84.41,3.31,0.0,120.6,453,1322,16.61
2101198,5,0,0,1,1,1,27.8,60.95,2.85,1.2,86.0,492,1348,29.46
2101189,2,1,0,0,0,0,25.93,42.6,2.58,2.47,74.9,427,1386,38.99
2101014,1,0,1,0,1,1,33.65,78.28,1.14,0.03,120.8,457,1363,26.87
2101112,0,2,0,0,0,1,32.32,70.69,1.27,1.38,130.9,443,1369,43.14
2101073,6,2,0,1,1,0,29.89,51.72,1.71,0.39,91.3,441,1422,38.82
2101027,0,1,1,0,0,1,31.42,71.13,0.95,0.0,126.8,403,1399,41.0
2101159,2,0,0,0,1,1,30.28,76.78,3.0,3.58,121.6,484,1407,24.35
2101108,0,2,0,0,0,1,29.13,47.54,3.43,0.0,117.9,426,1374,47.21
2101132,0,1,1,0,0,1,33.48,62.23,2.1,6.1,108.1,402,1391,36.1
2101103,6,0,1,1,1,0,31.13,52.91,2.51,0.0,103.0,448,1434,21.29
2101014,5,1,1,1,1,1,28.88,56.26,3.39,0.0,86.8,512,1338,52.08
2101173,6,2,0,1,1,1,28.19,60.2,2.81,0.24,116.4,496,1438,51.99
2101080,5,0,0,1,1,1,28.51,56.57,3.76,0.54,86.0,458,1398,25.56
2101044,2,2,1,0,1,0,24.97,42.42,2.11,2.7,69.0,425,1407,42.46
2101127,6,1,1,1,1,0,30.93,45.51,3.47,0.0,93.2,426,1381,34.73
2101061,0,2,1,0,0,1,29.03,41.03,0.76,0.0,89.9,410,1367,38.68
2101137,3,2,0,0,0,1,35.34,66.79,3.41,0.05,104.0,427,1439,43.11
2101102,0,2,1,0,0,1,29.36,37.57,2.27,0.0,86.0,488,1407,41.83
2101090,5,1,0,1,0,1,31.54,59.31,2.31,0.0,99.2,424,1428,45.02
2101020,3,1,1,0,0,1,35.16,59.04,3.22,1.11,124.3,478,1368,37.94
2101038,0,2,1,0,0,1,29.46,69.14,2.42,8.51,130.8,508,1410,47.67
2101173,0,0,0,0,0,1,31.0,71.17,0.35,1.35,144.7,447,1432,18.92
2101193,1,0,1,0,0,1,32.27,77.2,1.9,0.0,151.3,482,1370,23.09
2101110,2,1,0,0,0,1,31.86,76.54,2.47,1.54,138.2,507,1394,37.13
2101093,0,2,0,0,0,1,32.33,67.59,3.87,7.34,124.5,428,1340,48.29
2101036,3,2,0,0,0,1,26.13,51.89,1.7,0.0,66.2,470,1397,46.41
2101143,6,2,0,1,1,1,28.95,61.16,2.71,0.0,109.7,491,1439,41.19
2101129,3,0,1,0,0,1,33.48,66.42,3.63,0.05,123.8,356,1346,25.32
2101107,3,0,0,0,0,1,26.5,53.01,2.29,0.0,81.4,419,1335,10.8
2101054,5,0,0,1,1,1,31.93,60.84,2.85,0.87,94.5,542,1372,30.73
2101017,0,2,0,0,0,1,29.38,50.07,2.73,1.11,105.8,350,1438,45.82
2101193,0,1,1,0,0,1,30.92,72.79,1.51,0.59,144.3,483,1389,40.24
2101048,2,0,0,0,0,0,26.35,45.82,2.87,3.31,79.0,416,1378,20.23
2101130,5,2,0,1,1,1,30.21,55.42,3.13,1.51,91.3,457,1425,42.87
2101013,2,1,0,0,0,0,25.78,43.51,3.41,0.0,73.2,315,1384,39.08
2101136,2,2,1,0,0,1,32.1,78.96,3.94,0.76,129.0,425,1315,53.66
2101038,1,1,0,0,0,1,27.27,50.34,1.36,0.42,85.3,489,1429,31.34
2101140,4,0,0,0,1,0,33.25,62.89,2.99,0.27,89.4,441,1324,24.23
2101040,0,2,1,0,0,1,31.86,67.04,2.41,7.65,141.4,426,1291,47.88
2101099,6,0,0,1,1,1,29.93,63.63,1.57,1.1,123.9,477,1385,28.36
2101083,2,0,1,0,1,1,33.13,79.19,3.26,0.0,133.1,409,1303,32.78
2101102,0,2,0,0,0,1,28.78,42.29,2.65,0.0,100.5,491,1401,34.56
2101065,0,1,0,0,1,1,30.52,65.84,3.06,8.09,127.7,517,1293,36.53
2101068,5,1,0,1,1,1,28.68,51.2,3.19,0.25,96.1,517,1401,44.18
2101073,3,0,0,0,0,1,26.39,50.47,3.58,1.5,73.1,404,1435,24.66
2101127,2,2,0,0,0,0,26.31,41.7,2.47,0.0,87.4,377,1408,41.34
2101163,0,1,0,0,0,1,31.11,73.67,1.56,0.0,153.8,438,1392,35.94
2101073,4,2,0,0,0,1,26.65,48.47,3.41,1.52,96.4,377,1434,45.45
2101005,0,1,0,0,0,1,29.22,46.95,2.11,0.33,93.4,453,1350,31.91
2101039,1,2,0,0,0,1,32.25,77.73,1.9,0.0,126.9,434,1439,49.59
2101021,3,2,0,0,0,1,34.52,64.93,2.94,1.13,127.4,399,1439,38.1
2101126,1,2,0,0,0,1,27.46,43.16,2.63,0.0,100.0,443,1352,40.38
2101161,3,0,1,0,1,1,26.39,54.8,3.44,1.09,78.2,436,1390,33.08
2101043,0,2,0,0,0,1,29.98,40.93,1.86,1.11,103.0,488,1380,45.11
2101107,2,1,0,0,0,0,25.18,42.21,2.23,1.13,69.2,391,1335,24.96
2101096,6,1,0,1,1,1,28.97,64.91,3.09,1.22,111.6,401,1436,44.39
2101088,3,0,0,0,0,1,25.87,52.67,4.2,0.0,72.4,482,1392,21.28
2101177,5,1,0,1,1,1,32.79,60.2,3.17,1.22,101.6,486,1439,47.71
2101054,2,0,0,0,0,0,26.71,40.0,2.33,0.39,63.1,455,1379,15.64
2101125,1,0,1,0,0,1,28.04,47.35,2.07,0.0,84.3,446,1380,24.16
2101108,1,2,1,0,0,1,33.87,78.33,2.57,0.02,129.5,438,1392,54.78
2101175,0,2,1,0,0,1,30.7,71.93,2.21,0.0,136.7,508,1394,45.08
2101045,2,1,0,0,1,0,24.92,44.27,2.2,0.62,65.2,516,1378,25.6
2101186,5,2,0,1,1,1,30.66,62.2,2.82,0.3,99.8,485,1437,47.55
2101171,1,0,0,0,0,1,27.23,41.1,3.74,0.0,100.8,418,1439,16.79
2101090,4,2,1,0,0,0,31.01,64.86,3.55,1.43,95.6,408,1439,48.68
2101164,3,0,0,0,1,1,33.83,66.19,3.4,0.86,115.9,488,1371,23.2
2101129,2,1,0,0,0,1,31.96,78.15,3.17,0.0,119.9,351,1366,32.0
2101065,5,0,0,1,1,1,31.23,61.97,2.11,0.55,92.5,533,1303,21.83
2101170,5,1,0,1,1,1,30.01,52.97,4.02,0.63,78.8,436,1373,35.42
2101005,6,1,1,1,1,0,31.87,53.64,1.79,0.0,99.6,480,1424,38.96
2101028,5,1,0,1,1,1,31.06,60.73,2.39,0.99,93.6,446,1414,47.62
2101177,1,1,1,0,1,1,27.88,47.56,2.79,0.0,69.6,456,1439,43.29
2101158,0,0,1,0,0,1,30.39,64.57,3.67,7.06,120.9,440,1239,28.48
2101060,5,1,0,1,0,1,30.28,61.42,1.43,0.0,89.6,463,1355,42.06
2101197,1,2,0,0,0,1,28.38,47.1,1.96,0.82,76.0,411,1353,36.89
2101131,6,1,1,1,1,0,31.72,52.91,2.09,0.23,103.7,432,1348,40.47
2101049,2,1,1,0,1,0,25.77,41.62,3.01,0.0,68.7,498,1371,37.03
2101171,6,0,0,1,1,0,30.97,51.95,2.92,0.32,96.9,468,1429,24.51
2101198,2,1,1,0,0,0,28.87,41.48,2.43,0.84,69.3,473,1350,27.77
2101159,1,2,0,0,0,1,28.25,42.63,2.51,1.25,91.4,441,1439,47.38
2101125,3,1,1,0,0,1,26.91,49.89,3.77,1.78,73.1,438,1437,44.65
2101172,0,0,0,0,0,1,32.28,67.1,3.66,7.48,150.8,527,1400,13.12
2101161,2,2,1,0,1,1,32.29,76.8,3.01,1.56,118.9,445,1372,55.18
2101098,1,2,0,0,0,1,28.25,43.8,2.72,2.43,90.9,392,1339,47.46
2101151,6,1,1,1,1,0,31.75,51.51,1.82,0.0,92.7,469,1438,37.89
2101168,5,0,0,1,1,1,30.76,61.96,1.93,0.0,84.6,463,1416,33.12
2101007,3,2,0,0,0,1,34.6,67.24,3.21,2.16,102.3,359,1374,39.82
2101092,0,0,1,0,0,1,30.67,71.27,0.68,0.84,126.4,458,1348,19.38
2101187,6,2,1,1,1,0,31.78,46.24,3.33,0.0,93.1,407,1375,46.58
2101053,5,1,0,1,0,1,30.09,60.29,3.96,0.0,78.2,465,1368,33.08
2101123,1,1,0,0,1,1,32.41,72.89,1.93,1.71,121.2,406,1376,31.87
2101096,6,2,0,1,1,0,32.79,47.72,2.5,0.81,96.3,395,1439,60.45
2101117,0,0,0,0,0,1,29.94,64.28,3.22,6.39,133.3,463,1345,17.31
2101067,0,0,0,0,0,1,31.96,70.55,2.89,8.14,128.2,397,1429,29.66
2101127,3,2,0,0,0,1,33.68,65.05,2.97,1.81,113.4,399,1364,47.7
2101153,0,2,0,0,0,1,30.96,70.06,1.48,0.78,139.5,452,1313,38.85
2101147,3,2,0,0,0,1,26.29,54.96,2.21,0.06,95.4,398,1363,41.75
2101166,0,0,0,0,0,1,33.39,69.99,1.45,0.0,149.2,426,1307,30.77
2101051,4,0,0,0,0,0,32.7,57.12,4.42,0.0,97.3,426,1439,14.72
2101029,0,1,0,0,1,1,30.76,45.93,2.01,0.0,99.9,488,1423,38.25
2101108,6,2,0,1,1,1,29.26,66.99,2.14,0.97,111.4,462,1419,58.35
2101033,1,2,0,0,0,1,34.72,76.11,2.96,3.0,112.2,358,1326,55.25
2101125,2,2,0,0,0,0,26.48,36.71,2.9,3.84,90.4,425,1439,42.0
2101077,0,1,1,0,1,1,28.75,47.78,2.87,0.0,96.1,343,1325,44.23
2101143,1,2,0,0,0,1,34.04,72.97,1.9,0.0,128.7,482,1439,40.83
2101093,5,0,0,1,1,1,29.29,50.92,3.67,0.0,102.8,491,1377,28.14
2101112,5,0,1,1,1,1,29.98,57.69,2.4,0.0,81.6,520,1407,24.24
2101191,0,1,0,0,0,1,28.14,43.61,2.43,0.0,80.6,399,1333,29.95
2101126,0,0,1,0,0,1,29.6,65.1,3.33,5.79,128.8,424,1362,30.92
2101188,2,2,0,0,0,0,26.64,39.79,2.68,0.0,64.3,446,1394,47.62
2101049,6,2,0,1,1,1,28.59,63.31,2.89,0.0,135.7,510,1343,49.77
2101193,0,0,0,0,0,1,30.8,67.4,3.32,7.46,120.5,488,1350,24.57
2101043,1,0,0,0,0,1,26.7,46.38,1.6,0.0,103.0,495,1407,11.98
2101146,4,0,0,0,0,0,31.86,69.38,3.57,0.05,105.7,438,1376,29.35
2101010,2,0,1,0,0,1,31.82,81.45,2.64,0.0,117.5,466,1418,28.91
2101135,1,1,1,0,0,1,26.36,43.68,3.31,0.0,63.1,484,1417,41.55
2101176,2,1,1,0,0,1,32.06,79.93,2.59,0.0,143.3,389,1401,36.66
2101054,4,2,1,0,0,1,27.97,50.62,2.36,0.0,78.4,484,1315,53.31
2101032,6,1,1,1,1,1,30.81,63.51,3.08,0.0,128.9,424,1437,48.64
2101075,3,2,0,0,1,1,33.48,62.37,3.88,0.0,123.5,499,1414,53.48
2101014,1,2,1,0,0,1,26.12,48.44,2.02,0.0,90.8,486,1376,49.05
2101001,0,2,0,0,0,1,32.51,70.22,1.97,0.0,136.4,470,1370,59.85
2101086,2,0,0,0,0,1,31.68,80.17,2.25,0.0,131.4,453,1357,20.15
2101166,5,1,1,1,1,1,31.04,57.35,2.3,0.0,96.6,463,1327,54.93
2101081,6,2,0,1,1,1,31.18,63.92,2.35,2.78,119.6,458,1287,53.03
2101055,0,2,0,0,1,1,31.58,77.22,3.0,9.46,124.1,426,1414,51.72
2101045,2,0,1,0,0,0,25.89,43.07,2.79,0.0,70.4,525,1389,13.28
2101016,1,2,1,0,1,1,29.16,47.15,2.37,0.0,99.7,495,1350,49.68
2101079,1,2,0,0,0,1,27.61,46.85,3.06,1.35,84.5,478,1323,35.38
2101063,0,0,0,0,0,1,32.03,76.55,0.94,0.0,143.4,427,1366,24.1
2101090,5,0,0,1,1,1,31.06,60.52,1.96,0.42,98.8,436,1439,36.03
2101065,0,0,1,0,1,1,29.6,67.64,3.37,9.12,131.5,496,1302,17.95
2101118,6,1,0,1,1,0,30.2,52.7,2.37,0.0,89.0,419,1371,44.07
2101145,3,0,0,0,0,1,35.01,66.16,3.68,0.0,122.5,514,1439,18.58
2101003,3,0,0,0,1,1,34.99,63.45,4.47,0.23,119.8,465,1358,29.42
2101002,3,0,1,0,0,1,25.84,51.83,3.14,2.04,71.6,394,1379,19.94
2101056,0,0,0,0,0,1,32.86,72.25,0.98,0.03,144.4,404,1331,21.83
2101046,0,1,0,0,0,1,30.43,70.35,2.87,7.86,109.1,473,1358,37.27
2101018,6,0,0,1,1,1,30.04,65.86,2.61,0.16,105.6,525,1434,19.3
2101179,1,1,1,0,0,1,27.68,43.75,1.75,0.0,85.6,506,1433,35.45
2101018,0,2,1,0,0,1,29.81,41.56,2.11,0.19,97.0,463,1418,45.69
2101171,4,0,0,0,0,1,28.4,50.83,3.1,0.0,84.0,426,1415,24.25
2101014,1,1,0,0,0,1,27.09,46.07,2.71,0.0,87.8,454,1359,40.1
2101126,0,2,0,0,0,1,29.97,45.1,0.93,0.0,79.5,441,1378,47.59
2101077,4,0,0,0,0,0,32.74,58.62,3.26,0.75,93.9,296,1344,23.92
2101112,6,2,0,1,1,0,30.68,45.21,2.77,2.76,99.9,447,1418,40.54
2101104,4,2,1,0,0,1,26.87,55.84,3.3,0.16,90.3,464,1432,48.0
2101045,0,0,0,0,0,1,32.85,72.81,0.81,0.0,136.9,558,1323,19.11
2101021,0,2,1,0,0,1,30.99,70.73,0.91,1.63,149.2,409,1435,38.28
2101175,3,0,1,0,0,1,25.23,55.15,1.63,0.67,78.6,455,1428,28.49
2101146,5,2,0,1,1,1,29.69,60.43,3.3,0.95,99.7,457,1351,66.92
2101152,5,1,0,1,1,1,27.0,57.02,2.25,0.94,83.7,519,1438,42.24
2101123,0,0,0,0,0,1,31.51,73.61,1.06,0.08,130.6,414,1348,22.57
2101103,6,0,0,1,1,1,30.34,63.24,2.18,0.97,110.1,434,1425,22.6
2101170,1,1,0,0,0,1,31.99,77.31,2.12,0.18,143.2,389,1353,24.41
2101033,6,2,0,1,1,0,31.31,43.2,3.07,1.47,100.7,399,1368,49.15
2101121,0,0,0,0,0,1,29.29,69.77,3.5,7.13,119.6,489,1380,18.12
2101043,1,1,0,0,0,1,34.07,77.5,2.13,0.4,130.9,467,1382,37.46
2101130,2,0,0,0,0,0,26.5,43.12,2.34,0.03,64.1,432,1437,10.0
2101076,3,1,0,0,0,1,26.19,50.53,2.86,0.0,76.1,399,1321,36.98
2101086,6,0,1,1,0,0,31.88,55.73,2.48,0.13,108.1,496,1412,21.18
2101066,1,2,0,0,0,1,34.52,77.81,3.19,0.0,118.9,434,1417,45.83
2101119,0,1,0,0,1,1,30.92,43.74,2.3,0.0,91.9,507,1340,32.97
2101013,6,2,1,1,1,0,31.27,53.52,2.73,0.0,110.2,387,1428,59.25
2101154,6,0,0,1,0,1,28.01,65.79,1.05,3.87,118.8,492,1341,32.74
2101081,3,0,0,0,0,1,26.15,52.03,2.23,0.18,77.9,432,1322,19.43
2101196,5,0,1,1,1,1,30.1,65.62,2.27,1.58,84.8,520,1402,33.87
2101090,0,1,0,0,0,1,33.04,74.72,1.49,0.0,154.5,431,1410,40.78
2101025,1,2,0,0,0,1,27.89,50.81,2.03,0.44,86.2,425,1404,51.28
2101058,4,1,0,0,0,0,32.66,63.76,4.39,0.0,107.1,419,1359,40.41
2101092,3,1,1,0,0,1,27.36,51.35,3.31,0.0,50.1,457,1399,30.81
2101077,5,2,0,1,1,1,30.89,62.87,4.07,2.14,85.4,412,1325,54.65
2101053,5,0,0,1,1,1,30.49,64.4,1.97,1.34,81.3,502,1375,22.22
2101067,6,0,0,1,1,1,30.45,62.62,2.46,0.0,101.6,405,1417,32.56
2101146,0,2,0,0,1,1,29.62,41.14,2.22,0.66,101.8,412,1370,52.06
2101075,0,2,1,0,0,1,29.33,40.58,2.18,0.0,98.4,505,1439,48.53
2101031,4,0,0,0,1,1,25.82,49.42,3.21,0.0,90.1,546,1340,22.93
2101124,4,0,0,0,0,1,29.45,49.65,3.75,0.21,89.2,414,1325,18.81
2101148,6,1,1,1,0,1,28.87,63.18,1.22,0.61,115.0,506,1410,37.7
2101099,0,2,1,0,0,1,30.73,67.36,2.63,7.28,133.9,439,1388,46.66
2101145,2,0,1,0,0,1,32.36,78.74,2.62,0.56,136.5,503,1418,18.48
2101040,6,2,0,1,0,0,31.84,53.17,2.19,2.73,113.1,453,1371,43.72
2101029,0,1,0,0,0,1,31.53,64.93,2.39,6.15,131.5,482,1439,38.62
2101159,4,2,1,0,0,0,32.34,63.72,3.97,2.12,89.8,458,1438,49.73
2101158,0,1,0,0,0,1,31.41,69.11,1.55,3.81,149.5,443,1273,36.83
2101103,1,1,1,0,0,1,27.74,49.19,1.47,0.0,81.6,393,1423,27.48
2101097,4,1,0,0,0,1,28.84,52.09,3.7,0.08,85.9,533,1421,25.79
2101092,4,2,0,0,1,1,29.04,54.11,3.77,1.62,86.7,452,1381,46.7
2101044,5,1,1,1,0,1,28.63,51.88,4.16,0.42,80.9,445,1370,40.38
2101142,2,2,1,0,0,0,27.21,32.74,2.05,0.0,83.0,432,1433,45.21
2101076,2,2,0,0,1,1,31.22,75.87,2.89,1.94,136.1,429,1303,52.34
2101150,5,0,0,1,1,1,27.98,63.4,3.4,1.51,73.6,505,1324,25.35
2101088,6,2,0,1,1,0,31.23,53.57,3.51,0.0,123.1,466,1436,47.86
2101169,5,1,0,1,1,1,30.03,53.79,3.47,1.43,73.1,421,1371,47.32
2101169,5,0,1,1,1,1,28.35,57.98,2.92,0.07,76.4,407,1336,44.58
2101162,0,0,0,0,1,1,29.85,70.6,3.48,8.78,105.5,503,1433,18.55
2101054,0,0,0,0,1,1,32.05,76.42,1.95,0.0,152.8,490,1350,29.18
2101134,5,1,0,1,1,1,28.86,50.62,4.01,0.67,98.7,446,1376,44.58
2101150,2,0,1,0,1,0,26.15,46.09,2.03,0.22,70.5,504,1333,10.12
2101144,0,1,0,0,0,1,30.03,39.25,2.21,0.0,92.9,494,1407,23.35
2101175,4,2,0,0,0,1,27.41,52.68,3.05,0.04,96.6,487,1410,44.0
2101032,0,2,0,0,0,1,31.33,65.87,3.51,9.1,132.7,393,1412,53.77
2101131,0,2,1,0,0,1,29.86,41.01,1.48,2.88,90.5,406,1284,47.14
2101140,1,0,0,0,1,1,32.84,75.78,2.6,0.0,112.6,440,1283,26.71
2101072,3,0,1,0,0,1,27.57,53.34,1.67,1.08,83.2,436,1353,31.34
2101051,3,2,0,0,0,1,34.15,64.54,3.73,0.0,127.5,473,1401,43.86
2101113,3,2,0,0,1,1,34.69,68.67,3.52,0.0,116.7,523,1252,47.05
2101052,2,2,0,0,0,1,31.36,78.83,2.36,0.81,138.7,386,1247,45.35
2101118,2,0,1,0,1,1,33.45,75.09,3.03,1.82,135.8,426,1343,31.48
2101024,6,2,1,1,0,1,29.26,59.93,1.35,0.89,118.9,539,1362,48.13
2101079,5,1,0,1,1,1,29.65,54.7,2.51,0.0,93.0,516,1355,45.91
2101079,1,1,1,0,0,1,34.11,77.05,1.15,0.22,145.9,512,1319,33.8
2101146,2,1,1,0,0,1,31.63,78.85,3.04,1.5,139.0,391,1348,44.3
2101004,5,1,1,1,1,1,30.98,60.01,1.8,2.08,97.4,496,1439,50.22
2101073,5,2,0,1,0,1,30.72,59.78,1.66,0.0,88.9,446,1423,47.85
2101131,4,2,0,0,0,0,31.1,64.51,2.15,0.26,94.3,412,1308,37.07
2101099,0,0,0,0,0,1,31.1,68.14,3.3,7.39,128.9,424,1376,22.13
2101149,5,2,0,1,1,1,28.74,55.73,2.49,1.15,85.6,503,1428,48.3
2101173,1,0,1,0,0,1,27.57,47.49,2.75,0.0,86.3,464,1417,15.93
2101155,0,1,0,0,0,1,31.78,74.09,3.39,9.82,127.2,483,1393,33.27
2101067,5,1,0,1,1,1,31.24,61.55,3.38,0.65,82.4,418,1387,38.87
2101026,2,2,1,0,0,1,31.49,75.68,3.4,0.63,150.0,378,1371,48.18
2101018,4,0,0,0,0,0,31.19,63.77,4.46,0.0,94.8,460,1426,10.73
2101128,1,1,0,0,0,1,33.34,74.13,3.05,0.35,114.9,483,1301,37.37
2101026,0,0,0,0,0,1,31.68,69.23,3.47,11.02,132.4,421,1384,21.73
2101167,3,2,0,0,0,1,33.79,69.13,4.07,0.0,125.1,520,1348,48.91
2101116,6,1,0,1,0,0,30.77,55.32,1.73,0.0,103.2,434,1439,29.96
2101008,3,2,0,0,0,1,34.27,69.93,2.81,0.82,114.7,433,1341,45.49
2101158,0,2,0,0,0,1,30.18,68.44,4.31,8.06,126.9,449,1256,48.18
2101039,2,0,1,0,0,1,31.88,76.67,3.12,1.08,119.7,386,1421,29.3
2101198,0,2,1,0,0,1,31.25,46.21,1.39,0.0,84.2,489,1347,50.29
2101054,0,2,0,0,0,1,30.71,69.77,3.52,8.96,116.7,511,1332,50.14
2101110,0,2,0,0,0,1,29.95,48.7,1.25,0.79,97.7,507,1408,45.45
2101092,6,2,0,1,1,1,27.45,64.59,2.58,0.0,105.4,489,1393,56.93
2101071,6,2,1,1,1,1,29.18,64.51,2.89,0.23,107.4,504,1370,51.26
2101035,4,2,0,0,0,1,28.48,56.86,4.39,0.94,89.6,499,1372,45.73
2101013,4,2,0,0,1,1,28.61,49.56,4.3,0.0,99.7,336,1367,54.42
2101108,1,0,1,0,0,1,27.8,47.67,3.09,0.0,72.1,429,1399,30.45
2101196,1,2,0,0,0,1,28.41,50.23,2.46,1.14,82.5,486,1406,47.23
2101069,5,2,0,1,1,1,30.19,61.09,3.8,2.58,79.6,507,1419,48.16
2101060,6,2,1,1,1,0,31.23,52.92,3.01,0.5,83.0,465,1428,48.99
2101131,0,2,0,0,0,1,33.24,68.29,3.42,9.86,122.7,437,1302,50.09
2101199,6,2,1,1,1,1,29.19,62.2,3.61,1.14,122.3,438,1328,48.08
2101106,5,1,1,1,0,1,31.22,61.82,2.36,0.0,100.6,505,1408,41.96
2101193,6,0,0,1,1,0,30.99,58.32,2.55,0.0,96.0,500,1398,22.47
2101137,3,0,0,0,0,1,24.36,47.62,2.99,1.72,73.3,430,1436,16.4
2101159,6,0,1,1,1,1,30.77,60.07,2.85,0.0,112.6,499,1426,22.73
2101050,1,0,0,0,0,1,34.7,78.72,0.91,0.0,141.2,510,1386,28.55
2101110,1,2,0,0,0,1,33.32,78.84,2.29,0.0,116.9,515,1376,52.02
2101141,3,2,1,0,1,1,34.62,61.83,2.75,0.42,122.7,402,1337,46.7
2101073,6,0,0,1,0,0,31.55,52.28,3.16,0.1,103.0,401,1428,23.92
2101147,2,1,0,0,0,1,32.92,76.85,4.23,0.0,127.6,398,1350,36.94
2101077,0,2,0,0,0,1,29.74,36.26,2.18,0.0,102.6,339,1312,41.82
2101144,1,2,0,0,0,1,27.01,47.27,2.13,2.08,73.8,466,1392,49.26
2101091,0,1,0,0,0,1,29.47,66.97,3.37,8.4,116.0,376,1371,34.84
2101014,4,2,0,0,0,1,28.33,54.59,4.2,0.04,92.7,485,1365,44.33
2101020,3,0,1,0,0,1,33.38,69.66,3.27,0.0,129.7,441,1370,15.95
2101189,4,2,0,0,0,1,28.47,49.3,4.73,0.38,104.1,435,1379,51.77
2101127,5,2,0,1,1,1,29.93,53.13,2.62,0.0,95.4,437,1374,46.5
2101115,3,1,0,0,0,1,25.47,53.03,3.36,1.38,59.6,448,1358,30.94
2101154,3,0,0,0,0,1,25.78,53.06,3.34,1.06,77.7,439,1311,30.99
2101055,4,0,0,0,1,0,34.18,59.86,2.93,0.03,79.4,434,1396,22.81
2101073,3,1,1,0,0,1,25.91,49.68,1.92,1.56,67.1,414,1421,33.03
2101087,2,0,0,0,0,1,31.93,76.27,3.72,0.0,127.7,329,1376,31.95
2101131,2,0,0,0,0,0,27.23,43.29,3.56,0.0,80.5,408,1310,16.68
2101104,6,0,0,1,1,1,28.52,62.97,2.78,1.22,128.1,509,1436,27.62
2101055,0,2,0,0,0,1,30.32,70.23,2.32,8.78,134.3,442,1406,46.15
2101104,4,1,0,0,1,0,33.6,61.56,4.08,0.0,104.8,458,1433,34.88
2101075,4,1,0,0,0,0,32.54,64.77,4.23,1.94,93.8,481,1439,33.35
2101050,2,1,0,0,0,0,24.97,44.52,2.8,0.69,71.3,521,1419,35.37
2101039,5,2,0,1,1,1,30.87,63.7,3.39,0.87,80.3,450,1436,57.0
2101053,3,0,0,0,0,1,26.07,50.18,3.15,1.84,70.4,440,1381,11.05
2101108,3,0,0,0,0,1,33.08,65.55,3.66,0.0,135.6,401,1381,25.23
2101073,2,1,0,0,0,1,31.83,69.95,3.75,0.2,110.9,429,1395,34.04
2101085,0,2,0,0,0,1,32.83,70.68,1.78,1.92,150.8,422,1433,46.45
2101156,0,1,1,0,0,1,29.87,47.27,2.49,0.0,86.2,454,1387,33.23
2101139,3,2,1,0,0,1,34.77,64.57,3.09,0.0,127.0,361,1399,42.41
2101088,4,2,0,0,1,0,30.84,65.57,4.65,0.02,86.6,495,1419,44.6
2101115,6,1,0,1,1,1,27.74,59.26,0.89,0.35,118.1,487,1380,38.5
2101008,5,2,0,1,1,1,29.49,56.44,2.64,0.5,82.7,497,1385,56.65
2101082,5,2,0,1,0,1,28.81,54.14,3.53,0.53,99.6,397,1404,48.97
2101090,1,0,1,0,0,1,28.12,42.56,3.01,0.16,75.8,380,1417,26.32
2101060,1,1,1,0,1,1,33.36,76.1,2.67,2.34,116.2,422,1439,41.93
2101041,4,0,1,0,0,1,27.29,50.2,3.52,1.51,72.5,383,1344,23.16
2101148,2,1,0,0,0,0,26.18,43.31,2.63,2.45,68.7,459,1384,23.67
2101003,6,0,0,1,1,1,27.78,62.25,1.47,0.35,114.5,496,1383,31.32
2101195,0,2,0,0,0,1,29.21,42.79,2.07,3.56,82.9,483,1391,34.41
2101195,2,0,0,0,0,1,32.87,79.36,3.43,0.0,120.9,472,1390,13.23
2101125,1,2,0,0,0,1,29.22,48.05,2.41,2.05,89.7,439,1410,46.0
2101059,6,2,1,1,1,0,31.45,56.14,3.7,0.25,96.0,441,1439,44.37
2101059,2,1,1,0,0,0,27.11,43.0,2.98,2.01,77.0,379,1439,19.13
2101107,5,1,0,1,1,1,31.46,57.99,1.81,0.0,88.5,461,1363,38.64
2101134,4,2,0,0,0,0,33.29,61.31,4.59,0.42,124.6,370,1392,38.01
2101072,1,1,0,0,0,1,30.99,80.69,1.95,0.52,122.0,416,1310,36.53
2101088,0,0,0,0,0,1,31.37,69.89,3.27,6.18,121.4,482,1407,16.21
2101011,4,0,1,0,0,1,29.08,54.87,2.84,1.8,85.2,400,1335,21.31
2101177,6,1,0,1,1,0,31.34,52.11,2.11,0.14,110.6,474,1439,40.05
2101180,3,1,0,0,0,1,33.09,64.08,2.62,0.69,132.4,431,1332,38.17
2101053,2,2,1,0,0,0,26.93,48.4,2.74,1.53,67.7,445,1411,45.23
2101187,6,0,0,1,1,0,31.13,49.74,1.8,0.78,108.3,350,1382,25.56
2101169,2,0,0,0,0,0,25.93,40.1,1.76,0.0,69.2,396,1397,22.73
2101038,1,2,0,0,0,1,33.54,80.59,1.71,0.0,146.1,486,1427,42.24
2101031,2,2,1,0,0,1,31.58,81.49,3.07,0.0,118.0,496,1331,48.39
2101084,4,2,0,0,1,1,28.3,49.62,4.93,0.0,92.2,427,1298,41.78
2101138,0,0,1,0,0,1,32.82,75.74,1.62,0.0,141.3,403,1428,20.16
2101075,3,1,0,0,0,1,26.92,51.77,3.04,0.0,69.3,474,1423,43.25
2101146,6,2,1,1,1,0,30.86,52.03,2.52,0.6,109.0,460,1356,53.54
2101034,0,2,1,0,1,1,30.72,73.31,1.7,0.0,158.1,512,1424,50.85
2101185,4,1,1,0,0,1,27.49,52.51,3.45,0.0,82.8,438,1433,34.05
2101132,3,1,0,0,1,1,27.15,56.82,1.79,0.85,65.9,463,1366,36.24
2101050,5,1,0,1,1,1,29.11,56.98,2.64,2.18,82.2,559,1402,42.12
2101156,6,0,0,1,1,1,30.05,65.66,2.3,0.0,87.0,494,1391,26.64
2101082,3,2,0,0,0,1,26.37,47.66,3.46,0.0,78.2,350,1377,42.85
2101152,5,1,0,1,1,1,30.41,60.26,3.54,0.0,89.8,535,1439,37.55
2101140,1,1,1,0,1,1,32.88,72.49,3.18,1.97,131.2,462,1300,44.43
2101135,6,2,0,1,1,1,28.57,64.85,3.11,1.42,115.8,483,1390,51.24
2101025,6,2,0,1,1,1,28.15,73.89,2.89,0.0,114.0,430,1396,57.25
2101004,3,2,0,0,0,1,25.81,51.58,2.93,1.22,68.8,472,1426,49.38
2101140,5,0,0,1,0,1,29.69,51.45,2.41,0.59,91.3,475,1311,22.25
2101046,4,2,0,0,0,1,28.4,53.41,3.53,1.01,93.7,443,1358,47.15
2101014,6,1,1,1,1,1,28.27,62.36,2.09,2.44,113.9,504,1368,43.84
2101103,6,1,1,1,1,1,30.53,62.07,3.16,0.0,105.5,452,1439,39.96
2101186,0,1,0,0,0,1,28.91,42.36,1.84,0.0,82.8,442,1431,30.04
2101140,5,0,1,1,1,1,29.56,57.88,4.83,0.0,79.2,489,1285,32.63
2101060,6,2,1,1,1,1,29.0,62.63,1.77,0.0,107.4,494,1404,51.19
2101077,4,1,0,0,0,0,32.07,60.97,4.55,0.17,98.0,339,1364,31.34
2101139,0,0,1,0,0,1,29.78,75.44,0.96,0.19,139.3,380,1382,18.59
2101090,2,2,1,0,1,1,32.06,74.58,3.07,2.11,135.5,400,1411,57.4
2101112,0,1,0,0,0,1,31.23,71.46,1.09,1.72,129.5,408,1367,35.06
2101168,6,0,0,1,1,0,31.53,52.31,2.53,1.06,94.2,451,1435,31.67
2101012,0,1,1,0,0,1,30.36,71.99,2.42,0.0,144.9,441,1357,34.24
2101005,3,0,0,0,0,1,33.12,62.37,1.69,0.83,99.7,428,1373,19.85
2101178,3,1,1,0,0,1,34.02,63.21,4.09,0.55,123.8,459,1367,24.67
2101054,3,2,1,0,0,1,26.39,55.14,3.44,0.0,67.6,470,1367,41.23
2101164,3,0,0,0,0,1,34.31,65.21,3.5,0.86,127.1,474,1351,18.66
2101058,0,2,0,0,0,1,30.89,68.03,3.72,5.93,135.9,438,1340,45.89
2101169,2,1,0,0,0,1,30.41,78.35,3.39,0.41,111.3,369,1326,33.06
2101198,0,0,1,0,0,1,31.07,66.05,3.15,7.87,127.5,473,1327,16.66
2101184,1,0,0,0,0,1,26.86,44.36,3.2,0.0,80.5,389,1360,28.97
2101046,3,0,1,0,0,1,34.83,64.28,2.79,0.0,114.8,428,1352,21.67
2101103,0,0,1,0,0,1,32.04,76.47,1.74,0.39,142.3,453,1433,10.04
2101010,4,0,1,0,0,0,32.98,55.45,4.14,0.0,103.6,471,1439,33.32
2101054,1,2,1,0,1,1,28.92,46.15,2.11,0.0,90.2,521,1366,53.22
2101083,1,1,0,0,0,1,32.9,77.16,3.91,2.0,134.2,395,1318,38.15
2101008,2,0,1,0,0,1,31.24,73.9,2.5,2.05,141.5,443,1393,29.33
2101130,1,2,1,0,0,1,33.23,76.32,2.06,1.98,127.7,422,1396,39.1
2101039,3,1,0,0,0,1,25.87,50.99,3.1,1.42,67.8,406,1439,44.58
2101031,1,2,0,0,0,1,34.22,70.69,1.42,0.44,131.3,511,1328,39.24
2101130,0,2,0,0,0,1,32.31,73.12,1.86,0.0,135.0,389,1407,33.86
2101168,6,2,1,1,1,0,32.03,50.78,1.89,0.0,102.4,441,1419,54.57
2101199,4,2,0,0,0,0,32.57,62.72,3.08,0.0,101.6,423,1345,41.14
2101040,1,0,0,0,0,1,27.52,46.64,2.65,0.0,73.1,459,1350,19.34
2101155,0,1,0,0,0,1,30.09,79.0,3.91,5.37,139.2,461,1384,23.38
2101141,5,1,0,1,1,1,28.22,50.59,2.57,0.67,73.2,443,1346,35.88
2101162,1,2,1,0,1,1,26.3,50.05,2.71,0.34,86.2,487,1436,51.4
2101033,2,0,1,0,0,0,26.07,50.01,0.74,0.0,72.0,364,1365,25.51
2101096,5,1,0,1,1,1,29.66,53.25,3.84,0.0,92.4,429,1438,52.11
2101176,6,2,0,1,1,0,30.97,55.72,1.82,0.0,112.0,416,1439,47.41
2101115,2,1,0,0,0,0,25.33,41.97,2.37,0.69,64.1,417,1375,35.22
2101041,3,0,0,0,0,1,33.67,60.97,4.47,0.0,120.6,397,1375,23.91
2101001,2,2,0,0,0,0,26.31,41.2,2.06,3.11,83.4,460,1384,48.12
2101146,3,1,1,0,0,1,34.37,64.47,3.69,0.0,125.0,436,1352,49.6
2101014,2,2,0,0,0,1,32.82,76.64,3.74,0.0,139.7,489,1355,45.04
2101167,4,1,1,0,0,1,27.98,47.0,4.82,0.26,101.7,503,1353,43.39
2101131,1,1,1,0,0,1,27.85,47.71,2.05,0.0,68.0,423,1293,37.0
2101051,5,1,0,1,1,1,31.46,56.67,1.72,0.26,87.0,494,1432,38.31
2101043,0,1,0,0,0,1,31.66,70.27,1.64,0.65,158.4,492,1398,29.98
2101019,3,0,0,0,0,1,34.68,68.16,2.75,0.0,118.3,415,1411,26.17
2101068,5,1,0,1,1,1,28.34,59.09,2.58,2.18,95.5,474,1362,37.5
2101117,0,0,1,0,0,1,29.6,44.23,1.92,0.0,77.6,468,1304,22.26
2101062,0,1,1,0,0,1,31.79,68.88,3.57,7.92,112.5,444,1433,36.33
2101100,6,0,0,1,1,1,30.71,60.14,2.21,0.81,124.5,467,1437,33.55
2101126,5,2,0,1,1,1,28.55,61.26,3.35,0.0,86.1,466,1362,60.77
2101096,0,2,1,0,0,1,32.73,72.43,2.66,0.0,153.5,359,1404,57.73
2101050,0,1,0,0,0,1,32.01,71.46,2.54,0.12,146.7,503,1399,37.31
2101156,1,1,0,0,0,1,28.29,47.57,0.69,1.4,76.4,450,1342,32.99
2101143,5,1,0,1,1,1,31.46,56.47,2.0,0.89,83.3,486,1425,42.16
2101093,5,0,0,1,1,1,29.9,58.29,2.66,0.0,79.1,474,1338,29.18
2101036,4,2,1,0,0,0,33.1,58.56,4.48,0.0,116.5,478,1403,46.2
2101099,2,2,0,0,0,1,30.91,76.88,3.33,0.0,130.5,431,1392,41.62
2101072,1,1,1,0,0,1,33.95,74.06,2.23,0.0,139.7,440,1342,47.25
2101097,4,0,0,0,0,0,30.9,62.19,3.4,0.74,114.1,503,1407,10.0
2101025,2,1,0,0,0,0,24.37,42.09,2.23,1.24,75.4,391,1423,37.78
2101091,1,0,0,0,1,1,33.13,71.81,1.33,0.88,129.8,394,1355,20.78
2101011,4,2,0,0,0,1,27.58,48.4,3.91,0.0,101.2,428,1331,37.82
2101081,4,2,0,0,0,0,33.25,58.25,3.54,0.65,96.6,426,1347,41.87
2101140,4,1,0,0,1,0,32.72,62.46,4.04,1.19,89.9,456,1304,36.35
2101033,2,1,0,0,0,0,26.4,45.21,2.51,0.0,73.2,365,1367,30.91
2101026,5,2,0,1,1,1,29.44,57.17,3.15,0.75,93.3,457,1439,54.07
2101059,6,0,1,1,1,0,31.62,52.77,3.67,0.0,106.4,419,1439,16.94
2101181,4,2,1,0,0,1,27.7,48.91,3.31,0.36,76.3,485,1371,48.63
2101053,4,2,0,0,0,0,32.63,57.08,4.29,0.0,100.6,469,1420,26.97
2101188,1,1,0,0,0,1,33.53,73.88,1.61,0.0,127.3,483,1424,41.43
2101050,5,2,1,1,1,1,28.38,62.29,3.42,0.0,74.6,551,1412,60.18
2101012,4,2,0,0,0,1,27.55,52.71,3.57,0.0,89.1,470,1371,36.96
2101156,4,2,0,0,0,1,28.47,54.7,3.12,0.0,101.2,470,1342,40.06
2101024,6,0,0,1,1,1,29.45,61.93,2.86,0.0,118.3,592,1399,25.31
2101023,0,2,0,0,0,1,28.98,35.2,1.74,0.56,85.8,403,1392,38.53
2101107,2,1,0,0,0,1,33.17,73.38,3.83,1.22,143.1,422,1305,27.38
2101041,1,2,1,0,0,1,27.89,47.97,2.53,0.0,86.1,374,1353,52.38
2101121,1,2,1,0,0,1,29.03,44.77,2.66,0.36,87.1,488,1396,43.93
2101105,5,0,0,1,1,1,30.21,58.3,2.02,0.0,93.1,461,1406,26.56
2101143,2,1,0,0,0,0,25.67,44.13,1.56,0.7,69.3,480,1435,22.58
2101063,3,1,0,0,0,1,34.84,64.9,3.68,1.27,119.0,454,1390,44.76
2101056,2,1,0,0,0,0,26.27,45.13,2.32,0.26,68.3,386,1358,33.61
2101048,4,2,0,0,0,1,27.97,50.1,3.55,0.0,79.9,423,1346,47.51
2101150,1,1,1,0,0,1,35.18,74.13,1.39,0.0,140.7,475,1314,25.49
2101075,6,2,0,1,1,0,31.76,50.38,2.76,1.48,108.8,496,1439,52.24
2101170,2,2,1,0,1,0,25.93,42.19,2.65,2.52,72.2,442,1386,42.15
2101100,0,0,0,0,0,1,30.14,68.9,1.42,0.0,135.1,447,1412,15.37
2101158,2,1,1,0,0,0,26.77,43.66,2.28,0.64,68.1,460,1282,39.81
2101135,6,1,0,1,0,1,29.27,69.09,1.71,0.0,110.3,483,1386,32.59
2101138,5,1,0,1,1,1,29.58,49.69,3.51,0.0,80.0,401,1424,47.72
2101194,3,0,0,0,0,1,25.34,50.88,2.97,1.98,68.3,462,1276,20.0
2101091,5,0,1,1,1,1,29.54,52.76,3.77,1.22,85.6,447,1417,37.75
2101170,5,1,0,1,1,1,30.77,61.82,1.78,2.4,97.2,447,1406,37.25
2101165,4,0,0,0,0,0,32.78,62.41,2.71,0.0,99.4,470,1417,10.0
2101086,1,1,1,0,0,1,33.66,77.31,1.64,0.0,114.9,461,1348,40.16
2101139,3,0,1,0,1,1,25.71,55.83,2.66,0.0,63.6,395,1401,25.81
2101090,4,0,1,0,0,0,32.34,62.93,3.6,0.04,94.1,392,1415,29.04
2101133,6,1,0,1,1,1,30.76,65.89,1.35,0.0,115.7,458,1434,46.62
2101083,6,1,0,1,1,0,31.53,49.61,3.0,0.45,94.0,419,1351,39.8
2101099,6,2,0,1,1,1,28.5,66.87,1.96,1.65,110.8,481,1405,53.27
2101048,2,1,0,0,0,1,30.66,73.92,2.91,0.71,129.2,414,1365,40.39
2101127,2,1,0,0,0,1,31.15,84.14,4.28,1.09,120.1,378,1336,33.05
2101190,5,0,1,1,1,1,29.82,60.81,2.93,0.42,94.4,448,1375,27.51
2101071,0,1,0,0,0,1,31.99,73.25,1.1,0.86,133.6,487,1339,27.46
2101014,0,2,0,0,0,1,29.34,39.37,1.63,0.0,98.4,483,1360,47.19
2101141,2,1,0,0,0,0,25.68,43.69,2.58,0.0,85.8,388,1337,29.88
2101041,2,0,0,0,0,0,26.01,44.25,2.71,0.52,69.4,368,1352,19.31
2101139,3,1,0,0,0,1,32.87,60.42,2.75,0.0,109.6,401,1421,26.82
2101132,2,2,0,0,0,1,28.95,75.47,4.5,0.0,126.8,432,1389,47.12
2101189,1,2,0,0,0,1,28.05,44.15,2.23,0.0,73.4,466,1332,45.31
2101118,2,0,0,0,0,0,26.98,39.28,3.18,1.56,83.4,380,1359,18.2
2101024,0,2,0,0,0,1,29.62,72.73,2.98,4.6,134.6,533,1413,42.26
2101056,6,2,0,1,1,1,29.02,70.69,2.59,0.0,111.5,436,1359,44.17
2101054,5,1,0,1,1,1,31.27,54.27,2.02,0.38,87.0,530,1357,45.43
2101187,2,1,0,0,0,1,31.95,82.17,3.93,0.67,145.3,326,1354,31.7
2101172,3,0,1,0,1,1,33.59,65.63,3.49,0.54,114.1,549,1439,25.5
2101082,6,0,0,1,1,1,28.71,67.57,3.9,0.0,121.9,414,1404,37.14
2101175,6,2,0,1,1,0,30.11,47.34,2.27,1.22,96.2,484,1436,51.52
2101119,0,0,0,0,0,1,29.83,67.88,3.54,7.54,128.2,475,1341,19.28
2101063,2,1,0,0,0,0,26.63,44.77,2.86,0.0,64.2,421,1390,43.27
2101019,1,2,1,0,0,1,28.07,48.65,2.2,1.22,84.7,412,1361,51.71
2101182,1,2,1,0,0,1,32.95,76.6,2.71,0.0,131.0,483,1323,41.85
2101178,1,0,0,0,0,1,27.99,45.15,1.75,0.0,90.7,478,1400,17.32
2101149,5,0,1,1,1,1,30.03,64.47,1.97,0.0,98.9,498,1427,28.3
2101021,5,0,0,1,1,1,30.21,55.08,4.03,0.0,88.2,457,1424,19.33
2101111,2,2,0,0,0,1,30.31,75.27,3.0,0.0,127.5,458,1439,43.19
2101079,2,0,0,0,0,1,32.13,75.3,2.21,1.04,135.8,474,1366,15.59
2101136,2,0,0,0,0,0,26.56,46.71,2.29,0.13,79.9,440,1320,19.04
2101177,3,1,0,0,1,1,26.44,52.73,2.4,0.0,79.4,472,1433,39.95
2101107,5,1,1,1,1,1,29.38,55.44,2.36,0.45,100.0,457,1303,43.97
2101189,0,0,0,0,0,1,30.67,42.06,3.06,0.22,85.8,469,1343,23.61
2101039,5,0,1,1,1,1,30.71,68.55,1.9,0.0,82.9,441,1439,29.44
2101021,0,0,0,0,0,1,31.81,63.4,2.31,8.58,130.0,411,1371,10.0
2101024,2,1,0,0,0,0,26.63,45.33,2.68,0.88,60.4,508,1392,29.1
2101036,3,1,0,0,0,1,25.66,53.26,2.52,0.5,66.2,480,1366,27.81
2101066,6,1,0,1,1,1,28.3,61.73,2.38,0.36,108.6,514,1426,39.18
2101062,1,0,0,0,0,1,27.19,49.22,2.82,0.0,90.1,444,1404,22.2
2101156,4,0,0,0,0,1,27.65,51.66,3.72,0.0,92.9,476,1352,19.76
2101057,5,2,0,1,1,1,28.92,51.67,3.67,0.0,108.2,509,1397,56.61
2101177,3,0,0,0,1,1,34.28,68.32,3.74,0.0,110.4,463,1439,22.56
2101151,0,0,1,0,1,1,31.68,66.67,1.97,1.72,144.2,462,1427,32.9
2101188,4,0,0,0,0,0,32.79,58.17,3.34,0.24,99.2,468,1430,22.17
2101198,4,2,0,0,0,0,32.38,60.22,3.96,0.8,85.0,475,1376,37.33
2101015,6,1,0,1,1,1,29.59,63.72,2.35,2.42,134.3,439,1399,47.27
2101136,6,1,1,1,1,1,29.74,62.42,2.51,1.65,105.1,484,1328,47.32
2101173,0,0,0,0,0,1,31.49,75.63,0.42,2.41,134.6,486,1423,16.19
2101007,0,1,0,0,1,1,30.33,43.53,2.01,0.0,96.7,360,1396,30.65
2101033,5,2,0,1,1,1,28.19,54.94,4.07,2.74,71.3,423,1349,51.11
2101060,1,2,1,0,0,1,35.19,74.61,2.49,0.0,127.6,416,1385,54.65
2101042,4,1,0,0,0,1,28.58,47.84,3.76,0.49,86.1,402,1299,37.81
2101160,1,2,1,0,0,1,34.16,77.01,2.34,0.22,128.7,464,1399,47.45
2101027,0,0,0,0,0,1,29.19,46.83,3.06,0.08,93.1,418,1437,18.15
2101184,5,0,0,1,1,1,29.19,54.9,3.22,0.15,80.1,407,1374,35.02
2101072,4,0,0,0,0,0,30.98,60.32,3.52,0.35,104.5,405,1349,29.56
2101119,5,0,1,1,1,1,32.52,61.19,2.9,1.76,88.1,518,1385,24.49
2101082,4,2,0,0,0,0,31.83,59.84,4.21,0.0,94.2,377,1392,46.2
2101070,3,2,0,0,0,1,25.9,52.81,2.43,0.0,63.8,466,1438,37.19
2101173,3,0,0,0,0,1,34.66,64.17,3.35,0.0,122.8,448,1430,19.77
2101071,0,1,1,0,0,1,31.12,64.43,3.77,8.21,122.3,493,1330,39.45
2101195,6,0,0,1,1,0,32.51,55.46,2.57,1.22,106.8,480,1439,27.51
2101127,0,2,0,0,0,1,30.61,44.4,1.71,0.5,90.4,399,1363,42.58
2101072,0,0,0,0,0,1,30.0,44.6,3.03,2.95,99.1,441,1354,18.37
2101172,1,1,1,0,0,1,27.66,42.12,1.64,0.03,87.5,540,1439,35.8
2101056,1,0,1,0,0,1,28.52,44.92,2.6,0.0,95.6,413,1329,19.0
2101068,0,2,0,0,0,1,28.53,44.56,2.11,0.5,87.5,462,1378,37.96
2101177,0,2,0,0,1,1,30.97,63.89,3.23,9.62,134.3,452,1439,46.81
2101038,5,2,0,1,1,1,29.28,58.53,2.94,3.41,74.4,523,1424,53.41
2101176,4,0,1,0,0,1,27.46,48.58,3.89,0.0,80.4,361,1432,25.99
2101001,3,2,1,0,1,1,26.78,48.29,2.24,1.16,51.1,461,1393,59.81
2101002,2,0,0,0,0,0,24.74,36.8,2.69,0.39,66.2,387,1409,10.0
2101028,5,2,0,1,0,1,32.27,57.38,1.98,0.7,81.5,428,1420,61.11
2101123,0,2,0,0,1,1,31.79,62.62,2.75,7.92,133.6,411,1383,42.15
2101170,6,1,0,1,1,0,29.51,57.6,2.78,0.0,109.7,443,1416,34.18
2101169,3,1,0,0,0,1,33.8,59.72,3.76,1.98,116.8,363,1329,33.01
2101125,5,2,0,1,1,1,30.2,56.39,2.64,1.79,82.6,492,1439,64.05
2101128,2,0,0,0,0,1,31.76,76.97,2.77,0.25,135.1,446,1320,16.61
2101198,5,0,0,1,1,1,28.14,53.41,3.05,0.0,80.4,496,1350,29.46
2101189,2,1,0,0,0,0,25.79,40.1,2.77,0.82,75.6,439,1393,38.99
2101014,1,0,1,0,1,1,33.89,73.65,2.05,0.0,126.8,465,1354,26.87
2101112,0,2,0,0,0,1,33.01,68.95,2.35,0.0,139.7,471,1376,43.14
2101073,6,2,0,1,1,0,30.15,51.96,3.0,0.0,102.9,457,1439,38.82
2101027,0,1,1,0,0,1,31.72,63.33,0.42,0.0,147.1,412,1387,41.0
2101159,2,0,0,0,1,1,30.95,74.29,3.87,0.33,135.0,478,1424,24.35
2101108,0,2,0,0,0,1,29.35,47.27,2.03,0.0,101.8,405,1389,47.21
2101132,0,1,1,0,0,1,31.17,65.54,3.28,6.35,115.7,423,1384,36.1
2101103,6,0,1,1,1,0,31.07,50.58,2.88,0.0,110.5,441,1439,21.29
2101014,5,1,1,1,1,1,28.67,53.9,3.29,0.0,77.9,512,1338,52.08
2101173,6,2,0,1,1,1,30.09,60.06,2.05,0.42,113.0,504,1429,51.99
2101080,5,0,0,1,1,1,29.28,57.3,3.43,0.49,91.9,445,1398,25.56
2101044,2,2,1,0,1,0,26.19,39.89,3.11,1.6,72.7,405,1414,42.46
2101127,6,1,1,1,1,0,31.75,48.24,2.83,0.0,98.5,425,1395,34.73
2101061,0,2,1,0,0,1,29.25,38.12,2.18,0.06,113.3,420,1375,38.68
2101137,3,2,0,0,0,1,34.15,65.49,3.95,0.0,118.5,419,1439,43.11
2101102,0,2,1,0,0,1,31.2,37.24,2.42,2.43,83.4,469,1408,41.83
2101090,5,1,0,1,0,1,30.53,61.7,2.17,0.87,91.0,412,1431,45.02
2101020,3,1,1,0,0,1,34.73,67.29,4.07,1.42,125.0,490,1375,37.94
2101038,0,2,1,0,0,1,31.59,66.32,3.09,7.71,121.4,496,1413,47.67
2101173,0,0,0,0,0,1,31.0,71.68,1.26,0.68,134.1,439,1421,18.92
2101193,1,0,1,0,0,1,33.31,76.1,2.46,0.0,133.0,484,1391,23.09
2101110,2,1,0,0,0,1,31.5,79.13,3.04,0.08,125.6,504,1381,37.13
2101093,0,2,0,0,0,1,30.09,68.84,3.6,6.94,141.4,447,1350,48.29
2101036,3,2,0,0,0,1,26.05,49.54,0.95,0.0,85.3,478,1398,46.41
2101143,6,2,0,1,1,1,28.95,62.46,1.57,0.84,119.5,492,1434,41.19
2101129,3,0,1,0,0,1,34.6,67.07,3.9,1.09,108.6,369,1353,25.32
2101107,3,0,0,0,0,1,26.4,47.4,2.85,2.07,79.1,425,1322,10.8
2101054,5,0,0,1,1,1,30.86,63.48,2.25,0.0,108.2,534,1380,30.73
2101017,0,2,0,0,0,1,28.94,46.35,2.25,0.0,99.5,366,1439,45.82
2101193,0,1,1,0,0,1,31.0,72.32,2.03,0.0,142.6,498,1383,40.24
2101048,2,0,0,0,0,0,26.18,42.42,2.51,0.75,91.1,404,1385,20.23
2101130,5,2,0,1,1,1,30.47,57.25,2.59,0.0,82.2,456,1439,42.87
2101013,2,1,0,0,0,0,26.97,45.33,2.8,0.93,71.9,314,1401,39.08
2101136,2,2,1,0,0,1,31.73,80.45,4.49,1.22,127.6,420,1326,53.66
2101038,1,1,0,0,0,1,27.7,47.39,1.58,0.25,90.6,485,1421,31.34
2101140,4,0,0,0,1,0,32.57,57.93,2.91,0.0,97.1,457,1336,24.23
2101040,0,2,1,0,0,1,30.97,65.71,3.5,6.88,139.6,433,1320,47.88
2101099,6,0,0,1,1,1,28.19,62.36,1.34,0.0,132.3,495,1389,28.36
2101083,2,0,1,0,1,1,31.12,77.62,3.04,0.81,124.3,425,1308,32.78
2101102,0,2,0,0,0,1,28.68,45.9,2.58,2.48,87.3,485,1407,34.56
2101065,0,1,0,0,1,1,31.15,73.88,3.32,5.37,114.6,474,1304,36.53
2101068,5,1,0,1,1,1,29.35,58.37,3.05,0.45,81.0,514,1390,44.18
2101073,3,0,0,0,0,1,26.46,46.03,3.89,0.0,70.3,412,1426,24.66
2101127,2,2,0,0,0,0,27.06,44.65,2.45,0.0,77.2,391,1400,41.34
2101163,0,1,0,0,0,1,30.54,68.76,1.99,2.12,167.9,423,1417,35.94
2101073,4,2,0,0,0,1,28.32,47.2,3.29,1.32,87.4,396,1439,45.45
2101005,0,1,0,0,0,1,29.55,45.94,2.31,0.0,98.9,452,1383,31.91
2101039,1,2,0,0,0,1,32.08,74.05,2.74,0.0,131.4,435,1439,49.59
2101021,3,2,0,0,0,1,35.13,64.77,3.34,0.17,107.3,409,1439,38.1
2101126,1,2,0,0,0,1,26.67,45.72,2.46,0.0,90.6,453,1383,40.38
2101161,3,0,1,0,1,1,24.79,54.38,2.72,0.0,72.5,443,1374,33.08
2101043,0,2,0,0,0,1,29.68,43.73,1.14,1.4,86.8,498,1371,45.11
2101107,2,1,0,0,0,0,26.8,47.76,1.34,0.0,80.2,384,1334,24.96
2101096,6,1,0,1,1,1,28.97,53.56,2.24,0.15,107.0,421,1434,44.39
2101088,3,0,0,0,0,1,25.42,49.07,3.15,0.45,63.5,473,1401,21.28
2101177,5,1,0,1,1,1,31.91,55.72,1.92,0.0,107.8,492,1439,47.71
2101054,2,0,0,0,0,0,25.63,45.17,2.31,0.83,76.8,463,1386,15.64
2101125,1,0,1,0,0,1,29.83,47.55,1.5,0.71,81.8,456,1396,24.16
2101108,1,2,1,0,0,1,34.51,77.39,1.53,0.44,127.4,435,1402,54.78
2101175,0,2,1,0,0,1,31.83,71.3,2.05,0.0,145.3,481,1395,45.08
2101045,2,1,0,0,1,0,25.79,42.96,2.95,1.49,64.7,521,1381,25.6
2101186,5,2,0,1,1,1,31.31,62.53,2.55,0.0,85.4,480,1439,47.55
2101171,1,0,0,0,0,1,26.62,46.46,3.11,0.18,102.5,430,1438,16.79
2101090,4,2,1,0,0,0,32.24,59.59,3.59,0.14,111.2,406,1438,48.68
2101164,3,0,0,0,1,1,34.03,68.38,3.73,0.66,124.1,486,1365,23.2
2101129,2,1,0,0,0,1,31.47,82.34,3.83,0.0,120.2,349,1362,32.0
2101065,5,0,0,1,1,1,30.95,52.23,2.25,1.15,84.2,546,1311,21.83
2101170,5,1,0,1,1,1,28.68,61.14,3.5,0.49,74.8,454,1380,35.42
2101005,6,1,1,1,1,0,30.91,52.9,2.52,1.07,102.9,467,1417,38.96
2101028,5,1,0,1,1,1,32.39,59.43,2.08,1.29,93.0,438,1403,47.62
2101177,1,1,1,0,1,1,28.21,48.82,3.05,0.0,89.7,461,1439,43.29
2101158,0,0,1,0,0,1,29.76,66.44,3.54,6.5,127.2,454,1229,28.48
2101060,5,1,0,1,0,1,30.51,60.75,1.96,0.52,92.2,469,1367,42.06
2101197,1,2,0,0,0,1,27.56,47.61,0.76,0.0,66.9,409,1358,36.89
2101131,6,1,1,1,1,0,31.47,54.15,2.37,0.0,105.2,431,1351,40.47
2101049,2,1,1,0,1,0,26.53,37.72,3.09,0.0,74.3,484,1363,37.03
2101171,6,0,0,1,1,0,32.46,52.7,3.01,0.0,90.8,464,1439,24.51
2101198,2,1,1,0,0,0,26.47,43.63,2.91,0.0,58.2,480,1369,27.77
2101159,1,2,0,0,0,1,26.89,42.82,2.18,0.0,84.8,435,1425,47.38
2101125,3,1,1,0,0,1,27.64,48.65,3.7,0.51,84.2,447,1439,44.65
2101172,0,0,0,0,0,1,31.8,64.2,2.76,7.91,137.4,535,1412,13.12
2101161,2,2,1,0,1,1,32.18,79.39,3.36,0.46,127.2,438,1366,55.18
2101098,1,2,0,0,0,1,29.03,44.99,1.99,2.52,88.8,379,1330,47.46
2101151,6,1,1,1,1,0,30.22,49.07,2.18,0.53,86.9,463,1439,37.89
2101168,5,0,0,1,1,1,31.16,60.06,1.63,1.65,97.1,453,1426,33.12
2101007,3,2,0,0,0,1,33.74,66.91,2.45,2.42,103.9,359,1357,39.82
2101092,0,0,1,0,0,1,32.6,65.31,0.43,0.0,154.8,471,1357,19.38
2101187,6,2,1,1,1,0,30.67,52.73,1.94,0.0,89.8,390,1358,46.58
2101053,5,1,0,1,0,1,29.48,53.47,3.87,0.0,93.2,459,1384,33.08
2101123,1,1,0,0,1,1,34.58,74.59,0.84,0.0,145.2,414,1381,31.87
2101096,6,2,0,1,1,0,31.87,46.56,3.42,1.39,113.2,395,1439,60.45
2101117,0,0,0,0,0,1,30.5,65.08,3.25,8.96,137.0,464,1351,17.31
2101067,0,0,0,0,0,1,32.52,67.44,2.64,7.79,127.5,382,1419,29.66
2101127,3,2,0,0,0,1,33.14,60.86,3.73,0.0,104.7,393,1360,47.7
2101153,0,2,0,0,0,1,31.05,69.99,1.44,0.0,151.5,466,1338,38.85
2101147,3,2,0,0,0,1,26.61,56.2,2.94,0.0,85.0,400,1331,41.75
2101166,0,0,0,0,0,1,31.96,72.08,2.47,0.19,144.9,410,1317,30.77
2101051,4,0,0,0,0,0,31.77,61.58,3.63,0.0,105.1,434,1439,14.72
2101029,0,1,0,0,1,1,28.89,44.74,2.23,0.68,89.1,486,1430,38.25
2101108,6,2,0,1,1,1,28.85,63.38,2.21,1.15,112.4,479,1424,58.35
2101033,1,2,0,0,0,1,33.31,77.51,2.11,0.0,122.3,357,1341,55.25
2101125,2,2,0,0,0,0,26.74,39.23,2.31,2.35,85.6,438,1439,42.0
2101077,0,1,1,0,1,1,28.7,45.43,2.51,0.83,104.2,346,1331,44.23
2101143,1,2,0,0,0,1,34.24,71.25,1.8,0.75,122.1,488,1439,40.83
2101093,5,0,0,1,1,1,28.86,56.6,3.7,0.0,93.4,479,1381,28.14
2101112,5,0,1,1,1,1,29.63,55.22,2.45,0.86,70.2,491,1402,24.24
2101191,0,1,0,0,0,1,29.39,41.37,2.37,0.11,75.6,372,1343,29.95
2101126,0,0,1,0,0,1,30.67,66.47,3.66,7.93,121.3,434,1357,30.92
2101188,2,2,0,0,0,0,24.77,44.38,2.34,0.0,84.8,459,1406,47.62
2101049,6,2,0,1,1,1,29.0,62.71,2.07,0.0,141.1,502,1333,49.77
2101193,0,0,0,0,0,1,30.98,70.9,4.16,6.97,132.3,491,1357,24.57
2101043,1,0,0,0,0,1,25.82,44.71,1.19,0.0,94.8,501,1419,11.98
2101146,4,0,0,0,0,0,31.99,61.2,4.43,1.46,96.8,432,1377,29.35
2101010,2,0,1,0,0,1,32.9,75.27,1.74,0.0,112.9,485,1410,28.91
2101135,1,1,1,0,0,1,26.32,47.21,2.12,0.8,68.2,481,1406,41.55
2101176,2,1,1,0,0,1,31.82,74.49,2.78,0.36,141.8,407,1405,36.66
2101054,4,2,1,0,0,1,29.33,47.63,3.14,3.23,89.3,500,1354,53.31
2101032,6,1,1,1,1,1,29.35,64.51,1.85,0.11,124.4,440,1439,48.64
2101075,3,2,0,0,1,1,33.65,65.41,2.75,1.67,119.8,499,1427,53.48
2101014,1,2,1,0,0,1,25.98,44.37,2.61,0.0,79.8,496,1372,49.05
2101001,0,2,0,0,0,1,31.25,75.79,0.78,0.0,122.5,468,1362,59.85
2101086,2,0,0,0,0,1,31.15,76.66,3.22,0.64,135.4,455,1366,20.15
2101166,5,1,1,1,1,1,32.3,56.2,2.75,1.65,85.9,471,1323,54.93
2101081,6,2,0,1,1,1,30.18,64.44,3.1,0.0,107.3,471,1290,53.03
2101055,0,2,0,0,1,1,29.64,72.48,2.98,9.52,114.7,427,1415,51.72
2101045,2,0,1,0,0,0,26.81,36.89,2.56,0.93,75.4,530,1389,13.28
2101016,1,2,1,0,1,1,29.0,48.53,2.51,0.0,89.5,489,1367,49.68
2101079,1,2,0,0,0,1,27.39,47.13,4.02,0.19,80.6,476,1335,35.38
2101063,0,0,0,0,0,1,31.88,72.08,1.79,0.11,146.6,446,1364,24.1
2101090,5,0,0,1,1,1,31.75,61.87,2.21,0.0,92.5,438,1439,36.03
2101065,0,0,1,0,1,1,29.57,68.06,2.84,7.86,126.7,490,1272,17.95
2101118,6,1,0,1,1,0,29.31,49.42,3.37,0.57,101.1,432,1387,44.07
2101145,3,0,0,0,0,1,33.24,64.86,2.71,0.0,126.9,524,1439,18.58
2101003,3,0,0,0,1,1,33.85,68.92,4.11,0.0,123.9,473,1356,29.42
2101002,3,0,1,0,0,1,26.02,52.45,2.24,1.08,69.7,399,1368,19.94
2101056,0,0,0,0,0,1,31.51,69.67,0.18,0.0,137.7,407,1328,21.83
2101046,0,1,0,0,0,1,31.2,65.38,3.73,8.37,120.0,455,1346,37.27
2101018,6,0,0,1,1,1,28.52,60.62,1.97,0.0,112.5,520,1425,19.3
2101179,1,1,1,0,0,1,28.51,46.02,2.3,0.41,94.2,501,1439,35.45
2101018,0,2,1,0,0,1,28.77,41.98,1.72,0.0,110.6,469,1426,45.69
2101171,4,0,0,0,0,1,28.54,45.33,3.58,0.0,90.3,434,1427,24.25
2101014,1,1,0,0,0,1,26.5,42.05,3.2,0.14,76.3,484,1347,40.1
2101126,0,2,0,0,0,1,29.96,45.68,1.9,0.37,77.6,447,1362,47.59
2101077,4,0,0,0,0,0,32.07,67.43,3.4,0.0,101.5,320,1356,23.92
2101112,6,2,0,1,1,0,29.87,46.92,1.66,2.78,92.4,455,1435,40.54
2101104,4,2,1,0,0,1,27.82,47.05,4.08,1.14,88.9,479,1430,48.0
2101045,0,0,0,0,0,1,31.58,71.77,1.27,0.33,142.5,560,1329,19.11
2101021,0,2,1,0,0,1,31.83,70.92,1.77,0.0,146.0,400,1433,38.28
2101175,3,0,1,0,0,1,26.71,47.85,2.08,0.94,75.7,456,1431,28.49
2101146,5,2,0,1,1,1,30.61,61.72,2.59,0.03,89.6,466,1355,66.92
2101152,5,1,0,1,1,1,28.57,55.02,3.48,2.96,85.9,512,1439,42.24
2101123,0,0,0,0,0,1,30.22,67.76,0.98,0.0,133.4,412,1345,22.57
2101103,6,0,0,1,1,1,28.57,60.88,2.18,0.11,110.5,460,1439,22.6
2101170,1,1,0,0,0,1,34.04,78.66,1.66,1.47,126.6,419,1364,24.41
2101033,6,2,0,1,1,0,32.57,47.48,3.18,0.0,99.9,385,1384,49.15
2101121,0,0,0,0,0,1,31.12,64.27,3.03,7.66,136.7,481,1377,18.12
2101043,1,1,0,0,0,1,33.46,78.55,1.94,0.0,131.3,485,1389,37.46
2101130,2,0,0,0,0,0,26.62,37.49,3.88,0.0,71.5,419,1439,10.0
2101076,3,1,0,0,0,1,26.27,52.23,3.55,0.0,75.0,391,1339,36.98
2101086,6,0,1,1,0,0,29.69,56.01,2.39,0.77,111.7,494,1423,21.18
2101066,1,2,0,0,0,1,32.71,74.17,3.15,0.55,128.8,458,1405,45.83
2101119,0,1,0,0,1,1,30.97,46.87,2.14,2.29,76.9,512,1337,32.97
2101013,6,2,1,1,1,0,32.48,50.78,3.09,1.07,102.3,378,1419,59.25
2101154,6,0,0,1,0,1,29.11,64.05,1.4,0.0,127.5,477,1352,32.74
2101081,3,0,0,0,0,1,26.66,56.16,3.58,2.28,69.1,444,1322,19.43
2101196,5,0,1,1,1,1,31.07,59.57,2.37,1.21,104.5,518,1399,33.87
2101090,0,1,0,0,0,1,31.34,75.37,1.58,0.08,161.3,407,1421,40.78
2101025,1,2,0,0,0,1,27.36,44.89,2.2,0.0,83.6,419,1401,51.28
2101058,4,1,0,0,0,0,31.21,61.17,3.91,2.32,98.7,444,1358,40.41
2101092,3,1,1,0,0,1,27.3,53.92,3.73,2.02,64.0,467,1391,30.81
2101077,5,2,0,1,1,1,29.1,54.72,3.27,0.75,87.7,417,1334,54.65
2101053,5,0,0,1,1,1,30.73,62.17,1.71,0.0,92.0,507,1392,22.22
2101067,6,0,0,1,1,1,30.76,56.9,2.44,0.0,126.1,416,1409,32.56
2101146,0,2,0,0,1,1,29.78,38.28,2.31,0.0,99.5,415,1367,52.06
2101075,0,2,1,0,0,1,28.93,41.84,2.67,1.01,86.1,488,1438,48.53
2101031,4,0,0,0,1,1,27.58,51.71,3.48,0.0,101.5,545,1321,22.93
2101124,4,0,0,0,0,1,27.72,51.74,3.45,1.3,88.8,431,1319,18.81
2101148,6,1,1,1,0,1,30.11,60.07,3.69,0.0,114.0,518,1420,37.7
2101099,0,2,1,0,0,1,31.22,67.8,2.81,7.59,122.1,428,1398,46.66
2101145,2,0,1,0,0,1,32.04,77.48,3.63,0.86,117.8,511,1435,18.48
2101040,6,2,0,1,0,0,32.14,49.18,1.3,3.39,108.3,426,1374,43.72
2101029,0,1,0,0,0,1,31.7,69.67,3.57,7.5,124.2,487,1435,38.62
2101159,4,2,1,0,0,0,32.47,68.08,4.33,0.4,110.5,458,1410,49.73
2101158,0,1,0,0,0,1,30.58,74.18,2.48,1.62,160.0,452,1253,36.83
2101103,1,1,1,0,0,1,28.98,50.62,2.59,0.49,71.4,390,1398,27.48
2101097,4,1,0,0,0,1,28.8,51.41,3.99,0.34,82.8,503,1410,25.79
2101092,4,2,0,0,1,1,29.56,49.18,3.73,0.09,84.7,452,1383,46.7
2101044,5,1,1,1,0,1,28.32,53.15,3.02,0.0,67.9,450,1366,40.38
2101142,2,2,1,0,0,0,26.58,36.85,2.48,0.66,68.8,436,1427,45.21
2101076,2,2,0,0,1,1,31.26,77.68,3.35,0.0,134.2,434,1310,52.34
2101150,5,0,0,1,1,1,29.43,55.81,2.95,1.74,87.3,496,1329,25.35
2101088,6,2,0,1,1,0,31.04,52.44,3.19,1.07,97.8,482,1438,47.86
2101169,5,1,0,1,1,1,28.69,54.86,3.31,0.0,78.5,434,1378,47.32
2101169,5,0,1,1,1,1,29.77,60.92,3.06,1.0,86.4,404,1321,44.58
2101162,0,0,0,0,1,1,30.51,66.62,2.83,9.29,113.1,494,1439,18.55
2101054,0,0,0,0,1,1,30.87,71.89,2.24,0.1,156.2,509,1330,29.18
2101134,5,1,0,1,1,1,28.55,50.46,3.87,0.0,77.9,441,1390,44.58
2101150,2,0,1,0,1,0,25.62,38.71,2.44,0.0,61.2,492,1329,10.12
2101144,0,1,0,0,0,1,28.94,42.01,3.15,0.61,97.2,486,1419,23.35
2101175,4,2,0,0,0,1,28.22,53.54,3.36,3.05,101.5,481,1414,44.0
2101032,0,2,0,0,0,1,29.89,73.63,3.92,7.67,118.6,419,1399,53.77
2101131,0,2,1,0,0,1,29.44,40.72,2.89,1.36,77.1,415,1308,47.14
2101140,1,0,0,0,1,1,32.88,76.31,1.51,1.58,125.4,472,1293,26.71
2101072,3,0,1,0,0,1,25.26,52.07,2.6,0.0,74.1,436,1349,31.34
2101051,3,2,0,0,0,1,33.43,68.58,3.75,1.28,123.0,475,1425,43.86
2101113,3,2,0,0,1,1,34.21,69.78,3.85,0.0,112.0,544,1255,47.05
2101052,2,2,0,0,0,1,31.24,76.1,3.66,0.52,139.1,387,1271,45.35
2101118,2,0,1,0,1,1,32.65,76.7,3.34,0.0,136.0,426,1356,31.48
2101024,6,2,1,1,0,1,29.52,63.28,1.58,0.0,117.0,543,1372,48.13
2101079,5,1,0,1,1,1,30.79,52.35,1.77,0.0,101.5,512,1360,45.91
2101079,1,1,1,0,0,1,33.76,81.17,2.24,0.0,132.7,504,1325,33.8
2101146,2,1,1,0,0,1,31.3,77.01,2.08,0.45,135.0,411,1349,44.3
2101004,5,1,1,1,1,1,31.4,62.22,1.68,2.52,88.7,486,1432,50.22
2101073,5,2,0,1,0,1,30.14,58.97,2.39,0.33,85.7,441,1439,47.85
2101131,4,2,0,0,0,0,32.79,60.41,3.27,0.0,89.4,429,1303,37.07
2101099,0,0,0,0,0,1,31.6,68.46,3.5,7.55,128.7,410,1385,22.13
2101149,5,2,0,1,1,1,28.4,55.42,2.86,0.0,82.9,506,1409,48.3
2101173,1,0,1,0,0,1,28.56,47.28,1.81,1.31,84.9,463,1430,15.93
2101155,0,1,0,0,0,1,29.25,71.84,2.94,9.06,126.6,478,1390,33.27
2101067,5,1,0,1,1,1,30.57,57.48,2.21,0.0,89.2,403,1393,38.87
2101026,2,2,1,0,0,1,31.24,73.43,3.61,0.51,158.9,396,1372,48.18
2101018,4,0,0,0,0,0,33.05,56.19,3.78,0.07,101.6,461,1428,10.73
2101128,1,1,0,0,0,1,32.94,75.92,2.95,0.0,114.5,481,1303,37.37
2101026,0,0,0,0,0,1,31.42,67.51,3.49,7.28,134.1,415,1374,21.73
2101167,3,2,0,0,0,1,32.76,71.16,3.12,0.0,126.3,549,1351,48.91
2101116,6,1,0,1,0,0,31.57,51.24,2.11,0.0,103.0,418,1439,29.96
2101008,3,2,0,0,0,1,33.97,65.87,3.52,0.22,132.8,449,1321,45.49
2101158,0,2,0,0,0,1,30.09,71.33,2.93,8.98,118.8,468,1265,48.18
2101039,2,0,1,0,0,1,29.98,73.37,3.43,0.83,129.7,390,1439,29.3
2101198,0,2,1,0,0,1,29.84,43.92,2.31,0.88,93.3,489,1364,50.29
2101054,0,2,0,0,0,1,32.13,71.24,4.42,10.48,131.5,509,1347,50.14
2101110,0,2,0,0,0,1,30.7,48.62,1.65,0.0,88.1,505,1389,45.45
2101092,6,2,0,1,1,1,28.98,60.25,2.43,2.2,114.7,501,1397,56.93
2101071,6,2,1,1,1,1,28.19,70.01,1.72,0.0,114.2,493,1364,51.26
2101035,4,2,0,0,0,1,27.89,53.67,3.2,0.0,84.7,508,1372,45.73
2101013,4,2,0,0,1,1,28.4,47.08,2.59,0.22,88.8,378,1375,54.42
2101108,1,0,1,0,0,1,28.12,43.45,1.61,0.02,90.0,413,1401,30.45
2101196,1,2,0,0,0,1,28.17,46.99,2.48,0.0,68.6,489,1406,47.23
2101069,5,2,0,1,1,1,29.27,56.05,3.52,1.51,74.7,516,1435,48.16
2101060,6,2,1,1,1,0,31.35,54.09,3.01,1.03,91.6,461,1424,48.99
2101131,0,2,0,0,0,1,31.97,74.38,2.65,6.01,133.0,412,1287,50.09
2101199,6,2,1,1,1,1,28.67,68.25,1.47,0.47,125.6,442,1334,48.08
2101106,5,1,1,1,0,1,33.83,66.71,1.51,0.0,96.4,488,1403,41.96
2101193,6,0,0,1,1,0,30.76,53.62,2.51,0.0,93.2,512,1388,22.47
2101137,3,0,0,0,0,1,25.91,49.62,3.6,0.38,80.3,410,1439,16.4
2101159,6,0,1,1,1,1,29.1,67.45,1.58,0.0,109.0,484,1433,22.73
2101050,1,0,0,0,0,1,34.0,74.6,2.38,0.0,140.2,516,1385,28.55
2101110,1,2,0,0,0,1,33.39,79.41,2.29,1.69,124.5,510,1365,52.02
2101141,3,2,1,0,1,1,33.13,67.78,2.57,0.0,122.0,416,1335,46.7
2101073,6,0,0,1,0,0,30.06,50.05,2.04,0.0,108.8,414,1438,23.92
2101147,2,1,0,0,0,1,31.7,73.98,3.94,0.0,131.3,408,1335,36.94
2101077,0,2,0,0,0,1,30.09,39.37,2.83,0.0,85.2,328,1314,41.82
2101144,1,2,0,0,0,1,26.07,45.62,2.61,2.52,79.6,487,1402,49.26
2101091,0,1,0,0,0,1,29.41,73.38,3.05,8.79,126.5,383,1362,34.84
2101014,4,2,0,0,0,1,28.29,51.7,4.09,0.98,81.3,489,1334,44.33
2101020,3,0,1,0,0,1,34.43,73.68,3.46,1.05,130.5,455,1384,15.95
2101189,4,2,0,0,0,1,28.99,53.0,4.15,2.5,99.1,447,1374,51.77
2101127,5,2,0,1,1,1,28.74,55.34,4.1,0.0,87.9,443,1391,46.5
2101115,3,1,0,0,0,1,26.17,52.12,2.65,0.92,64.1,438,1363,30.94
2101154,3,0,0,0,0,1,26.21,53.3,3.36,0.21,84.4,439,1293,30.99
2101055,4,0,0,0,1,0,32.94,58.68,4.31,0.1,79.1,427,1423,22.81
2101073,3,1,1,0,0,1,25.92,50.75,2.03,1.8,78.2,408,1428,33.03
2101087,2,0,0,0,0,1,32.42,78.55,3.72,0.73,127.2,334,1373,31.95
2101131,2,0,0,0,0,0,26.91,41.56,2.24,0.0,77.4,417,1335,16.68
2101104,6,0,0,1,1,1,30.05,67.5,2.37,0.29,121.8,505,1433,27.62
2101055,0,2,0,0,0,1,30.48,68.85,3.46,8.66,129.2,445,1407,46.15
2101104,4,1,0,0,1,0,31.57,58.08,4.36,1.31,98.8,470,1420,34.88
2101075,4,1,0,0,0,0,31.81,61.15,4.15,0.0,94.9,460,1439,33.35
2101050,2,1,0,0,0,0,25.3,37.72,2.73,1.62,73.6,529,1398,35.37
2101039,5,2,0,1,1,1,30.74,58.51,2.48,0.46,90.9,456,1439,57.0
2101053,3,0,0,0,0,1,26.12,51.07,2.59,0.77,72.3,469,1374,11.05
2101108,3,0,0,0,0,1,34.44,64.35,3.99,0.46,120.3,403,1393,25.23
2101073,2,1,0,0,0,1,32.4,77.18,3.5,0.0,131.3,414,1418,34.04
2101085,0,2,0,0,0,1,33.35,76.5,1.14,1.54,158.6,399,1431,46.45
2101156,0,1,1,0,0,1,29.94,42.71,2.01,0.0,91.4,461,1371,33.23
2101139,3,2,1,0,0,1,35.1,66.55,2.82,0.0,127.5,378,1394,42.41
2101088,4,2,0,0,1,0,32.14,60.87,4.47,1.26,91.9,481,1420,44.6
2101115,6,1,0,1,1,1,29.47,61.57,1.63,0.61,111.1,508,1395,38.5
2101008,5,2,0,1,1,1,29.24,56.29,3.52,2.78,81.0,491,1399,56.65
2101082,5,2,0,1,0,1,29.61,55.21,4.08,1.27,93.4,373,1409,48.97
2101090,1,0,1,0,0,1,27.16,48.12,2.03,0.0,84.7,393,1409,26.32
2101060,1,1,1,0,1,1,32.24,74.37,2.73,1.16,128.5,436,1439,41.93
2101041,4,0,1,0,0,1,27.27,55.43,3.59,1.07,104.8,390,1338,23.16
2101148,2,1,0,0,0,0,27.13,51.4,2.53,0.38,87.2,469,1407,23.67
2101003,6,0,0,1,1,1,28.75,63.41,1.97,0.0,122.3,501,1390,31.32
2101195,0,2,0,0,0,1,29.3,43.95,2.5,2.64,96.7,494,1406,34.41
2101195,2,0,0,0,0,1,31.84,76.53,2.41,0.0,124.3,461,1387,13.23
2101125,1,2,0,0,0,1,27.35,48.31,2.47,1.05,97.7,452,1420,46.0
2101059,6,2,1,1,1,0,33.48,49.4,3.57,0.0,89.9,448,1439,44.37
2101059,2,1,1,0,0,0,25.8,45.58,2.66,0.41,75.3,379,1439,19.13
2101107,5,1,0,1,1,1,31.17,60.58,2.44,0.0,81.8,478,1372,38.64
2101134,4,2,0,0,0,0,32.65,60.53,4.55,0.0,117.9,375,1389,38.01
2101072,1,1,0,0,0,1,32.01,74.55,2.51,0.0,140.5,396,1314,36.53
2101088,0,0,0,0,0,1,30.73,66.93,3.15,5.93,117.0,467,1417,16.21
2101011,4,0,1,0,0,1,28.35,49.37,3.29,1.3,81.0,411,1332,21.31
2101177,6,1,0,1,1,0,30.73,52.15,2.51,0.0,101.8,493,1435,40.05
2101180,3,1,0,0,0,1,33.26,62.01,3.29,1.88,108.4,412,1341,38.17
2101053,2,2,1,0,0,0,26.88,42.02,2.01,1.22,66.6,437,1402,45.23
2101187,6,0,0,1,1,0,29.48,53.14,2.21,0.11,100.5,352,1392,25.56
2101169,2,0,0,0,0,0,26.13,44.22,2.31,0.75,56.3,399,1415,22.73
2101038,1,2,0,0,0,1,34.7,80.66,2.6,0.87,108.3,483,1426,42.24
2101031,2,2,1,0,0,1,32.44,81.09,3.35,2.79,112.1,502,1353,48.39
2101084,4,2,0,0,1,1,27.37,51.87,4.09,0.97,83.6,418,1289,41.78
2101138,0,0,1,0,0,1,29.87,74.59,2.25,0.0,130.5,393,1439,20.16
2101075,3,1,0,0,0,1,26.4,48.05,3.15,0.46,67.2,475,1419,43.25
2101146,6,2,1,1,1,0,31.52,52.71,2.98,0.0,105.3,480,1382,53.54
2101034,0,2,1,0,1,1,30.95,74.2,2.19,0.51,153.5,519,1435,50.85
2101185,4,1,1,0,0,1,28.93,50.88,4.29,0.0,86.7,432,1431,34.05
2101132,3,1,0,0,1,1,26.13,57.91,2.33,0.0,68.0,458,1377,36.24
2101050,5,1,0,1,1,1,29.0,55.46,2.63,1.0,99.0,573,1421,42.12
2101156,6,0,0,1,1,1,29.08,66.66,3.19,0.0,102.1,495,1378,26.64
2101082,3,2,0,0,0,1,26.21,50.57,3.02,0.91,62.5,352,1396,42.85
2101152,5,1,0,1,1,1,29.81,57.11,3.87,0.0,97.2,533,1438,37.55
2101140,1,1,1,0,1,1,32.59,74.97,2.79,0.53,123.1,456,1313,44.43
2101135,6,2,0,1,1,1,30.05,62.38,2.54,0.0,125.8,474,1394,51.24
2101025,6,2,0,1,1,1,28.72,64.19,3.09,1.52,97.1,444,1388,57.25
2101004,3,2,0,0,0,1,24.64,52.88,3.94,2.02,54.4,457,1401,49.38
2101140,5,0,0,1,0,1,29.86,56.41,2.63,0.36,70.8,466,1285,22.25
2101046,4,2,0,0,0,1,29.23,47.71,2.9,1.06,89.9,453,1344,47.15
2101014,6,1,1,1,1,1,27.96,60.58,0.38,0.0,112.5,515,1370,43.84
2101103,6,1,1,1,1,1,29.24,60.21,2.94,0.0,96.8,453,1429,39.96
2101186,0,1,0,0,0,1,29.26,44.6,2.52,0.88,100.0,413,1435,30.04
2101140,5,0,1,1,1,1,29.2,52.96,3.54,0.0,93.6,492,1273,32.63
2101060,6,2,1,1,1,1,29.29,63.45,1.77,4.12,129.7,487,1407,51.19
2101077,4,1,0,0,0,0,33.11,57.03,4.61,1.2,100.1,346,1344,31.34
2101139,0,0,1,0,0,1,30.5,73.29,0.94,2.06,142.3,372,1381,18.59
2101090,2,2,1,0,1,1,33.88,78.43,3.88,0.0,118.8,390,1414,57.4
2101112,0,1,0,0,0,1,31.29,72.75,1.89,0.0,138.0,434,1370,35.06
2101168,6,0,0,1,1,0,30.51,52.73,3.02,0.0,98.6,436,1439,31.67
2101012,0,1,1,0,0,1,32.53,68.26,2.4,0.0,141.1,442,1342,34.24
2101005,3,0,0,0,0,1,35.06,60.42,3.01,1.02,113.7,430,1380,19.85
2101178,3,1,1,0,0,1,33.55,66.52,3.35,0.0,104.3,453,1369,24.67
2101054,3,2,1,0,0,1,26.31,51.06,2.23,0.0,78.5,464,1380,41.23
2101164,3,0,0,0,0,1,33.18,66.81,3.72,1.87,118.1,469,1338,18.66
2101058,0,2,0,0,0,1,31.06,69.86,3.9,5.07,135.8,439,1342,45.89
2101169,2,1,0,0,0,1,31.69,77.49,3.4,0.0,126.2,375,1341,33.06
2101198,0,0,1,0,0,1,30.75,66.74,2.82,9.65,120.0,468,1346,16.66
2101184,1,0,0,0,0,1,27.8,48.33,2.66,2.98,84.5,395,1354,28.97
2101046,3,0,1,0,0,1,34.79,59.21,2.94,0.0,124.4,421,1368,21.67
2101103,0,0,1,0,0,1,32.58,73.22,1.65,0.0,138.5,441,1431,10.04
2101010,4,0,1,0,0,0,34.15,56.65,4.12,0.0,106.7,472,1439,33.32
2101054,1,2,1,0,1,1,28.48,46.58,2.38,0.71,81.5,502,1379,53.22
2101083,1,1,0,0,0,1,33.44,75.91,3.03,0.0,131.3,390,1304,38.15
2101008,2,0,1,0,0,1,31.14,76.0,1.6,0.0,143.7,437,1397,29.33
2101130,1,2,1,0,0,1,33.3,78.25,2.45,0.0,113.2,435,1407,39.1
2101039,3,1,0,0,0,1,26.88,50.28,2.42,1.03,66.8,410,1439,44.58
2101031,1,2,0,0,0,1,33.89,69.31,0.9,0.0,123.8,523,1320,39.24
2101130,0,2,0,0,0,1,32.44,70.11,2.28,0.0,141.0,394,1420,33.86
2101168,6,2,1,1,1,0,31.44,53.36,2.47,0.07,91.7,448,1439,54.57
2101199,4,2,0,0,0,0,33.05,63.97,3.63,1.75,105.0,416,1344,41.14
2101040,1,0,0,0,0,1,28.59,45.86,2.33,0.36,80.2,442,1319,19.34
2101155,0,1,0,0,0,1,30.19,70.79,3.11,10.49,145.9,470,1384,23.38
2101141,5,1,0,1,1,1,27.54,57.5,3.94,0.16,93.1,422,1336,35.88
2101162,1,2,1,0,1,1,28.65,46.59,1.14,0.76,73.0,507,1435,51.4
2101033,2,0,1,0,0,0,26.19,49.12,1.92,0.0,87.7,356,1364,25.51
2101096,5,1,0,1,1,1,28.74,53.3,3.03,0.0,87.3,407,1439,52.11
2101176,6,2,0,1,1,0,31.11,50.37,2.88,0.02,100.6,438,1439,47.41
2101115,2,1,0,0,0,0,25.49,43.36,3.01,0.0,72.4,405,1387,35.22
2101041,3,0,0,0,0,1,32.43,67.21,3.59,0.0,110.2,401,1373,23.91
2101001,2,2,0,0,0,0,25.99,43.31,1.35,0.45,68.9,469,1379,48.12
2101146,3,1,1,0,0,1,33.11,70.32,4.39,0.0,121.4,436,1354,49.6
2101014,2,2,0,0,0,1,31.65,77.59,4.09,0.0,130.6,464,1350,45.04
2101167,4,1,1,0,0,1,28.48,50.89,4.19,0.93,66.6,499,1368,43.39
2101131,1,1,1,0,0,1,28.35,46.8,1.86,0.48,90.6,441,1306,37.0
2101051,5,1,0,1,1,1,30.86,62.68,2.4,0.0,88.9,486,1435,38.31
2101043,0,1,0,0,0,1,31.84,69.32,1.14,0.0,150.7,462,1379,29.98
2101019,3,0,0,0,0,1,34.61,68.93,3.48,0.0,122.0,420,1408,26.17
2101068,5,1,0,1,1,1,28.77,62.32,3.09,1.42,95.7,473,1367,37.5
2101117,0,0,1,0,0,1,29.02,45.11,2.08,2.11,94.4,465,1332,22.26
2101062,0,1,1,0,0,1,31.95,68.88,2.76,7.87,141.3,441,1412,36.33
2101100,6,0,0,1,1,1,29.77,59.96,2.33,1.29,116.3,461,1437,33.55
2101126,5,2,0,1,1,1,28.58,50.25,2.67,0.23,86.9,451,1351,60.77
2101096,0,2,1,0,0,1,32.52,70.86,1.48,0.63,141.6,362,1399,57.73
2101050,0,1,0,0,0,1,31.32,70.19,2.26,0.0,138.9,491,1421,37.31
2101156,1,1,0,0,0,1,27.04,49.35,1.45,0.0,86.6,441,1358,32.99
2101143,5,1,0,1,1,1,31.43,55.14,1.77,1.95,97.6,509,1429,42.16
2101093,5,0,0,1,1,1,30.41,52.0,2.98,2.73,76.3,480,1340,29.18
2101036,4,2,1,0,0,0,32.25,61.71,4.36,0.8,91.6,491,1408,46.2
2101099,2,2,0,0,0,1,30.71,83.19,3.04,0.04,121.3,430,1391,41.62
2101072,1,1,1,0,0,1,33.46,70.11,1.88,0.62,136.3,403,1360,47.25
2101097,4,0,0,0,0,0,33.39,62.73,3.79,2.06,106.2,525,1423,10.0
2101025,2,1,0,0,0,0,25.17,43.79,2.77,0.0,83.5,416,1420,37.78
2101091,1,0,0,0,1,1,34.52,70.11,1.72,1.19,127.0,377,1354,20.78
2101011,4,2,0,0,0,1,28.48,45.29,2.89,0.26,97.4,427,1334,37.82
2101081,4,2,0,0,0,0,33.38,60.21,4.27,0.0,90.7,420,1334,41.87
2101140,4,1,0,0,1,0,31.92,58.79,3.88,0.0,98.2,462,1293,36.35
2101033,2,1,0,0,0,0,25.49,43.39,2.93,0.73,89.1,382,1375,30.91
2101026,5,2,0,1,1,1,29.22,62.06,3.04,0.88,86.7,458,1439,54.07
2101059,6,0,1,1,1,0,33.24,55.79,2.68,0.0,104.6,435,1433,16.94
2101181,4,2,1,0,0,1,27.77,50.67,3.27,0.0,86.0,476,1369,48.63
2101053,4,2,0,0,0,0,32.91,60.85,4.76,0.36,97.4,480,1409,26.97
2101188,1,1,0,0,0,1,33.02,73.53,2.1,0.31,133.4,476,1406,41.43
2101050,5,2,1,1,1,1,28.59,60.39,3.42,0.71,82.3,571,1421,60.18
2101012,4,2,0,0,0,1,28.31,50.89,3.51,2.21,85.2,459,1380,36.96
2101156,4,2,0,0,0,1,29.14,55.51,3.35,0.11,104.3,447,1357,40.06
2101024,6,0,0,1,1,1,30.41,66.76,1.81,1.71,118.8,583,1406,25.31
2101023,0,2,0,0,0,1,29.24,37.44,1.73,0.73,84.4,404,1426,38.53
2101107,2,1,0,0,0,1,31.99,77.06,3.17,3.38,138.3,418,1320,27.38
2101041,1,2,1,0,0,1,27.58,48.55,2.74,1.15,92.4,369,1360,52.38
2101121,1,2,1,0,0,1,27.12,48.95,2.93,3.34,88.8,473,1402,43.93
2101105,5,0,0,1,1,1,29.9,57.97,2.22,0.0,98.6,455,1381,26.56
2101143,2,1,0,0,0,0,26.6,40.75,1.58,0.0,73.5,476,1439,22.58
2101063,3,1,0,0,0,1,33.18,64.74,4.57,0.65,109.2,458,1382,44.76
2101056,2,1,0,0,0,0,26.89,45.99,3.51,0.0,73.5,388,1372,33.61
2101048,4,2,0,0,0,1,28.66,49.29,3.57,1.82,81.3,428,1347,47.51
2101150,1,1,1,0,0,1,33.5,73.1,1.94,1.05,128.8,471,1290,25.49
2101075,6,2,0,1,1,0,30.87,53.36,3.03,1.29,117.2,487,1439,52.24
2101170,2,2,1,0,1,0,25.72,45.02,2.55,0.0,75.0,420,1388,42.15
2101100,0,0,0,0,0,1,30.54,69.36,1.28,0.55,140.8,457,1439,15.37
2101158,2,1,1,0,0,0,26.37,40.17,3.14,1.11,69.4,458,1287,39.81
2101135,6,1,0,1,0,1,28.12,68.47,1.5,0.0,116.4,480,1403,32.59
2101138,5,1,0,1,1,1,29.0,52.45,3.46,0.12,83.4,393,1429,47.72
2101194,3,0,0,0,0,1,26.43,52.57,2.8,1.56,69.2,463,1266,20.0
2101091,5,0,1,1,1,1,29.07,54.02,2.91,0.7,82.2,444,1402,37.75
2101170,5,1,0,1,1,1,30.63,60.8,1.91,0.39,106.4,439,1401,37.25
2101165,4,0,0,0,0,0,31.28,58.71,4.01,1.57,95.8,424,1431,10.0
2101086,1,1,1,0,0,1,31.84,77.79,2.04,1.06,142.7,490,1376,40.16
2101139,3,0,1,0,1,1,25.74,57.58,3.18,0.0,74.2,399,1402,25.81
2101090,4,0,1,0,0,0,32.0,58.17,3.37,0.26,79.1,366,1418,29.04
2101133,6,1,0,1,1,1,30.82,57.74,2.25,1.14,128.5,473,1439,46.62
2101083,6,1,0,1,1,0,33.01,50.46,2.44,1.38,85.5,406,1344,39.8
2101099,6,2,0,1,1,1,29.91,63.35,2.51,3.22,113.2,470,1405,53.27
2101048,2,1,0,0,0,1,31.66,76.83,3.43,1.62,126.4,411,1333,40.39
2101127,2,1,0,0,0,1,32.92,78.51,3.53,0.29,123.8,373,1315,33.05
2101190,5,0,1,1,1,1,30.61,61.48,1.59,0.0,110.4,450,1371,27.51
2101071,0,1,0,0,0,1,30.9,78.71,1.62,1.15,151.8,509,1347,27.46
2101014,0,2,0,0,0,1,30.86,41.21,2.51,0.45,89.6,494,1353,47.19
2101141,2,1,0,0,0,0,25.77,40.23,2.76,1.69,78.5,407,1333,29.88
2101041,2,0,0,0,0,0,25.7,42.56,2.43,0.5,69.3,375,1360,19.31
2101139,3,1,0,0,0,1,33.57,59.88,3.71,1.32,113.3,391,1421,26.82
2101132,2,2,0,0,0,1,32.26,78.99,4.34,0.0,128.4,436,1385,47.12
2101189,1,2,0,0,0,1,26.77,43.93,1.97,0.73,87.8,449,1342,45.31
2101118,2,0,0,0,0,0,26.68,37.48,2.72,0.37,65.5,359,1339,18.2
2101024,0,2,0,0,0,1,30.35,67.34,3.24,5.69,133.2,532,1396,42.26
2101056,6,2,0,1,1,1,28.65,66.71,2.46,0.59,116.5,421,1339,44.17
2101054,5,1,0,1,1,1,31.27,59.22,1.22,0.0,87.0,532,1372,45.43
2101187,2,1,0,0,0,1,32.32,82.85,2.3,0.0,138.5,343,1356,31.7
2101172,3,0,1,0,1,1,33.36,67.57,3.99,0.0,104.7,547,1427,25.5
2101082,6,0,0,1,1,1,28.45,62.52,3.31,0.21,109.4,428,1395,37.14
2101175,6,2,0,1,1,0,29.71,55.05,3.71,0.0,99.6,490,1439,51.52
2101119,0,0,0,0,0,1,30.88,68.96,3.58,8.9,118.0,494,1356,19.28
2101063,2,1,0,0,0,0,26.79,47.77,2.08,0.6,70.3,446,1380,43.27
2101019,1,2,1,0,0,1,28.38,45.6,2.39,0.8,86.1,422,1387,51.71
2101182,1,2,1,0,0,1,33.81,77.86,2.2,1.62,115.5,487,1317,41.85
2101178,1,0,0,0,0,1,27.62,48.56,2.2,0.44,101.5,464,1419,17.32
2101149,5,0,1,1,1,1,31.52,62.86,1.26,0.57,105.7,479,1415,28.3
2101021,5,0,0,1,1,1,28.75,53.6,2.62,1.71,89.0,446,1431,19.33
2101111,2,2,0,0,0,1,30.58,75.14,2.64,0.36,134.5,471,1435,43.19
2101079,2,0,0,0,0,1,31.68,75.01,2.53,1.06,127.2,482,1346,15.59
2101136,2,0,0,0,0,0,26.45,43.46,2.22,0.0,75.4,444,1318,19.04
2101177,3,1,0,0,1,1,26.2,55.16,2.3,0.0,75.8,464,1432,39.95
2101107,5,1,1,1,1,1,29.92,58.03,2.94,0.07,91.4,439,1310,43.97
2101189,0,0,0,0,0,1,28.58,45.64,3.33,0.88,100.4,475,1365,23.61
2101039,5,0,1,1,1,1,31.33,61.39,2.11,1.08,96.6,448,1434,29.44
